date,username,to,replies,retweets,favorites,text,geo,mentions,hashtags,id,permalink
2020-01-14 21:01:00,RobbieTexan,,2,0,0,"@CVSHealth My son's medication ""Cotempla"" is the ONLY medication that is working for his autism; yes we've tried them all. But guess what. CVS Caremark doesn't cover it. You know how much it will cost us out of pocket a month??? Pretty darn close to $500. Don't suggest alternates",,@CVSHealth,,1217189897196441603,https://twitter.com/RobbieTexan/status/1217189897196441603
2020-01-06 21:03:43,RxDrugCoalition,,1,0,0,"A new high in the onslaught of drug price hikes: Neos Therapeutics raised the price of Cotempla XR, which treats ADHD and narcolepsy, by more than 13%. https://www.cbsnews.com/news/big-pharma-companies-raised-prices-on-more-than-400-drugs-to-start-2020/ #drugprices",,,#drugprices,1214291479780380673,https://twitter.com/RxDrugCoalition/status/1214291479780380673
2019-10-20 18:48:19,C_M_Hoffman,C_M_Hoffman,0,0,0,"Most get either Amphetamine-based (Adzenys, Dexedrine, Dyanavel, Evekeo, ProCentra, VYVANSE, Zenzedi) OR Methylphenidate-based (Aptensio, CONCERTA, Cotempla, Daytrana, Metadate, Methylin, QuilliChew, Quillivant, Ritalin) The ones in all caps I know friends have used effectively.",,,,1185991151746203658,https://twitter.com/C_M_Hoffman/status/1185991151746203658
2019-08-03 20:04:49,JerseyGirlsOne,pickerbubba,0,0,2,"You don’t know how right you are...one of the biggest threats 2 this country is the prevalence of Ritalin type drugs Daytrana, Quillivant XR, Aptensio XR, Metadate ER, QuilliChew ER, Cotempla XR-ODT, Concerta, Methylin and SSRI’s like Prozac, etc.",,,,1157744150055284736,https://twitter.com/JerseyGirlsOne/status/1157744150055284736
2019-07-20 04:05:37,sethb_36,PharmersOnly,0,0,1,"I had a doc that refused to write a script for more than a week supply of a new start Cotempla patient because of the new opioid law had them scared. I had to break a box of that crap.",,,,1152429327407099905,https://twitter.com/sethb_36/status/1152429327407099905
2019-06-30 06:08:05,GinaPera,JVWilsonMD,2,0,0,"Thanks for the validation. That’s what I’ve been suggesting, too...trying the new RX with savings programs. Are you finding that most of your patients do as well with Cotempla as Concerta? Tx",,,,1145212389865820161,https://twitter.com/GinaPera/status/1145212389865820161
2019-06-29 16:26:40,JVWilsonMD,pediatricskc,1,0,2,"I’ve switched over to Cotempla for a number of patients due to this issue. They have decent coupon cards, and with prior-auths typically have similar coverage to Concerta.",,,,1145005675959005184,https://twitter.com/JVWilsonMD/status/1145005675959005184
2019-05-23 13:23:14,BASlCBELLA,,0,0,0,"me when i don’t take my cotempla: migraine! me when i do take my cotempla: nausea, shaking, panicky thoughts, jumping off the walls, no appetite, not even more focused",,,,1131551160383488001,https://twitter.com/BASlCBELLA/status/1131551160383488001
2019-03-20 17:09:36,DriveMe2AFrenzy,,1,0,0,"Lol @the optics of the pharmacist telling me that you shouldn't take xanax, cotempla &amp; percocet all at the same time while I'm in my sweatpants holding candy and doritos",,,,1108415305724973056,https://twitter.com/DriveMe2AFrenzy/status/1108415305724973056
2019-03-13 03:30:46,SarahCheyetteMD,,0,0,0,"There are a lot of new medications for ADHD out there. If you choose medication, which one will be right for you? #ADHD #medication #Ritalin #Adderall #Vyvanse #Adzenys #Cotempla @ADDitudeMag",,@ADDitudeMag,#ADHD #medication #Ritalin #Adderall #Vyvanse #Adzenys #Cotempla,1105672522068946944,https://twitter.com/SarahCheyetteMD/status/1105672522068946944
2019-03-09 01:49:52,DriveMe2AFrenzy,,1,0,0,"A .5mg xanax and a cotempla is such a weak speedball it's like eating a turkey with some coffee",,,,1104197577141035008,https://twitter.com/DriveMe2AFrenzy/status/1104197577141035008
2019-01-13 19:00:17,GRRLaw,,0,0,0,"Teva and Neos settle over Cotempla patent dispute https://buff.ly/2EMrfKm #IPnews #IPlaw #intellectualproperty #Teva #patentlaw",,,#IPnews #IPlaw #intellectualproperty #Teva #patentlaw,1084525559630233603,https://twitter.com/GRRLaw/status/1084525559630233603
2018-12-31 20:31:01,DarshanTalks,,0,0,0,"Teva and Neos settle over Cotempla patent dispute https://pharmaphorum.com/news/teva-and-neos-settle-over-cotempla-patent-dispute/",,,,1079837349801021441,https://twitter.com/DarshanTalks/status/1079837349801021441
2018-12-29 06:37:59,mastersrock222,,0,0,0,"#Teva and Neos settle over Cotempla patent dispute ",,,#Teva,1078902933763383296,https://twitter.com/mastersrock222/status/1078902933763383296
2018-12-28 12:38:33,cafepharma,,0,0,1,"Teva and Neos settle over Cotempla patent dispute: Teva and Neos Therapeutics have reached a confidential settlement and licensing agreement that resolves a patent dispute over the Israeli firm’s generic version of Neos’ ADHD drug Cotempla XR-ODT… http://dlvr.it/QvWgQS",,,,1078631289022902273,https://twitter.com/cafepharma/status/1078631289022902273
2018-12-27 15:36:57,pharmaphorum,,0,0,0,"Teva and Neos settle over Cotempla patent dispute: https://bit.ly/2Al0dqx #pharmanews",,,#pharmanews,1078313795309715456,https://twitter.com/pharmaphorum/status/1078313795309715456
2018-12-27 15:08:44,techsonIP,,0,0,1,"Neos Therapeutics Announces Settlement with Teva on Cotempla XR-ODT Patent Litigation ",,,,1078306694680231936,https://twitter.com/techsonIP/status/1078306694680231936
2018-12-27 11:19:52,Calcalistech,,0,0,0,"The agreement will enable Teva to manufacture and sell a generic version of Neos’ ADHD drug Cotempla as of 2026 ",,,,1078249097948250112,https://twitter.com/Calcalistech/status/1078249097948250112
2018-12-27 09:31:31,financialbuzz,,0,0,0,"Neos Therapeutics Announces Settlement with Teva on Cotempla XR-ODT® Patent Litigation http://financialbuzz.com/neos-therapeutics-announces-settlement-with-teva-on-cotempla-xr-odt-patent-litigation-1270864",,,,1078221832635871232,https://twitter.com/financialbuzz/status/1078221832635871232
2018-12-27 08:51:53,CavaggioniMario,,0,1,1,"Another good new for Teva: Neos Therapeutics has announced that it has reached an agreement w/ Teva to put an end to the patent disputes over Cotempla. Under the agreement, Teva will be allowed to mkt a generic version of the drug from 2026 or earlier under certain circumstances",,,,1078211856454639616,https://twitter.com/CavaggioniMario/status/1078211856454639616
2018-12-27 00:07:36,ipmallipnews,,0,0,0,"Neos Therapeutics Announces Settlement with Teva on Cotempla XR-ODT® Patent Litigation - P&amp;T Community (0 visits) http://dlvr.it/QvQQmr",,,,1078079915130417152,https://twitter.com/ipmallipnews/status/1078079915130417152
2018-12-26 19:20:13,ChronLaw,,0,0,0,"Neos Therapeutics (NEOS) Announces Settlement with Teva (TEVA) on Cotempla XR-ODT Patent Litigation - http://StreetInsider.com http://chronlaw.com/neos-therapeutics-neos-announces-settlement-with-teva-teva-on-cotempla-xr-odt-patent-litigation-streetinsider-com/",,,,1078007594206351362,https://twitter.com/ChronLaw/status/1078007594206351362
2018-12-26 16:54:40,techsonIP,,0,0,1,"Neos Therapeutics Announces Settlement with Teva on Cotempla XR-ODT® Patent Litigation ",,,,1077970965081063426,https://twitter.com/techsonIP/status/1077970965081063426
2018-12-26 16:40:51,zkwmi,,0,0,0,"$TEVA market cap is up $500 million on the Cotempla lawsuit resolution? Why is $NEOS market cap under $100 million if the drug has that kind value?",,,,1077967488128675840,https://twitter.com/zkwmi/status/1077967488128675840
2018-12-26 16:08:16,theLDMicro,,0,0,1,"Neos Therapeutics ($NEOS, -8%) Announces Settlement with Teva on Cotempla XR-ODT® Patent Litigation ",,,,1077959289132716032,https://twitter.com/theLDMicro/status/1077959289132716032
2018-12-26 14:04:04,StockNewsNow,,0,0,0,"$NEOS Neos Therapeutics Announces Settlement with Teva on Cotempla XR-ODT® Patent Litigation https://stocknewsnow.com/companynews/8760177632125296/NEOS/101843",,,,1077928031421755394,https://twitter.com/StockNewsNow/status/1077928031421755394
2018-12-26 13:22:21,NASDAQODUK,,0,0,0,"$NEOS Neos Therapeutics Announces Settlement With Teva On Cotempla XR-ODT Patent Litigation (Healthcare)",,,,1077917535775924224,https://twitter.com/NASDAQODUK/status/1077917535775924224
2018-12-26 13:16:44,FN_en,,0,0,0,"Neos Reaches Settlement With Teva On Cotempla XR-ODT Patent Litigation https://www.finanznachrichten.de/nachrichten-2018-12/45597105-neos-reaches-settlement-with-teva-on-cotempla-xr-odt-patent-litigation-020.htm",,,,1077916121595080710,https://twitter.com/FN_en/status/1077916121595080710
2018-12-26 12:58:02,ProTradersNews,,0,0,0,"$NEOS: Neos Therapeutics Announces Settlement with Teva on Cotempla …: https://www.StockNewsWires.com/neos-neos-therapeutics-announces-settlement-with-teva-on-cotempla/",,,,1077911412792586240,https://twitter.com/ProTradersNews/status/1077911412792586240
2018-12-26 12:51:39,NordEkoNorge,,0,0,0,"Neos Therapeutics Announces Settlement with Teva on Cotempla XR-ODT® Patent Litigation...",,,,1077909808446091264,https://twitter.com/NordEkoNorge/status/1077909808446091264
2018-12-26 12:45:05,CrweWorld,,0,0,0,"Neos Therapeutics Announces Settlement with Teva on Cotempla XR-ODT® Patent Litigation http://crweworld.com/article/news-provided-by-globenewswire/921933/neos-therapeutics-announces-settlement-with-teva-on-cotempla-xr-odt-patent-litigation",,,,1077908153692372992,https://twitter.com/CrweWorld/status/1077908153692372992
2018-12-26 12:41:05,patesalo_e,,0,0,0,"Neos Therapeutics Announces Settlement with Teva on Cotempla XR-ODT® Patent Litigation - GlobeNewswire ",,,,1077907150276444160,https://twitter.com/patesalo_e/status/1077907150276444160
2018-12-26 12:30:22,StockTexts,,0,0,0,"$NEOS Neos Therapeutics Announces Settlement with Teva on Cotempla XR-ODT® Patent Litigation Nasdaq:NEOS http://www.globenewswire.com/news-release/2018/12/26/1678225/0/en/Neos-Therapeutics-Announces-Settlement-with-Teva-on-Cotempla-XR-ODT-Patent-Litigation.html",,,,1077904451749494784,https://twitter.com/StockTexts/status/1077904451749494784
2018-12-09 02:49:04,cornersaturgay,,0,0,0,"Got an early prescription for my ADHD you know that means, now selling 25mg tablets of Cotempla for $5 a piece DM for details",,,,1071597567379677187,https://twitter.com/cornersaturgay/status/1071597567379677187
2018-12-08 23:36:23,brit326,davideportcity,1,0,0,"Mine takes cotempla and it is wearing off about 20 minutes after he gets home. So it lasts about the school day. I've been pretty happy with it and as it got in his system he was able to eat normal. It's a chewable if you want &amp; for younger kids to and it tastes like grape.",,,,1071549079585460227,https://twitter.com/brit326/status/1071549079585460227
2018-10-30 21:40:47,mic_kae,yamkela_yang,0,0,0,"They are called cotempla XR",,,,1057386861738496000,https://twitter.com/mic_kae/status/1057386861738496000
2018-10-14 03:24:38,adhdmomma,,0,0,0,"A Mom would like to hear about experiences with Cotempla: ""Has anyone tried Cotempla? After 12 years on Concerta (and/or the ""good"" generic), our insurance won't cover 2 pills a day (he's... https://www.facebook.com/permalink.php?story_fbid=10156465369966368&amp;id=332564961367",,,,1051312800591740928,https://twitter.com/adhdmomma/status/1051312800591740928
2018-09-19 12:52:04,BenjiMax2,investmentorr,1,0,0,"Spoke to insiders. The rebate programs will weaken to industry standards by Q1 19. Cotempla the new product will not get as big rebates as Adzenys to begin with. Also the 12m marketing expense will reduce from here.",,,,1042395901971628032,https://twitter.com/BenjiMax2/status/1042395901971628032
2018-09-18 16:21:23,BenjiMax2,investmentorr,2,0,0,"Its not. That’s exactly what they project. You quote their worst quarter. ADHD is seasonal as you know. Meanwhile they just added Cotempla. They expect to be cash flow positive within next 3 quarters. No capital raise needed. Please do your homework. Hugely undervalued",,,,1042086190768431104,https://twitter.com/BenjiMax2/status/1042086190768431104
2018-09-14 21:16:44,pilkhawk,,0,0,0,"Cotempla XR??? Want drug prices to come down? Stop approving stuff like this @US_FDA",,@US_FDA,,1040710966684659712,https://twitter.com/pilkhawk/status/1040710966684659712
2018-09-12 23:47:04,Gwenda,kohquette,1,0,1,"Ugh I’m so sorry. C’s person switched him to something new called Cotempla that he gets for $25 with a coupon and it’s been great, if that’s an option.",,,,1040024023751639040,https://twitter.com/Gwenda/status/1040024023751639040
2018-08-26 01:37:09,trulylovelee,,0,0,0,"Any other #adhd mom's have a kiddo on #cotempla?",,,#adhd #cotempla,1033528744831590401,https://twitter.com/trulylovelee/status/1033528744831590401
2018-08-12 21:10:14,semodough,,2,3,4,"$NEOS reported Q2 results, which continued to demonstrate steady progress. Adenzys XR sales reached $6.5MM (+55% Y/Y), while Cotempla XR achieved quarterly sales of $4.3MM. Importantly, Neos exited Q2 with roughly $28.0MM in cash",,,,1028750532704460800,https://twitter.com/semodough/status/1028750532704460800
2018-06-29 04:54:39,strongest_human,PicoSheep,0,0,1,"In the end I take Ritalin LA and an additional booster of regular ritalin at the end. I tried Cotempla a few months back, it didn't work well for me. For me, methylphenidates are what my body responds to best. They are not perfect. I am on a high dosage, but it works for me.",,,,1012559950327971840,https://twitter.com/strongest_human/status/1012559950327971840
2018-04-27 04:33:23,marisa_biazzo,,0,0,0,"Took cotempla and drank an icee and I feel like my heart is gonna explode #ADDproblems",,,#ADDproblems,989724162783461376,https://twitter.com/marisa_biazzo/status/989724162783461376
2018-04-02 01:36:27,Mb1Jen,markwwilsonmd,1,0,1,"While we are really missing Quillivant, Cotempla is working for my son. He couldn’t do any other pill/liquid option. Grape flavored. Dissolves quickly.",,,,980619942402945024,https://twitter.com/Mb1Jen/status/980619942402945024
2018-03-21 04:19:17,markwwilsonmd,candle1966,1,0,0,"Cotempla release mimics Ritalin LA/Focalin XR in the graph I saw, so I suspect it will last 8 hours, perhaps longer (looks like peaks are higher and may outlast the two caps). Whenever Daytrana is pulled off, it lasts another 3 hours so one could pull of at 5 hours to make it an",,,,976312263987617792,https://twitter.com/markwwilsonmd/status/976312263987617792
2018-03-21 03:34:48,candle1966,markwwilsonmd,1,0,0,"CoTempla and Adzenys both promise 12 hours but I’m honestly not having such luck...which is why I will stir the Vyvanse in whatever they want!",,,,976301069075546113,https://twitter.com/candle1966/status/976301069075546113
2018-03-21 03:30:06,markwwilsonmd,candle1966,2,0,0,"I've never seen Focalin XR give more than 8 hours. The problem with folks with sensory issues is that most or all of the beaded caps taste bad or weird to them (too bumpy or grainy). And if you can't swallow caps yet, you're out of luck. That's why I'm trying Cotempla, which",,,,976299886264991744,https://twitter.com/markwwilsonmd/status/976299886264991744
2018-03-20 23:19:29,markwwilsonmd,,7,0,0,"Does anyone have experience with Cotempla XR? I have a veeeeery sensory sensitive 4th grader who I may need to use this with (Quillichew, already a tenuous situation taste-wise, is having manufacturing problems, and she hates caps that sprinkle; not sure about Daytrana yet).",,,,976236817929383939,https://twitter.com/markwwilsonmd/status/976236817929383939
2018-03-01 10:36:11,Benjami17015275,CB618444,1,2,3,"How Many Of These Young Communists Like Hogg Are On Concerta, Daytrana, Methylin, Ritalin, Ritalin LA, Metadate ER, Aptensio XR, Cotempla XR-ODT, QuilliChew ER, and Quillivant XR. We Want To Know. #NRA #GunControl #HoggWash #KoolAid #LiberalismIsAMentalDisorder",,,#NRA #GunControl #HoggWash #KoolAid #LiberalismIsAMentalDisorder,969159358759276544,https://twitter.com/Benjami17015275/status/969159358759276544
2018-02-24 20:03:13,Mb1Jen,Sith_Nurse,1,0,0,"After a month of being unmedicated, we had to do something. We switched to Cotempla. It’s a methylphenidate dissolving tablet- extended release. I miss the Quillivant but had to act.",,,,967490115508555777,https://twitter.com/Mb1Jen/status/967490115508555777
2018-02-01 05:12:13,amplia2mente,,0,0,0,"Cotempla XR ODT (Methylphenidate Extended-Release Orally Disintegrating Tablets) - updated on RxList ",,,,958930967871344640,https://twitter.com/amplia2mente/status/958930967871344640
2018-01-23 15:23:27,StckMrktNws,,0,0,0,"Neos Therapeutics: Cotempla Off To A Strong Start [0.08]: https://stckmrktnws.com/neos_therapeutics_cotempla_off_to_a_strong_start/",,,,955823299086385160,https://twitter.com/StckMrktNws/status/955823299086385160
2018-01-23 14:47:33,BiotecResearch,,0,0,0,"Neos Therapeutics: Cotempla Off To A Strong Start - Seeking Alpha http://dlvr.it/QCQ5tP",,,,955814265666945024,https://twitter.com/BiotecResearch/status/955814265666945024
2018-01-23 14:01:13,hisprideblog1,,0,0,0,"Neos Therapeutics: Cotempla Off To A Strong Start: The post Neos… https://goo.gl/fb/A8NZGL #Hisprideblog",,,#Hisprideblog,955802606378430464,https://twitter.com/hisprideblog1/status/955802606378430464
2018-01-17 14:07:26,clarklsn2001,clarklsn2001,0,0,1,"$neos on watch for takeover interest, Cotempla uptake progressing on Pfizer’s missteps of Quillivant. Adzenys gaining share as well.",,,,953629841525526528,https://twitter.com/clarklsn2001/status/953629841525526528
2018-01-10 18:23:05,marisa_biazzo,,0,0,0,"*Takes 3 Cotempla* Mom @1:21PM: Are u awake ????????",,,,951157461343449089,https://twitter.com/marisa_biazzo/status/951157461343449089
2017-12-15 12:44:19,trulylovelee,,0,0,1,"Son has been on #cotempla a couple of weeks now...I like it a lot better vs. #ritalin for #adhd..but it just doesn't seem like it's 24hrs as the dr says. I'm thinking more 8/12 hrs..bc he cuts up still towards the end of the day...sigh..hopefully I can do some research today.",,,#cotempla #ritalin #adhd,941650126208163840,https://twitter.com/trulylovelee/status/941650126208163840
2017-11-07 14:00:09,MedicalLetter,,0,0,0,"Cotempla XR-ODT - Another Long-Acting Methylphenidate for #ADHD: http://bit.ly/2hwCsm9",,,#ADHD,927898468399636481,https://twitter.com/MedicalLetter/status/927898468399636481
2017-11-05 16:00:03,MedicalLetter,,0,1,0,"ICYMI: Read our latest issue--Tremfya for #Psoriasis, Radicava for #ALS, Duzallo for #Gout, Cotempla for #ADHD, more http://bit.ly/2iikKlE",,,#Psoriasis #ALS #Gout #ADHD,927203870077530115,https://twitter.com/MedicalLetter/status/927203870077530115
2017-11-03 14:24:19,chiragontwtr,rajramaswamy,0,0,0,"$TEVA already knocking doors with generic version of Cotempla XR... Patents doesn't look as strong as likes of $SUPN has $NEOS",,,,926455001806880768,https://twitter.com/chiragontwtr/status/926455001806880768
2017-11-01 13:00:11,MedicalLetter,,0,1,0,"Read our latest issue: Tremfya for #Psoriasis, Radicava for #ALS, Duzallo for #Gout, Cotempla for #ADHD, more http://bit.ly/2iikKlE",,,#Psoriasis #ALS #Gout #ADHD,925709052222599168,https://twitter.com/MedicalLetter/status/925709052222599168
2017-10-06 09:23:48,hlthnews,,0,0,1,"Neos Therapeutics introduces Cotempla XR-ODT tablets in US market to treat ADHD in patients 6 to 17 years old http://www.pharmabiz.com/NewsDetails.aspx?aid=104623&amp;sid=2",,,,916232512946323456,https://twitter.com/hlthnews/status/916232512946323456
2017-10-03 13:26:41,tmcdonnell,,0,0,1,"Neos Therapeutics Announces US Launch of Cotempla XR-ODT™ (methylphenidate) Extended-Release Orally Disintegrating T…",,,,915206474795831296,https://twitter.com/tmcdonnell/status/915206474795831296
2017-10-02 13:46:34,financialbuzz,,0,0,0,"Neos Therapeutics Announces US Launch of Cotempla XR-ODT™ (methylphenidate) Extended-Release Orally Disintegra.. http://financialbuzz.com/neos-therapeutics-announces-us-launch-of-cotempla-xr-odt-methylphenidate-extended-release-orally-disintegrating-tablets-for-the-treatment-of-adhd-in-patients-to-years-old-890224",,,,914849089786830848,https://twitter.com/financialbuzz/status/914849089786830848
2017-10-02 13:06:18,StockNewsNow,,0,0,0,"$NEOS Neos Therapeutics Announces US Launch of Cotempla XR-ODT™ (methylphenidate) Extended-Release Orally... https://stocknewsnow.com/companynews/5295857431511653/NEOS/101843",,,,914838956742672384,https://twitter.com/StockNewsNow/status/914838956742672384
2017-10-02 12:11:08,newswelldone,,0,0,0,"$NEOS: Neos Therapeutics Announces US Launch of Cotempla XR-ODT …: http://www.StockNewsWires.com/neos-neos-therapeutics-announces-us-launch-of-cotempla-xr-odt/",,,,914825071880835072,https://twitter.com/newswelldone/status/914825071880835072
2017-10-02 12:06:18,stockboardinc,,0,0,0,"$NEOS Neos Therapeutics Announces US Launch of Cotempla XR-ODT™ (methylphenidate) Extended-Release Orall... - http://sbml.co/ae586345",,,,914823856031961088,https://twitter.com/stockboardinc/status/914823856031961088
2017-10-02 12:05:16,BioStocks,,0,2,3,"$NEOS Announces US Launch of Cotempla for the Treatment of ADHD in Patients 6 to 17 Years Old",,,,914823594328326144,https://twitter.com/BioStocks/status/914823594328326144
2017-10-02 12:04:31,odibro,,0,2,0,"$NEOS Announces US Launch of Cotempla XR-ODT™ for the Treatment of ADHD in Patients 6 to 17 Years Old",,,,914823406230605825,https://twitter.com/odibro/status/914823406230605825
2017-10-02 12:03:27,NewsFromSPI,,0,0,0,"Neos Therapeutics Announces US Launch of Cotempla XR-ODT™ (methylphenidate) Extended-Release Orally... http://ow.ly/pncK100OlVi",,,,914823140014018561,https://twitter.com/NewsFromSPI/status/914823140014018561
2017-09-14 17:15:26,OrbisBio,,0,0,0,"Neos Therapeutics introduces Cotempla XR-ODT ER tablets to treat #ADHD in patients 6 to 17 years old | Pharmabiz http://ow.ly/rhbc30f2bNb",,,#ADHD,908378669890064386,https://twitter.com/OrbisBio/status/908378669890064386
2017-09-14 13:30:09,epocrates,,0,0,0,"New Epocrates monograph this week: Cotempla XR-ODT (methylphenidate), approved for ADHD http://bit.ly/2x1FHbJ",,,,908321974191050753,https://twitter.com/epocrates/status/908321974191050753
2017-09-11 16:52:06,addboymike,,0,0,0,"Cotempla XR-ODT Available for Pediatric ADHD http://goo.gl/alerts/zGRDQ #GoogleAlerts Addboy Blog &amp; eBooks - http://addsolutionscenter.blogspot.com/",,,#GoogleAlerts,907285635232186369,https://twitter.com/addboymike/status/907285635232186369
2017-09-10 06:41:16,hlthnews,,0,0,0,"Neos Therapeutics introduces Cotempla XR-ODT ER tablets to treat ADHD in patients 6 to 17 years old http://ow.ly/P6Tt30f2BMj",,,,906769525382766592,https://twitter.com/hlthnews/status/906769525382766592
2017-09-09 10:03:54,pharma_sector,,0,0,0,"BRIEF-#NeosTherapeutics announces launch of Cotempla XR-OD extended-release orally disinteg... Read more: http://owler.us/adfWU8 $NEOS",,,#NeosTherapeutics,906458130996895745,https://twitter.com/pharma_sector/status/906458130996895745
2017-09-08 23:52:10,biotech_sector,,0,0,0,"BRIEF-#NeosTherapeutics announces launch of Cotempla XR-OD extended-release orally disinteg... Read more: http://owler.us/adfWUU $NEOS",,,#NeosTherapeutics,906304184890253312,https://twitter.com/biotech_sector/status/906304184890253312
2017-09-08 22:55:40,pharma_sector,,0,0,0,"#NeosTherapeutics Announces Launch Of Cotempla XR-ODT (Methylphenidate) Extended-Release Or... Read more: http://owler.us/adfZga $NEOS",,,#NeosTherapeutics,906289964920389633,https://twitter.com/pharma_sector/status/906289964920389633
2017-09-08 22:55:40,biotech_sector,,0,0,0,"#NeosTherapeutics Announces Launch Of Cotempla XR-ODT (Methylphenidate) Extended-Release Or... Read more: http://owler.us/adfZfT $NEOS",,,#NeosTherapeutics,906289964127621120,https://twitter.com/biotech_sector/status/906289964127621120
2017-09-08 22:55:02,pharma_sector,,0,0,0,"#NeosTherapeutics Announces Launch Of Cotempla XR-ODT (Methylphenidate) Extended-Release O... Read more: http://owler.us/adfZge $NEOS",,,#NeosTherapeutics,906289807361359873,https://twitter.com/pharma_sector/status/906289807361359873
2017-09-08 22:55:02,biotech_sector,,0,0,0,"#NeosTherapeutics Announces Launch Of Cotempla XR-ODT (Methylphenidate) Extended-Release O... Read more: http://owler.us/adfZfU $NEOS",,,#NeosTherapeutics,906289805188784129,https://twitter.com/biotech_sector/status/906289805188784129
2017-09-07 12:57:48,tmcdonnell,,0,1,0,"Neos Therapeutics Announces Launch of Cotempla XR-ODT™ (methylphenidate) Extended-Release Orally Disintegrating Tabl…",,,,905777121712369664,https://twitter.com/tmcdonnell/status/905777121712369664
2017-09-05 19:23:10,geuceyhophead,,0,0,0,"$NEOS took some profits on 500 shares with the Cotempla XR-ODT launch news",,,,905149324086128642,https://twitter.com/geuceyhophead/status/905149324086128642
2017-09-05 16:12:00,StockNewsNow,,0,0,0,"$NEOS Neos Therapeutics Announces Launch of Cotempla XR-ODT™ (methylphenidate) Extended-Release Orally... https://stocknewsnow.com/companynews/6786704363643458/NEOS/101843",,,,905101217168322561,https://twitter.com/StockNewsNow/status/905101217168322561
2017-09-05 15:30:52,stockboardinc,,0,0,0,"$NEOS Neos Therapeutics Announces Launch of Cotempla XR-ODT™ (methylphenidate) Extended-Release Orally D... - http://sbml.co/5dbff782",,,,905090863667269634,https://twitter.com/stockboardinc/status/905090863667269634
2017-09-05 12:32:16,lifeoncoin,,0,0,0,"""BRIEF-Neos Therapeutics announces launch of Cotempla XR-OD extended-release orally disintegrating tablets for tre… ",,,,905045916578705408,https://twitter.com/lifeoncoin/status/905045916578705408
2017-09-05 12:31:23,NTKRNow,,0,0,0,"BRIEF-Neos Therapeutics announces launch of Cotempla XR-OD extended-release orally disintegrating tablets for trea… http://ift.tt/2iZBkdS",,,,905045693840195584,https://twitter.com/NTKRNow/status/905045693840195584
2017-09-05 12:29:41,beeznescom,,0,0,0,"BRIEF-Neos Therapeutics announces launch of Cotempla XR-OD extended-release orally disintegrating tablets for treatment of ADHD …",,,,905045266121752580,https://twitter.com/beeznescom/status/905045266121752580
2017-09-05 12:27:21,nycsocialg,,0,0,0,"BRIEF-Neos Therapeutics announces launch of Cotempla XR-OD extended-release orally disintegrating tablets for treatment of ADHD ",,,,905044680223727616,https://twitter.com/nycsocialg/status/905044680223727616
2017-09-05 12:11:07,ProTradersNews,,0,0,0,"$NEOS: Neos Therapeutics Announces Launch of Cotempla XR-ODT …: http://www.StockNewsWires.com/neos-neos-therapeutics-announces-launch-of-cotempla-xr-odt/",,,,905040594476589056,https://twitter.com/ProTradersNews/status/905040594476589056
2017-09-05 12:07:08,BioStocks,,0,0,1,"$NEOS Launches Cotempla XR-ODT for the Treatment of ADHD",,,,905039594844028928,https://twitter.com/BioStocks/status/905039594844028928
2017-09-05 12:05:37,odibro,,0,3,5,"$NEOS Announces Launch of Cotempla XR-ODT™ Extended-Release Orally Disintegrating Tablets for the Treatment of ADHD in Patients 6 to 17 YO",,,,905039212885532672,https://twitter.com/odibro/status/905039212885532672
2017-08-01 01:40:23,calgarycraig20,calgarycraig20,0,0,0,"$NEOS with Cotempla XR-ODT approval in June has both methylphenidate and amphetamine alternate dose formulations for ADHD treatment.",,,,892198291613429760,https://twitter.com/calgarycraig20/status/892198291613429760
2017-07-13 18:06:25,Pharmdca,JMac_SI,0,0,6,"Good launch of Adzenys odt 75320 rx numbers filled by april 17 now 2nd approval of cotempla odt (methylphenidate) launch this year. $neos",,,,885561065169272832,https://twitter.com/Pharmdca/status/885561065169272832
2017-07-10 22:47:19,h_c_services,,0,0,0,"#GoodRx FDA Approves Cotempla XR For ADHD. Read Blog: http://owler.us/ac1a3I",,,#GoodRx,884544590371409922,https://twitter.com/h_c_services/status/884544590371409922
2017-07-06 22:51:46,h_c_services,,0,0,0,"#GoodRx FDA Approves Cotempla XR For ADHD. Read Blog: http://owler.us/acZifU",,,#GoodRx,883096158733705217,https://twitter.com/h_c_services/status/883096158733705217
2017-06-30 18:04:05,ProSynapses,,0,0,0,"Cotempla XR ODT (Methylphenidate Extended-Release Orally Disintegrating Tablets): Side Effects, Interactions,… http://dlvr.it/PRHKGw",,,,880849437270056961,https://twitter.com/ProSynapses/status/880849437270056961
2017-06-30 04:11:29,amplia2mente,,0,1,0,"Cotempla XR ODT (Methylphenidate Extended-Release Orally Disintegrating Tablets) - new on RxList ",,,,880639905457635332,https://twitter.com/amplia2mente/status/880639905457635332
2017-06-29 00:30:18,LS_Medical,,0,0,0,"Missed Them? #FDA drug approvals/changes as of Wednesday, June 21: #Cotempla, #Mydayis, #Tafinlar and others: http://ht.ly/RyKC308yQbB",,,#FDA #Cotempla #Mydayis #Tafinlar,880221856464326658,https://twitter.com/LS_Medical/status/880221856464326658
2017-06-23 03:34:45,drstilwell,,0,1,2,"Another new #ADHD med: Cotempla XR-ODT, a methylphenidate extended-release orally disintegrating tablet approved by FDA.",,,#ADHD,878093943841460225,https://twitter.com/drstilwell/status/878093943841460225
2017-06-23 00:38:03,adhdchasllc,,0,0,0,"RT: ADDitudeMag @ADDitudeMag Available Fall 2017: Cotempla XR-ODT for ADHD..methylphenidate-based extended-release orally disintegrating! ",,@ADDitudeMag,,878049476824268800,https://twitter.com/adhdchasllc/status/878049476824268800
2017-06-22 16:30:15,Brian_Uberig,,0,0,0,"FDA OKs Neos Therapeutics’ ADHD med Cotempla XR-ODT; shares ahead 5% premarket - NEOS | Seeking Alpha http://ow.ly/IrQc30cOsUP",,,,877926717792374784,https://twitter.com/Brian_Uberig/status/877926717792374784
2017-06-22 13:27:15,siriusmaccess,,0,1,1,"2 ADHD drugs win #FDA nod: Shire’s long-acting Mydayis http://bit.ly/2tRpm6G, Neos' orally-disintegrating Cotempla http://bit.ly/2sRA1RW",,,#FDA,877880665815093248,https://twitter.com/siriusmaccess/status/877880665815093248
2017-06-22 13:03:40,sales_js,,0,0,0,"Neos Therapeutics Says ADHD Drug Cotempla XR-ODT Gets FDA Approval http://www.nasdaq.com/article/neos-therapeutics-says-adhd-drug-cotempla-xrodt-gets-fda-approval-20170620-00013 via @Nasdaq",,@Nasdaq,,877874732108042241,https://twitter.com/sales_js/status/877874732108042241
2017-06-22 13:00:55,sales_js,,0,0,0,"Neos Therapeutics Says ADHD Drug Cotempla XR-ODT Gets FDA Approval http://www.nasdaq.com/article/neos-therapeutics-says-adhd-drug-cotempla-xrodt-gets-fda-approval-20170620-00013 via @Nasdaq",,@Nasdaq,,877874036809777152,https://twitter.com/sales_js/status/877874036809777152
2017-06-21 23:00:13,LS_Medical,,0,0,0,"Regulatory News: #FDA drug approvals/changes as of Wednesday, June 21: #Cotempla, #Mydayis, #Tafinlar and others: http://ht.ly/s05B308mbgE",,,#FDA #Cotempla #Mydayis #Tafinlar,877662470810198017,https://twitter.com/LS_Medical/status/877662470810198017
2017-06-21 15:36:34,CartayaGilda,CartayaGilda,0,0,0,"Cotempla XR-ODT is a new methylphenidate option in ADHD management. It is dissolved in the mouth with no need for chewing or drinking water. ",,,,877550820971204609,https://twitter.com/CartayaGilda/status/877550820971204609
2017-06-21 13:35:10,RootsAnalysis,,0,0,0,"Approval given to @NeosTx by @US_FDA for treatment of #ADHD with Cotempla XR-ODT #Tablet . https://goo.gl/CxnffW",,@NeosTx @US_FDA,#ADHD #Tablet,877520269140574209,https://twitter.com/RootsAnalysis/status/877520269140574209
2017-06-21 12:05:21,sales_js,,0,0,0,"Neos Therapeutics Says ADHD Drug Cotempla XR-ODT Gets FDA Approval http://www.nasdaq.com/article/neos-therapeutics-says-adhd-drug-cotempla-xrodt-gets-fda-approval-20170620-00013 via @Nasdaq",,@Nasdaq,,877497665294135296,https://twitter.com/sales_js/status/877497665294135296
2017-06-21 11:06:00,Change_HC,,0,0,0,"FDA approves disintegrating Cotempla tablet for ADHD http://j.mp/2sSNc5d",,,,877482732397395968,https://twitter.com/Change_HC/status/877482732397395968
2017-06-21 05:07:09,DrugscomNew,,0,0,0,"FDA Approves Cotempla XR-ODT (methylphenidate) Extended-Release Orally Disintegrating Tablets for ADHD - ",,,,877392424095670276,https://twitter.com/DrugscomNew/status/877392424095670276
2017-06-21 05:07:09,Drugscom,,0,4,1,"FDA Approves Cotempla XR-ODT (methylphenidate) Extended-Release Orally Disintegrating Tablets for ADHD - http://bit.ly/2sUsfXw",,,,877392422636064768,https://twitter.com/Drugscom/status/877392422636064768
2017-06-21 00:26:22,ayersinc,,0,0,0,"Neos Therapeutics Announces FDA Approval of Cotempla XR-ODT (methylphenidate) Extended… https://goo.gl/fb/hoMxjP",,,,877321760965771270,https://twitter.com/ayersinc/status/877321760965771270
2017-06-21 00:02:22,newmoney210,,0,0,0,"Neos Therapeutics Announces FDA Approval of Cotempla XR-ODT (methylphenidate) Extended… https://goo.gl/fb/tdKy2C",,,,877315723433050112,https://twitter.com/newmoney210/status/877315723433050112
2017-06-20 23:50:32,MaisaCorp,,0,1,0,"$NEOS FDA has approved Cotempla XR-ODT for the treatment of attention-deficit/hyperactivity disorder in patients six to 17 years old",,,,877312745183563777,https://twitter.com/MaisaCorp/status/877312745183563777
2017-06-20 23:42:05,gochujang81,,0,0,0,"Neos Therapeutics Announces FDA Approval of Cotempla XR-ODT (methylphenidate) Extended… https://goo.gl/fb/VLhyyk",,,,877310616943374336,https://twitter.com/gochujang81/status/877310616943374336
2017-06-20 21:56:53,pharma_sector,,0,0,0,"#NeosTherapeutics Announces FDA Approval Of Cotempla XR-ODT Extended-Release Orally Disinte... Read more: http://owler.us/acTwlZ $NEOS",,,#NeosTherapeutics,877284144601939968,https://twitter.com/pharma_sector/status/877284144601939968
2017-06-20 21:48:45,biotech_sector,,0,0,0,"#NeosTherapeutics Announces FDA Approval Of Cotempla XR-ODT Extended-Release Orally Disinte... Read more: http://owler.us/acTwlx $NEOS",,,#NeosTherapeutics,877282096510713856,https://twitter.com/biotech_sector/status/877282096510713856
2017-06-20 21:45:37,pharma_sector,,0,0,0,"#NeosTherapeutics Announces FDA Approval Of Cotempla XR-ODT (Methylphenidate) Extended-Rele... Read more: http://owler.us/acTtVK $NEOS",,,#NeosTherapeutics,877281308409384960,https://twitter.com/pharma_sector/status/877281308409384960
2017-06-20 21:45:37,biotech_sector,,0,0,0,"#NeosTherapeutics Announces FDA Approval Of Cotempla XR-ODT (Methylphenidate) Extended-Rele... Read more: http://owler.us/acTtVF $NEOS",,,#NeosTherapeutics,877281307537035265,https://twitter.com/biotech_sector/status/877281307537035265
2017-06-20 20:33:01,theflynews,,0,2,1,"Cowen says Neos Therapeutics substantially de-risked with Cotempla approval. Here's what to watch: http://bit.ly/2tKXFfM $NEOS",,,,877263038222610432,https://twitter.com/theflynews/status/877263038222610432
2017-06-20 20:22:41,medadnews,,0,0,0,"Neos Therapeutics Announces FDA Approval Of Cotempla XR-ODT http://ow.ly/LwVZ30cKT3C (BioSpace/Globe Newswire)",,,,877260437636698112,https://twitter.com/medadnews/status/877260437636698112
2017-06-20 20:22:41,pharmalive,,0,0,0,"Neos Therapeutics Announces FDA Approval Of Cotempla XR-ODT http://ow.ly/LwVZ30cKT3C (BioSpace/Globe Newswire)",,,,877260437515010049,https://twitter.com/pharmalive/status/877260437515010049
2017-06-20 18:44:54,susanfoofoo,,0,0,1,"$NEOS Neos Therapeutics substantially de-risked with Cotempla approval, says Cowen, $20 price target",,,,877235827666853888,https://twitter.com/susanfoofoo/status/877235827666853888
2017-06-20 16:56:57,MedicosCubanos,,0,1,0,"#FDA approved Cotempla XR-ODT(Neos) new methylphenidate formulation,tx 6-17yo attention-deficit/hyperactivity #ADHD",,,#FDA #ADHD,877208661453680642,https://twitter.com/MedicosCubanos/status/877208661453680642
2017-06-20 16:04:17,BeeAdhd786,,0,0,0,"FDA approves disintegrating Cotempla tablet for ADHD #ADHD http://dld.bz/fQCnS",,,#ADHD,877195406379290625,https://twitter.com/BeeAdhd786/status/877195406379290625
2017-06-20 15:23:16,PsychAnnals,,0,0,0,"The #FDA recently approved Cotempla, an extended-release disintegrating tablet, for #ADHD Read more: http://bit.ly/2swOsZ5 #pediatrics",,,#FDA #ADHD #pediatrics,877185086956949505,https://twitter.com/PsychAnnals/status/877185086956949505
2017-06-20 15:23:15,GoHealio,,0,0,0,"The #FDA recently approved Cotempla, an extended-release disintegrating tablet, for #ADHD Read more: http://bit.ly/2toK3Y7 #pediatrics",,,#FDA #ADHD #pediatrics,877185081785417728,https://twitter.com/GoHealio/status/877185081785417728
2017-06-20 14:25:30,tmcdonnell,,0,0,0,"Neos Therapeutics Announces FDA Approval of Cotempla XR-ODT™ (methylphenidate) Extended-Release Orally Disintegratin…https://lnkd.in/dhbFTwF",,,,877170548836577281,https://twitter.com/tmcdonnell/status/877170548836577281
2017-06-20 13:22:07,Cortellis,,0,0,0,"FDA approved Neos Therapeutics’s Cotempla XR-ODT for the treatment of ADHD in pediatric patients ",,,,877154597361635332,https://twitter.com/Cortellis/status/877154597361635332
2017-06-20 13:10:38,StocksThatGo,,0,0,0,"ALERT: NEWS $NEOS Announces FDA Approval of Cotempla XR-ODT™ Extended-Release Orally Disintegrating Tablets for the Treatment of ADHD",,,,877151709574725633,https://twitter.com/StocksThatGo/status/877151709574725633
2017-06-20 12:52:07,wlstcom,,0,0,0,"FDA OKs Neos Therapeutics' ADHD med Cotempla XR-ODT; shares ahead 5% premarket #NEOS #NeosTherapeutics $NEOS #wlst",,,#NEOS #NeosTherapeutics #wlst,877147047199113216,https://twitter.com/wlstcom/status/877147047199113216
2017-06-20 12:52:05,investmorris,,0,0,0,"FDA OKs Neos Therapeutics' ADHD med Cotempla XR-ODT; shares ahead 5% premarket $NEOS http://www.seekingalpha.com/news/3274423",,,,877147041264173057,https://twitter.com/investmorris/status/877147041264173057
2017-06-20 12:16:54,angelashah,,0,0,0,"$NEOS Gets FDA Approval for Controlled-Release ADHD Drug Cotempla XR-ODT http://www.xconomy.com/texas/2017/06/20/neos-therapeutics-controlled-release-adhd-drug-get-fda-approval/ via @xconomy @BioHouston @TXBioAlliance",,@Xconomy @BioHouston @TXBioAlliance,,877138186069323776,https://twitter.com/angelashah/status/877138186069323776
2017-06-20 12:08:21,IntegriChain,,0,0,1,"Congratulations to our customer @NeosTx on FDA approval of Cotempla XR-ODT for #ADHD",,@NeosTx,#ADHD,877136035506999296,https://twitter.com/IntegriChain/status/877136035506999296
2017-06-20 12:00:05,Ye_Olde_Finance,,0,0,0,"FDA OKs Neos Therapeutics' ADHD med Cotempla XR-ODT; shares ahead 5% premarket http://dlvr.it/PNhN6c #investing #news",,,#investing #news,877133954859515904,https://twitter.com/Ye_Olde_Finance/status/877133954859515904
2017-06-20 11:47:07,NTKRNow,,0,0,0,"FDA OKs Neos Therapeutics' ADHD med Cotempla XR-ODT; shares ahead 5% premarket http://ift.tt/2sOubkK",,,,877130690571247619,https://twitter.com/NTKRNow/status/877130690571247619
2017-06-20 11:41:33,wlstcom,,0,0,0,"FDA OKs Neos Therapeutics' ADHD med Cotempla XR-ODT; shares ahead 5% premarket #premarket #NEOS #NeosTherapeutics https://seekingalpha.com/news/3274423-fda-oks-neos-therapeutics-adhd-med-cotempla-xr-odt-shares-ahead-5-percent-premarket",,,#premarket #NEOS #NeosTherapeutics,877129288109182978,https://twitter.com/wlstcom/status/877129288109182978
2017-06-20 11:41:32,MarketCurrents,,0,0,0,"FDA OKs Neos Therapeutics' ADHD med Cotempla XR-ODT; shares ahead 5% premarket https://seekingalpha.com/news/3274423-fda-oks-neos-therapeutics-adhd-med-cotempla-xr-odt-shares-ahead-5-percent-premarket?source=feed_f #premarket $NEOS",,,#premarket,877129284862722050,https://twitter.com/MarketCurrents/status/877129284862722050
2017-06-20 11:12:01,MDMagazine,,0,0,0,"#Breaking from last night: #FDA approves Cotempla XR-ODT for #ADHD http://bit.ly/2slFS0M",,,#Breaking #FDA #ADHD,877121857081794560,https://twitter.com/MDMagazine/status/877121857081794560
2017-06-20 08:47:36,bull_catalyst,,0,0,0,"$NEOS receives FDA Approval for ADHD drug Cotempla XR-ODT!!! https://finance.yahoo.com/news/neos-therapeutics-announces-fda-approval-014729048.html",,,,877085515320872961,https://twitter.com/bull_catalyst/status/877085515320872961
2017-06-20 06:34:38,pharma_sector,,0,0,0,"#NeosTherapeutics Announces FDA Approval of Cotempla XR-ODT (methylphenidate) Extended-Rel... Read more: http://owler.us/acTdRk $NEOS",,,#NeosTherapeutics,877052052987301888,https://twitter.com/pharma_sector/status/877052052987301888
2017-06-20 06:34:38,biotech_sector,,0,0,0,"#NeosTherapeutics Announces FDA Approval of Cotempla XR-ODT (methylphenidate) Extended-Rel... Read more: http://owler.us/acTdRe $NEOS",,,#NeosTherapeutics,877052052953718784,https://twitter.com/biotech_sector/status/877052052953718784
2017-06-20 04:35:22,Samiam1621,,0,0,0,"Neos Therapeutics Announces FDA Approval of Cotempla XR-ODT $NEOS #ADHD http://investors.neostx.com/phoenix.zhtml?c=254075&amp;p=RssLanding&amp;cat=news&amp;id=2281776",,,#ADHD,877022038753513472,https://twitter.com/Samiam1621/status/877022038753513472
2017-06-20 04:32:04,BioRunUp,,0,6,13,"$NEOS Announces FDA Approval of Cotempla XR-ODT™ ER Tablets for the Treatment of ADHD in Patients 6 to 17 Years Old http://investors.neostx.com/phoenix.zhtml?c=254075&amp;p=RssLanding&amp;cat=news&amp;id=2281776",,,,877021207383625728,https://twitter.com/BioRunUp/status/877021207383625728
2017-06-20 03:46:32,BiotechStockss,,0,0,0,"Neos Therapeutics Announces FDA Approval of Cotempla XR-ODT™ (methylphenidate) Extended-Release Orally Disintegr... http://ewallstreeter.com/neos-therapeutics-announces-fda-approval-of-cotempla-xr-odt-methylphenidate-extended-release-orally-disintegrating-tablets-for-the-treatment-of-adhd-in-patients-to-years-old-16808",,,,877009748578754570,https://twitter.com/BiotechStockss/status/877009748578754570
2017-06-20 03:45:33,Pharmdca,,1,0,0,"$neos Cotempla XR-ODT: new methylphenidate option in ADHD management, dissolves in mouth",,,,877009500259012609,https://twitter.com/Pharmdca/status/877009500259012609
2017-06-20 03:18:26,Money_Canada,,0,0,0,"Neos Therapeutics Announces FDA Approval of Cotempla XR-ODT™ (methylphenidate) Extended-Release Orally Disintegrat… http://ift.tt/2sMXvIp",,,,877002674528563204,https://twitter.com/Money_Canada/status/877002674528563204
2017-06-20 02:32:08,Nonfiction8879,,0,0,0,"$neos Therapeutics Announces FDA Approval of Cotempla XR-ODT™ (methylphenidate) Extended-Release Orally https://finance.yahoo.com/news/neos-therapeutics-announces-fda-approval-014729048.html?.tsrc=applewf",,,,876991023146123264,https://twitter.com/Nonfiction8879/status/876991023146123264
2017-06-20 02:14:22,ChillzTrading,,0,4,2,"$NEOS Neos Therapeutics Announces FDA Approval of Cotempla XR-ODT. ",,,,876986552198496257,https://twitter.com/ChillzTrading/status/876986552198496257
2017-06-20 02:01:01,ProVesting,,0,0,0,"$NEOS: Neos Therapeutics Announces FDA Approval of Cotempla XR-ODT …: http://www.StockNewsWires.com/neos-neos-therapeutics-announces-fda-approval-of-cotempla-xr-odt/",,,,876983191965360129,https://twitter.com/ProVesting/status/876983191965360129
2017-06-20 01:58:49,biod694,,1,4,5,"$NEOS Therapeutics Announces FDA Approval of Cotempla XR-ODTTM . Happy days again tomorrow. Good luck",,,,876982641559457793,https://twitter.com/biod694/status/876982641559457793
2017-06-20 01:53:00,financialbuzz,,0,0,0,"Neos Therapeutics Announces FDA Approval of Cotempla XR-ODT™ (methylphenidate) Extended-Release Orally Disinte.. http://financialbuzz.com/neos-therapeutics-announces-fda-approval-of-cotempla-xr-odt-methylphenidate-extended-release-orally-disintegrating-tablets-for-the-treatment-of-adhd-in-patients-to-years-old-803818",,,,876981175205502977,https://twitter.com/financialbuzz/status/876981175205502977
2017-06-20 01:50:34,stockboardinc,,0,8,4,"$NEOS Neos Therapeutics Announces FDA Approval of Cotempla XR-ODT™ (methylphenidate) Extended-Release Or... - http://sbml.co/cb0e53d0",,,,876980565345480708,https://twitter.com/stockboardinc/status/876980565345480708
2017-05-25 04:59:26,SolarMelt,SolarMelt,0,1,1,"$NEOS Pending PDUFAs (both for ADHD): JUN 19 - Cotempla(Methylphenidate Tablet) SEP 15 - NT-0201(Amphetamine Oral Liquid)",,,,867606007299624960,https://twitter.com/SolarMelt/status/867606007299624960
2017-04-01 20:40:57,SolarMelt,SolarMelt,1,0,0,"$NEOS With these tasks completed, the Cotempla approval is now largely de-risked. Lessons were learned and applied to the NT-0201 filing.",,,,848274004372856835,https://twitter.com/SolarMelt/status/848274004372856835
2017-04-01 20:40:28,SolarMelt,SolarMelt,1,0,0,"$NEOS Note: Cotempla received a CRL back in NOV 2015. The FDA required bioequivalence, process validation and three-month stability data.",,,,848273883706908673,https://twitter.com/SolarMelt/status/848273883706908673
2017-04-01 20:39:52,SolarMelt,SolarMelt,1,0,1,"$NEOS Cotempla Once Daily Methylphenidate Tablet P3: Met All Endpoints vs Placebo Onset: Under 1 Hour Duration: 12 hours PDUFA: JUN 19, 2017",,,,848273732430958593,https://twitter.com/SolarMelt/status/848273732430958593
2017-04-01 20:39:18,SolarMelt,SolarMelt,1,0,0,"$NEOS The company also has two upcoming PDUFA dates: JUN 19 - Cotempla (Methylphenidate tablet) SEP 15 - NT-0201 (Amphetamine Oral Liquid)",,,,848273590290198530,https://twitter.com/SolarMelt/status/848273590290198530
2017-03-15 10:55:30,semodough,semodough,0,0,1,"$NEOS remains confident heading into the PDUFA dates for Cotempla XR-ODT on June 19 (expected launch&#13;in the fall)",,,,841966077416464386,https://twitter.com/semodough/status/841966077416464386
2017-02-04 08:17:21,medicalnewser,,0,0,0,"Neos Therapeutics Completes Resubmission of NDA for Cotempla XR-ODT for the Treatment of ADHD - http://www.medicalnewser.com/2017/02/04/neos-therapeutics-completes-resubmission-of-nda-for-cotempla-xr-odt-for-the-treatment-of-adhd/ Treatment for ...",,,,827793152752881664,https://twitter.com/medicalnewser/status/827793152752881664
2017-01-31 01:07:57,semodough,,0,1,2,"BMO $NEOS plans for launching Cotempla XR-ODT &amp;NT-0201 in 2H17&amp;potential financing in 1H17 that we believe remains an overhang on the stock.",,,,826235536952193024,https://twitter.com/semodough/status/826235536952193024
2017-01-28 11:06:38,drugnewsin,,0,0,0,"Neos Therapeutics Completes Resubmission of NDA for Cotempla XR-ODT for the Treatment of ADHD - http://www.drugnews.in/2017/01/28/neos-therapeutics-completes-resubmission-of-nda-for-cotempla-xr-odt-for-the-treatment-of-adhd/",,,,825299037398167555,https://twitter.com/drugnewsin/status/825299037398167555
2017-01-18 00:30:05,phillyrealty,,0,0,1,"$neos looks like one of the PDUFA dates is set - June 20 for Cotempla http://www.rttnews.com/corpinfo/fdacalendar.aspx",,,,821514964984889345,https://twitter.com/phillyrealty/status/821514964984889345
2017-01-06 13:39:48,SeattleTechie40,,0,0,0,"Agree Ruben! Solar, They also have Cotempla pdufa in jun. I think?",,,,817365051317174272,https://twitter.com/SeattleTechie40/status/817365051317174272
2016-12-22 23:02:02,StockGuruDotCom,,0,0,0,"Breaking Neos Therapeutics Completes Resubmission of NDA for Cotempla XR-ODT for the Treatment of ADHD http://tinyurl.com/gmgtko8",,,,812070722139025409,https://twitter.com/StockGuruDotCom/status/812070722139025409
2016-12-22 06:14:33,hlthnews,,0,0,0,"Neos Therapeutics Completes Resubmission of NDA for Cotempla XR-ODT for the Treatment of ADHD https://www.drugs.com/nda/cotempla_xr_odt_161220.html",,,,811817182745104384,https://twitter.com/hlthnews/status/811817182745104384
2016-12-21 06:29:31,newmoney210,,0,0,0,"Neos Therapeutics Completes Resubmission of NDA for Cotempla XR-ODT for the Treatment of… https://goo.gl/fb/vDJ8xO",,,,811458561477869568,https://twitter.com/newmoney210/status/811458561477869568
2016-12-21 06:16:20,gochujang81,,0,0,0,"Neos Therapeutics Completes Resubmission of NDA for Cotempla XR-ODT for the Treatment of… https://goo.gl/fb/aqVKo8",,,,811455241447161856,https://twitter.com/gochujang81/status/811455241447161856
2016-12-21 06:01:29,GeofryDryer,,0,0,0,"Neos Therapeutics Completes Resubmission of NDA for Cotempla XR-ODT for the Treatment of ADHD: http://ift.tt/2hRUtu4",,,,811451504527806464,https://twitter.com/GeofryDryer/status/811451504527806464
2016-12-21 03:28:55,pharma_sector,,0,0,0,"#NeosTherapeutics Completes Resubmission Of NDA For Cotempla XR-ODT For The Treatment Of AD... Read more: http://owler.us/abYxTj $NEOS",,,#NeosTherapeutics,811413110447669252,https://twitter.com/pharma_sector/status/811413110447669252
2016-12-21 03:28:55,biotech_sector,,0,0,0,"#NeosTherapeutics Completes Resubmission Of NDA For Cotempla XR-ODT For The Treatment Of AD... Read more: http://owler.us/abYxTd $NEOS",,,#NeosTherapeutics,811413110229647360,https://twitter.com/biotech_sector/status/811413110229647360
2016-12-21 01:22:02,StockGuruDotCom,,0,0,0,"Breaking Neos Therapeutics Completes Resubmission of NDA for Cotempla XR-ODT for the Treatment of ADHD http://tinyurl.com/gmgtko8",,,,811381177542184960,https://twitter.com/StockGuruDotCom/status/811381177542184960
2016-12-20 21:15:01,SlingshotCtlyst,,0,0,0,"Neos Resubmits NDA to FDA for Cotempla XR-ODT in Attention Deficit Hyperactivity Disorder (ADHD) https://slingshotinsights.com/catalysts/2932",,,,811319014567936000,https://twitter.com/SlingshotCtlyst/status/811319014567936000
2016-12-20 18:17:10,BioRecruiter,,0,0,0,"Neos Therapeutics Completes Resubmission of NDA for Cotempla XR-ODT for the Treatment of ADHD http://stockguru.com/2016/12/20/neos-therapeutics-completes-resubmission-of-nda-for-cotempla-xr-odt-for-the-treatment-of-adhd/",,,,811274256478826499,https://twitter.com/BioRecruiter/status/811274256478826499
2016-12-20 17:40:10,biedexcom,,0,0,0,"Neos completes NDA resubmission for ADHD med Cotempla XR-ODT - Neos Therapeutics (NASDAQ:NEOS) - http://www.tradebuddy.online/neos-completes-nda-resubmission-for-adhd-med-cotempla-xr-odt-neos-therapeutics-nasdaqneos/",,,,811264945065181185,https://twitter.com/biedexcom/status/811264945065181185
2016-12-20 16:51:55,financialbuzz,,0,0,0,"Neos Therapeutics Completes Resubmission of NDA for Cotempla XR-ODT for the Treatment of ADHD http://financialbuzz.com/neos-therapeutics-completes-resubmission-of-nda-for-cotempla-xr-odt-for-the-treatment-of-adhd-646507",,,,811252803595214848,https://twitter.com/financialbuzz/status/811252803595214848
2016-12-20 16:24:33,pulpmarkets,,0,0,0,"MarketCurrents: Neos completes NDA resubmission for ADHD med Cotempla XR-ODT http://seekingalpha.com/news/3231728-neos-completes-nda-resubmission-adhd-med-cotempla-xr-odt?source=feed_f $NEOS",,,,811245915457654785,https://twitter.com/pulpmarkets/status/811245915457654785
2016-12-20 14:36:21,Briefingcom,,0,0,0,"$NEOS: Neos Therapeutics completes resubmission of a NDA to the FDA for Cotempla XR-ODT http://bit.ly/2hQbzKZ",,,,811218687692718080,https://twitter.com/Briefingcom/status/811218687692718080
2016-12-20 14:21:03,Health_Profiles,,0,0,0,"Neos Therapeutics Completes Resubmission of NDA for Cotempla XR-ODT for the Treatment of ADHD http://dlvr.it/MwkSps",,,,811214835505475584,https://twitter.com/Health_Profiles/status/811214835505475584
2016-12-20 13:25:24,NTKRNow,,0,0,0,"BRIEF-Neos Therapeutics says completes resubmission NDA for Cotempla XR-ODT http://ift.tt/2i5hBYP",,,,811200832448380930,https://twitter.com/NTKRNow/status/811200832448380930
2016-12-20 12:39:19,StockGuruDotCom,,0,0,0,"Neos Therapeutics Completes Resubmission of NDA for Cotempla XR-ODT for the Treatment of ADHD http://stockguru.com/2016/12/20/neos-therapeutics-completes-resubmission-of-nda-for-cotempla-xr-odt-for-the-treatment-of-adhd/",,,,811189236686815232,https://twitter.com/StockGuruDotCom/status/811189236686815232
2016-12-20 12:39:03,newswelldone,,0,0,0,"$NEOS: Neos Therapeutics Completes Resubmission of NDA for Cotempla …: http://www.StockNewsWires.com/2016/12/20/neos-neos-therapeutics-completes-resubmission-of-nda-for-cotempla/",,,,811189167350804480,https://twitter.com/newswelldone/status/811189167350804480
2016-12-20 12:35:32,stockboardinc,,0,0,0,"$NEOS Neos Therapeutics Completes Resubmission of NDA for Cotempla XR-ODT for the Treatment of ADHD... - http://sbml.co/815f1847",,,,811188282205806592,https://twitter.com/stockboardinc/status/811188282205806592
2016-12-20 12:31:40,BioStocks,,0,0,2,"$NEOS Completes Resubmission of NDA for Cotempla XR-ODT for the Treatment of ADHD",,,,811187310545010689,https://twitter.com/BioStocks/status/811187310545010689
2016-11-14 01:02:17,MaisaCorp,,1,3,2,"#Biotech anticipate NDA filling by the end December2016: $FLXN FX006 $NEOS NT-0201 $NEOS COTEMPLA $OCUL DEXTENZA $TBPH COPD",,,#Biotech,797967858508644352,https://twitter.com/MaisaCorp/status/797967858508644352
2016-11-11 00:56:35,MaisaCorp,,0,0,0,"$NEOS Resubmit NDA for Cotempla XR-ODT, the Company's methylphenidate extended-release ODT product, in the fourth quarter of 2016.",,,,796879258098561025,https://twitter.com/MaisaCorp/status/796879258098561025
2016-08-12 02:26:13,MaisaCorp,,0,0,0,"$NEOS Resubmit the NDA for Cotempla XR-ODT, the Company's methylphenidate extended-release ODT product, by the end of 2016",,,,763924520587571200,https://twitter.com/MaisaCorp/status/763924520587571200
2016-07-30 09:43:01,StockGuruDotCom,,0,0,0,"Breaking Neos Therapeutics Announces Successful Completion of Bioequivalence Bridging Study for Cotempla... http://tinyurl.com/zjryf8r",,,,759323404155559936,https://twitter.com/StockGuruDotCom/status/759323404155559936
2016-07-28 22:14:58,Briefingcom,,0,0,0,"$NEOS: Neos Therapeutics completes a bioequivalence bridging study for its late stage product candidate, Cotempla... http://bit.ly/2azBh4z",,,,758787863408324609,https://twitter.com/Briefingcom/status/758787863408324609
2016-07-28 22:04:46,Health_Profiles,,0,0,0,"Neos Therapeutics Announces Successful Completion of Bioequivalence Bridging Study for Cotempla XR-ODT™… http://dlvr.it/LvdMNt",,,,758785293734465536,https://twitter.com/Health_Profiles/status/758785293734465536
2016-07-28 21:00:29,financialbuzz,,0,0,0,"Neos Therapeutics Announces Successful Completion of Bioequivalence Bridging Study for Cotempla XR-ODT™ (Methy.. http://financialbuzz.com/neos-therapeutics-announces-successful-completion-of-bioequivalence-bridging-study-for-cotempla-xr-odt-methylphenidate-extended-release-orally-disintegrating-tablet-515827",,,,758769115351756800,https://twitter.com/financialbuzz/status/758769115351756800
2016-07-28 20:10:02,stockboardinc,,0,0,0,"$NEOS Neos Therapeutics Announces Successful Completion of Bioequivalence Bridging Study for Cotempla XR-O... - http://sbml.co/09ff1b99",,,,758756420569313280,https://twitter.com/stockboardinc/status/758756420569313280
2016-07-27 18:58:59,DrKanakKantiDe,,0,0,0,"Neos Therapeutics: Undervalued Based on Adzenys and Cotempla Potential http://drkkd.com/neos-therapeutics-undervalued-based-on-adzenys-and-cotempla-potential/",,,,758376153232973824,https://twitter.com/DrKanakKantiDe/status/758376153232973824
2016-05-16 11:54:16,MaisaCorp,,0,0,0,"$NEOS Resubmit the New Drug Application for Cotempla XR-ODT in the fourth quarter of 2016.",,,,732177341644857344,https://twitter.com/MaisaCorp/status/732177341644857344
2015-11-12 14:10:05,jeff_r_kent,,0,0,0,"Neos shifting initial commercial focus in wake of Cotempla CRL | BioWorld https://lnkd.in/eMfybip",,,,664807381201612802,https://twitter.com/jeff_r_kent/status/664807381201612802
2015-11-12 13:50:06,BioWorld,,0,0,1,"$NEOS shifting initial commercial focus in wake of Cotempla CRL http://bit.ly/1LbHs3J",,,,664802349408370688,https://twitter.com/BioWorld/status/664802349408370688
2015-11-11 20:47:06,BioWorld,,0,0,0,"$NEOS planning earlier launch of NT-0202 in wake of Cotempla CRL",,,,664544903880310784,https://twitter.com/BioWorld/status/664544903880310784
2015-11-11 04:17:02,Health_Profiles,,0,0,0,"Neos Therapeutics Receives Complete Response Letter From the FDA for Cotempla XR-ODT http://dlvr.it/CjPPCl",,,,664295747236466689,https://twitter.com/Health_Profiles/status/664295747236466689
2015-11-11 01:06:45,onlinestockpro,,0,0,0,"Neos Therapeutics Receives Complete Response Letter From the FDA for Cotempla XR-ODT http://onlinestockpro.com/2015/11/10/neos-therapeutics-receives-complete-response-letter-from-the-fda-for-cotempla-xr-odt/",,,,664247860301467648,https://twitter.com/onlinestockpro/status/664247860301467648
2015-11-11 00:44:12,ADD_ADHD_News,,0,0,0,"Neos Therapeutics Receives Complete Response Letter From the FDA for Cotempla XR-ODT: ... of innovative extend... http://bit.ly/1Hwgzwh",,,,664242184174964737,https://twitter.com/ADD_ADHD_News/status/664242184174964737
2015-11-11 00:09:10,FrankieRivig,,0,0,0,"Neos Therapeutics Receives CRL from FDA for Cotempla XR-ODT http://ift.tt/20L8pGM",,,,664233369857863681,https://twitter.com/FrankieRivig/status/664233369857863681
2015-11-10 23:37:28,BioRunUp,,0,3,0,"$NEOS Neos Therapeutics Receives Complete Response Letter From the FDA for Cotempla XR-ODT http://bit.ly/1MySpBN",,,,664225391893057536,https://twitter.com/BioRunUp/status/664225391893057536
2015-11-10 23:34:28,EarningNewsNow,,0,0,0,"#Earnings Neos Therapeutics Receives Complete Response Letter From the FDA for Cotempla XR-ODT: http://bit.ly/1kKYT5C Earning News",,,#Earnings,664224637119676416,https://twitter.com/EarningNewsNow/status/664224637119676416
2015-11-10 23:34:25,Earningsnewsnow,,0,0,0,"#Earnings Neos Therapeutics Receives Complete Response Letter From the FDA for Cotempla XR-ODT: http://bit.ly/1kKYT5C Earning News",,,#Earnings,664224624901656576,https://twitter.com/Earningsnewsnow/status/664224624901656576
2015-11-10 23:34:23,EarningTwits,,0,0,0,"#Earnings Neos Therapeutics Receives Complete Response Letter From the FDA for Cotempla XR-ODT: http://bit.ly/1kKYT5C Earning News",,,#Earnings,664224615393177600,https://twitter.com/EarningTwits/status/664224615393177600
2015-11-10 23:08:20,AlertTrade,,0,1,0,"Neos Therapeutics Receives $CRL from FDA for Cotempla XR-ODT - http://dlvr.it/CjKCmC ~ via @AlertTrade",,@AlertTrade,,664218060966916096,https://twitter.com/AlertTrade/status/664218060966916096
2015-11-10 23:06:04,BenzingaMedia,,0,0,0,"Neos Therapeutics Receives $CRL from FDA for Cotempla XR-ODT - http://tinyurl.com/ojxh2k7",,,,664217487186239489,https://twitter.com/BenzingaMedia/status/664217487186239489
2015-11-10 23:00:56,StockGuruDotCom,,0,0,0,"Neos Therapeutics Receives Complete Response Letter From the FDA for Cotempla XR-ODT http://stockguru.com/2015/11/10/neos-therapeutics-receives-complete-response-letter-from-the-fda-for-cotempla-xr-odt/",,,,664216196644925440,https://twitter.com/StockGuruDotCom/status/664216196644925440
2015-11-07 19:12:59,KincoraCapital,,0,0,0,"Is PDUFA for $NEOS product Cotempla still on 9th Nov or has it been postponed? Emailed investor relations for update last week.",,,,663071668374388739,https://twitter.com/KincoraCapital/status/663071668374388739
2015-11-06 14:08:31,marketexclusive,,0,57,3,"Neos Selloff Might Be An Opportunity For A Discount – Here's Why - http://wp.me/p4LpB2-eZ $NEOS $SHPG $JNJ #Neos #Cotempla #FDA",,,#Neos #Cotempla #FDA,662632658321743872,https://twitter.com/marketexclusive/status/662632658321743872
2015-11-03 16:23:41,epgonline,,0,0,1,"New Phase III data for Cotempla XR-ODT (extended release methylphenidate) for children with #ADHD http://bit.ly/1RsDb0Z #DrugNews",,,#ADHD #DrugNews,661579512371658754,https://twitter.com/epgonline/status/661579512371658754
2015-11-02 06:23:12,Onellymr,,0,0,0,"$NEOS Therapeutics reports the presentation of MPH XR trial results, showing that treatment with Cotempla XR-ODT showed a statistically",,,,661066007734329344,https://twitter.com/Onellymr/status/661066007734329344
2015-10-31 18:30:18,Health_Profiles,,0,0,0,"Neos Therapeutics Presents Data for Investigational ADHD Treatment Cotempla XR-ODT at AACAP's 62nd Annual Meeting http://bit.ly/1GQEtSZ",,,,660524210826166272,https://twitter.com/Health_Profiles/status/660524210826166272
2015-10-31 15:16:15,DailyManagement,,0,0,0,"ADHD Can Be Treated With ‘Cotempla XR-ODT’ Shows Neos Therapeutics’ Studies http://www.dailymanagementreview.com/ADHD-Can-Be-Treated-With-Cotempla-XR-ODT-Shows-Neos-Therapeutics-Studies_a1127.html",,,,660475376917979137,https://twitter.com/DailyManagement/status/660475376917979137
2015-10-31 08:19:13,adstwi,,0,0,0,"Neos Therapeutics Presents Data for Investigational ADHD Treatment Cotempla XR-ODT at AACAP’s 62nd Annual Meeting http://dlvr.it/Cc6Djr",,,,660370427793960960,https://twitter.com/adstwi/status/660370427793960960
2015-10-31 06:55:23,danvantri,,0,0,0,"Neos Therapeutics Presents Data for Investigational ADHD Treatment Cotempla XR-ODT at AACAP's 62nd Annual Meeting - http://bit.ly/1khPRwP",,,,660349327722815488,https://twitter.com/danvantri/status/660349327722815488
2015-10-30 23:49:32,MaisaCorp,,0,0,0,"$NEOS treatment with Cotempla XR-ODT showed a statistically significant improvement in ADHD symptom control",,,,660242161749856260,https://twitter.com/MaisaCorp/status/660242161749856260
2015-10-30 22:06:49,Briefingcom,,0,0,0,"$NEOS: Neos Therapeutics reports the presentation of MPH XR trial results, showing that treatment with Cotempla... http://bit.ly/1SdyyZu",,,,660216311406985216,https://twitter.com/Briefingcom/status/660216311406985216
2015-10-30 20:04:17,sfef84,,0,0,0,"$NEOS last 14.16 Neos Therapeutics Presents Data for Investigational ADHD Treatment Cotempla XR-ODT at AACAP's 62nd Annual Meeting",,,,660185476440035328,https://twitter.com/sfef84/status/660185476440035328
2015-10-20 17:29:42,FerdMounir,,0,0,0,"Neos Therapeutics' Cotempla XR-ODT NDA on hold due to deficiencies; shares slump 18% after hours http://seekingalpha.com/news/2838366?source=ansh $NEOS",,,,656522693383180288,https://twitter.com/FerdMounir/status/656522693383180288
2015-10-20 15:54:50,Corixis,,0,0,0,"FDA Finds Deficiencies in Neos Therapeutics' Marketing Application: Neos Therapeutics Cotempla XR-ODT FDA Upda... http://bit.ly/1hQnTH2",,,,656498819601854464,https://twitter.com/Corixis/status/656498819601854464
2015-10-20 15:54:47,Pharmaceutical,,0,0,0,"FDA Finds Deficiencies in Neos Therapeutics' Marketing Application: Neos Therapeutics Cotempla XR-ODT FDA Upda... http://bit.ly/1PxiDGS",,,,656498805555068928,https://twitter.com/Pharmaceutical/status/656498805555068928
2015-10-20 15:54:44,Biotechnology,,0,0,1,"FDA Finds Deficiencies in Neos Therapeutics' Marketing Application: Neos Therapeutics Cotempla XR-ODT FDA Upda... http://bit.ly/1PxiDGS",,,,656498794872176640,https://twitter.com/Biotechnology/status/656498794872176640
2015-10-20 04:18:05,RootsAnalysis,,0,0,1,"#FDA puts approval for Neos Therapeutics' Cotempla XR-ODT on hold after identifying certain deficiencies in the drug:",,,#FDA,656323477473857536,https://twitter.com/RootsAnalysis/status/656323477473857536
2015-10-19 22:35:10,MaisaCorp,,0,0,0,"$NEOS has identified deficiencies that preclude discussion of labeling &amp; postmarketing requirements/commitments for Cotempla XR-ODT",,,,656237179706806272,https://twitter.com/MaisaCorp/status/656237179706806272
2015-10-19 21:47:31,Pediatrics_Bio,,0,0,0,"#pediatrics news: Neos Therapeutics Cotempla XRODT FDA Update http://ow.ly/35NEPJ",,,#pediatrics,656225187923415040,https://twitter.com/Pediatrics_Bio/status/656225187923415040
2015-10-19 21:13:09,Drugdevelopmen,,0,0,0,"Neos Therapeutics (NEOS) Announces Receipt of Letter from FDA Over Cotempla XR ... - http://StreetInsider.com http://dlvr.it/CV96k5",,,,656216540136669184,https://twitter.com/Drugdevelopmen/status/656216540136669184
2015-10-19 21:11:27,MarketCurrents,,0,0,0,"Neos Therapeutics' Cotempla XR-ODT NDA on hold due to deficiencies; shares slump 18% after hours http://seekingalpha.com/news/2838366-neos-therapeutics-cotempla-xr-odt-nda-on-hold-due-to-deficiencies-shares-slump-18-percent-after-hours?source=feed_f $NEOS",,,,656216109327081472,https://twitter.com/MarketCurrents/status/656216109327081472
2015-10-19 20:32:49,DeliveryDrug,,0,0,0,"Neos Therapeutics Cotempla XRODT FDA Update http://ow.ly/35Npt0",,,,656206389820456960,https://twitter.com/DeliveryDrug/status/656206389820456960
2015-10-19 20:27:36,danwardbio,,0,1,1,"$NEOS Neos Therapeutics Cotempla XR-ODT FDA Update http://stks.co/i3IS8 . Down 24% AH on ~2500 shares",,,,656205074587213824,https://twitter.com/danwardbio/status/656205074587213824
2015-10-19 20:24:34,bullriders1,,0,0,0,"$NEOS –24% $14.04 FDA has identified deficiencies in Cotempla NDA regarding labeling &amp; post-marketing requirements/commitments at this time.",,,,656204312813551617,https://twitter.com/bullriders1/status/656204312813551617
2015-09-05 18:32:29,semodough,semodough,1,0,2,"@tgtxdough Our upside scenario sees a $60 share • Cotempla approval in Nov 2015 launch in mid-2016 with peak share of 6.8% $284 million",,,,640231040800288768,https://twitter.com/semodough/status/640231040800288768
2015-09-05 18:31:39,semodough,,1,1,4,"RBC $NEOS base case scenario sees a $35 &#13;• Cotempla approval in Nov 2015 and launch in mid-2016 with peak share of 4.5%189 million in sales.",,,,640230831911374850,https://twitter.com/semodough/status/640230831911374850
2015-09-04 03:12:14,semodough,,0,0,1,"$NEOS PDUFA date for NT-0202 confirmed in January 2016, following likely approval of Cotempla in November 2015; Market Outperform $32",,,,639637063223115776,https://twitter.com/semodough/status/639637063223115776
2015-05-21 03:01:15,dlvr_society,,0,0,0,"Neos Therapeutics Announces Trade Name Cotempla XR-ODT™ for its Methylphenidate Extended-Release Orally… http://dlvr.it/9vSp89 #society",,,#society,601221185527910401,https://twitter.com/dlvr_society/status/601221185527910401
2015-05-20 12:08:57,Pediatrics_Bio,,0,0,0,"#pediatrics news: Neos Therapeutics Announces Trade Name Cotempla XRODT for its Methylphenidate ExtendedRelease Or... http://ow.ly/2YRiQ6",,,#pediatrics,600996631941685249,https://twitter.com/Pediatrics_Bio/status/600996631941685249
2015-05-20 12:06:15,cro_bio,,0,0,0,"News: Neos Therapeutics Announces Trade Name Cotempla XRODT for its Methylphenidate ExtendedRelease Orally Disinte... http://ow.ly/2YRgkj",,,,600995951533301760,https://twitter.com/cro_bio/status/600995951533301760
2015-05-20 12:05:35,BW_Consumer,,0,0,0,"Neos Therapeutics Announces Trade Name Cotempla XR-ODT™ for its Methylphenidate Extended-Release Orally… http://dlvr.it/9tzjVx",,,,600995784453001218,https://twitter.com/BW_Consumer/status/600995784453001218
2015-05-20 12:03:21,DeliveryDrug,,0,0,0,"#drugdelivery news: Neos Therapeutics Announces Trade Name Cotempla XRODT for its Methylphenidate ExtendedRelease ... http://ow.ly/2YRea3",,,#drugdelivery,600995220705177601,https://twitter.com/DeliveryDrug/status/600995220705177601
2015-05-20 12:02:51,DeliveryDrug,,0,0,0,"Neos Therapeutics Announces Trade Name Cotempla XRODT for its Methylphenidate ExtendedRelease Orally Disintegratin... http://ow.ly/2YRdK4",,,,600995095807139841,https://twitter.com/DeliveryDrug/status/600995095807139841
2015-05-20 11:38:57,ADD_ADHD_News,,0,0,0,"Neos Therapeutics Announces Trade Name Cotempla XR-ODT™ for its Methylphenidate ...: ... late-stage extended-r... http://bit.ly/1Sc09LV",,,,600989083196751873,https://twitter.com/ADD_ADHD_News/status/600989083196751873
2015-05-20 11:38:04,dlvr_society,,0,0,0,"Neos Therapeutics Announces Trade Name Cotempla XR-ODT™ for its Methylphenidate Extended-Release Orally… http://dlvr.it/9tys3t #society",,,#society,600988858017128449,https://twitter.com/dlvr_society/status/600988858017128449
2015-05-20 11:37:35,EON_Consumer,,0,0,0,"Neos Therapeutics Announces Trade Name Cotempla XR-ODT™ for its Methylphenidate… http://dlvr.it/9tyrr2",,,,600988738710212608,https://twitter.com/EON_Consumer/status/600988738710212608
2015-05-20 11:29:51,PointHealth,,0,0,0,"Neos Therapeutics Announces Trade Name Cotempla XRODT for its Methylphenidate ExtendedRelease Orally Disintegr... http://bit.ly/1LkSLcs",,,,600986793190686720,https://twitter.com/PointHealth/status/600986793190686720
2015-05-20 11:25:33,dlvr_news,,0,0,0,"Neos Therapeutics Announces Trade Name Cotempla XR-ODT™ for its Methylphenidate Extended-Release Orally… http://dlvr.it/9tyShN",,,,600985709479006209,https://twitter.com/dlvr_news/status/600985709479006209
2015-05-20 11:17:03,dlvr_texas,,0,0,0,"Neos Therapeutics Announces Trade Name Cotempla XR-ODT™ for its Methylphenidate Extended-Release Orally… http://dlvr.it/9tyHCZ",,,,600983571801579520,https://twitter.com/dlvr_texas/status/600983571801579520
2015-05-20 11:13:26,dlvr_pharma,,0,0,0,"Neos Therapeutics Announces Trade Name Cotempla XR-ODT™ for its Methylphenidate Extended-Release… http://dlvr.it/9ty5fx #pharma #pharma",,,#pharma #pharma,600982658806452224,https://twitter.com/dlvr_pharma/status/600982658806452224
2015-05-20 11:13:04,dlvr_home,,0,0,0,"Neos Therapeutics Announces Trade Name Cotempla XR-ODT™ for its Methylphenidate Extended-Release Orally… http://dlvr.it/9txynY #family",,,#family,600982565936238592,https://twitter.com/dlvr_home/status/600982565936238592
2015-05-20 11:10:12,dlvr_biotech,,0,0,0,"Neos Therapeutics Announces Trade Name Cotempla XR-ODT™ for its Methylphenidate Extended-Release… http://dlvr.it/9ty0nL #biotech #biotech",,,#biotech #biotech,600981845690290176,https://twitter.com/dlvr_biotech/status/600981845690290176
