date,username,to,replies,retweets,favorites,text,geo,mentions,hashtags,id,permalink
2020-02-13 22:58:35,theautismcafe,teewhy_ward,2,0,3,"Well, not hard with Charlie. It’s constant running, screaming, stimming, jumping. Medication not working. But she did say, it could be due to severe autism. Hard to tell. Got ADHD diagnosis. We’re gonna start him on Dyanavel. He’s 7 next month.",,,,1228091122938978304,https://twitter.com/theautismcafe/status/1228091122938978304
2020-02-13 02:47:06,threejuniormnts,doc2rob,0,0,0,"He takes the chewable vyvanse now with no problem. The Dyanavel liquid is also not bad tasting. Both are super expensive- we are fortunate to have good insurance.",,,,1227786246350626819,https://twitter.com/threejuniormnts/status/1227786246350626819
2020-02-05 23:52:40,FalconBlanco74,DreRob2K,0,0,0,"Come on dude, Dyanavel, Dexedrine, Kapvay or maybe Tofranil? I’m close I know and good you’re getting help but there’s other options too - talk therapy? Maybe not ready for that yet or saving up for November?",,,,1225205631923163138,https://twitter.com/FalconBlanco74/status/1225205631923163138
2020-01-24 02:27:08,TheOnionQueene,diegosawr,0,0,1,"Vyvanse (made me have bad mood swings), Methylphenidate (made me depressed), Dyanavel (tastes bad).",,,,1220533463692075008,https://twitter.com/TheOnionQueene/status/1220533463692075008
2020-01-08 22:27:19,threejuniormnts,miaowlex,1,0,3,"Thank goodness, because my son has difficulty swallowing pills. He was able to take liquid Dyanavel, but after the discount card ran out it was $450/month because my insurance wouldn’t cover it.",,,,1215037291871244300,https://twitter.com/threejuniormnts/status/1215037291871244300
2020-01-04 19:57:08,threejuniormnts,OTirmizi,2,0,7,"Yep. Dyanavel for my kid was going to cost $450/month. I submitted letters from his pediatrician and his psychiatrist and his psychologist. They wouldn’t cover it.",,,,1213549947821395971,https://twitter.com/threejuniormnts/status/1213549947821395971
2019-11-17 03:18:18,BetterEd69,cryborg,0,2,1,"Adderall, Evekeo, Adzenys XR-ODT, Adzenys ER, Dyanavel XR, cocaine, meth, or any of the following list. ",,,,1195903964149174272,https://twitter.com/BetterEd69/status/1195903964149174272
2019-10-20 18:48:19,C_M_Hoffman,C_M_Hoffman,0,0,0,"Most get either Amphetamine-based (Adzenys, Dexedrine, Dyanavel, Evekeo, ProCentra, VYVANSE, Zenzedi) OR Methylphenidate-based (Aptensio, CONCERTA, Cotempla, Daytrana, Metadate, Methylin, QuilliChew, Quillivant, Ritalin) The ones in all caps I know friends have used effectively.",,,,1185991151746203658,https://twitter.com/C_M_Hoffman/status/1185991151746203658
2019-08-17 00:23:16,tiarannosaur,tiarannosaur,1,0,0,"There's Tranxene, Rivotril, Adderall and Dyanavel and Suboxone, MsContin, Dilaudid and Propulsid and Diamthazole, Palladone, Rohypnol and Butoform Amobarbital, Survector, Streptomycin and Pavulon And there may be many others but Pinkie haven't tried them yet!",,,,1162520233673986048,https://twitter.com/tiarannosaur/status/1162520233673986048
2019-06-21 12:07:02,florallavender,florallavender,1,0,0,"on her “I can do this” bs. The second one is Dyanavel. It’s an adhd med that helps stimulate certain things. These things have helped BKSKEKRJ TREMENDOUSLY HOLY SHIT I’m not kidding the adhd therapist, after 6 years of generic therapy, everything started improving w the work",,,,1142041232501350400,https://twitter.com/florallavender/status/1142041232501350400
2019-02-09 22:44:46,prpnews,,0,0,0,"http://tinyurl.com/y26y4lm9 Tris Pharma to Present Three Posters Covering Data on Dyanavel XR and Tris LiquiXR Technology at the 2019 APSARD Annual Meeting",,,,1094366526466068481,https://twitter.com/prpnews/status/1094366526466068481
2019-01-17 13:12:11,HedgeBz,,0,0,0,"Tris Pharma to Present Three Posters Covering Data on Dyanavel® XR and Tris’ LiquiXR® Technology at the 2019 APSARD Annual Meeting https://hedgeaccordingly.com/tris-pharma-to-present-three-posters-covering-data-on-dyanavel-xr-and-tris-liquixr-technology-at-the-2019-apsard-annual-meeting/",,,,1085887509609869312,https://twitter.com/HedgeBz/status/1085887509609869312
2019-01-17 12:50:27,RazzleTazzleMag,,0,0,0,"Tris Pharma to Present Three Posters Covering Data on Dyanavel® XR and Tris’ LiquiXR® Technology at the 2019 APSARD Annual Meeting http://razzletazzle.com/showbiz-rightnow/tris-pharma-to-present-three-posters-covering-data-on-dyanavel-xr-and-tris-liquixr-technology-at-the-2019-apsard-annual-meeting/2019/01/17/",,,,1085882040837378048,https://twitter.com/RazzleTazzleMag/status/1085882040837378048
2019-01-16 00:51:11,prpnews,,0,0,0,"http://tinyurl.com/ybu2m5o3 Tris Pharma Presents Results from Two Clinical Studies on Dyanavel XR at the Largest Annual Meeting of Child and Adolescent Psychiatrists",,,,1085338640815935488,https://twitter.com/prpnews/status/1085338640815935488
2019-01-02 15:30:52,anthro_sarah,Nicole_Cliffe,0,0,0,"75 mg Zoloft daily for anxiety/depression. 5 ml Dyanavel for ADHD with a 2 pm booster of 5-10 mg of Adderall if needed. Took experimenting with several meds to find the right combo for that one.",,,,1080486591993307137,https://twitter.com/anthro_sarah/status/1080486591993307137
2018-11-22 22:42:15,addboymike,,0,0,0,"ADHD Medication Update: New Clinical Data for Dyanavel XR http://goo.gl/alerts/occdx #GoogleAlerts Addboy Blog &amp; eBooks - http://addsolutionscenter.blogspot.com/",,,#GoogleAlerts,1065737250284068864,https://twitter.com/addboymike/status/1065737250284068864
2018-11-22 12:00:52,ADDitudeMag,,0,4,8,"Last week, the maker of Dyanavel XR presented new research that demonstrates the liquid stimulant medication is effective in reducing symptoms of ADHD in patients aged 6 and older for up to 13 hours with a sustained release. http://ow.ly/Ap6f30mGbs8",,,,1065575839813812224,https://twitter.com/ADDitudeMag/status/1065575839813812224
2018-11-19 21:42:21,BrainSightsApp,,0,0,0,"ADHD Medication Update: New Clinical Data for Dyanavel XR - ADDitude via BrainSights https://www.additudemag.com/dyanavel-xr-liquid-adhd-medication/",,,,1064635012669149184,https://twitter.com/BrainSightsApp/status/1064635012669149184
2018-11-13 05:39:11,into_AI,,0,0,0,"Tris Pharma Presents Clinical Data for DYANAVEL® XR (amphetamine) at the 2018 Neuroscience … - In a http://into.ai/blog/news-stories/tris-pharma-presents-clinical-data-for-dyanavel-xr-amphetamine-at-the-2018-neuroscience/ #neuroscience",,,#neuroscience,1062218296374804481,https://twitter.com/into_AI/status/1062218296374804481
2018-11-03 00:30:16,LS_Medical,,0,0,0,"Missed Them? #FDA's drug approvals, updates and changes for Friday, October 26: #Dyanavel XR [NDA #208147], #Tracleer [NDA #209279], #Xyrem [NDA #021196] and others: http://ht.ly/6WQY0",,,#FDA #Dyanavel #Tracleer #Xyrem,1058516676055044096,https://twitter.com/LS_Medical/status/1058516676055044096
2018-10-26 23:19:56,LS_Medical,,0,0,0,"Regulatory News: US Food & Drug Administration's #drug approvals, updates and/or changes for Friday, October 26. #FDA: #Dyanavel XR [NDA #208147], #Tracleer [NDA #209279], #Xyrem [NDA #021196] and others: http://ht.ly/ejYD308cSVF",,,#drug #FDA #Dyanavel #Tracleer #Xyrem,1055962262047989760,https://twitter.com/LS_Medical/status/1055962262047989760
2018-10-24 11:51:15,RazzleTazzleMag,,0,0,0,"Tris Pharma Presents Results from Two Clinical Studies on Dyanavel® XR at the Largest Annual Meeting of Child and Adolescent Psychiatrists http://razzletazzle.com/showbiz-rightnow/tris-pharma-presents-results-from-two-clinical-studies-on-dyanavel-xr-at-the-largest-annual-meeting-of-child-and-adolescent-psychiatrists/2018/10/24/",,,,1055064170352308224,https://twitter.com/RazzleTazzleMag/status/1055064170352308224
2018-10-11 13:10:52,badlucklaura_,,0,0,0,"Try to see if you can get prescribed dyanavel liquid. It doesn't have side effects like that!",,,,1050373168345567232,https://twitter.com/badlucklaura_/status/1050373168345567232
2018-10-02 19:20:20,florallavender,,0,0,0,"feeling dyanavel kicking in is what must fueling a car up feels like suddenly I have the energy to do like 2 things and it’s cool",,,,1047204656211021830,https://twitter.com/florallavender/status/1047204656211021830
2018-09-25 14:32:27,mahutenbosch,,1,0,0,"doubled my dose of dyanavel xr yesterday to see if effects could improve, i knocked out another draft of my ps and some short answers but then this happened back to the drawing board i guess ",,,,1044595490602373120,https://twitter.com/mahutenbosch/status/1044595490602373120
2018-09-22 22:30:33,khad1jxh,,0,0,0,"dyanavel is so trash, i need to get back on focalin lmao",,,,1043628644097294338,https://twitter.com/khad1jxh/status/1043628644097294338
2018-05-21 15:22:29,AlcuinBramerton,,0,1,0,"#Neuroscience: #HannahCritchlow: The human brain undergoes a great deal of plasticity until the mid-20s. It's a terrible idea to take any kind of mind-altering drug before this age. https://bit.ly/2x5sgv8 #1ab #ADHD #ASD #Autism #Methylphenidate #Ritalin #QuilliChew #Dyanavel #ÿ",,,#Neuroscience #HannahCritchlow #1ab #ADHD #ASD #Autism #Methylphenidate #Ritalin #QuilliChew #Dyanavel,998584823064219648,https://twitter.com/AlcuinBramerton/status/998584823064219648
2018-05-20 21:48:20,indivisible_usa,Cyn7507,1,0,1,"I'm on Dyanavel for ADHD and didn't take offense. #OliverNorth and the @NRA are the ones bashing Ritalin.",,@NRA,#OliverNorth,998319538365181952,https://twitter.com/indivisible_usa/status/998319538365181952
2018-04-06 20:30:13,quaaludeFIEND,foreskinblunt,0,0,0,"dyanavel xr on deck, liquid addy",,,,982354815517970432,https://twitter.com/quaaludeFIEND/status/982354815517970432
2017-12-16 02:03:15,financialbuzz,,0,0,0,"U.S Dyanavel XR Promotional Activity Report 2016-2017 - Research and Markets http://financialbuzz.com/u-s-dyanavel-xr-promotional-activity-report-2016-2017-research-and-markets-959770",,,,941851184951828480,https://twitter.com/financialbuzz/status/941851184951828480
2017-12-15 16:09:07,PharmaMKTnet,,0,0,0,"U.S Dyanavel XR Promotional Activity Report 2016-2017 - Research and Markets http://ift.tt/2Cx5vPc via BusinessWire",,,,941701665186631685,https://twitter.com/PharmaMKTnet/status/941701665186631685
2017-12-15 16:08:03,BW_Health,,0,0,0,"U.S Dyanavel XR Promotional Activity Report 2016-2017 - Research and Markets: DUBLIN--(BUSINESS WIRE)--The ""Dyanavel XR 2016 U.S Promotional Report"" report has been added to Research and Markets' offering. The 5 Key Questions Addressed by this Report:… http://dlvr.it/Q66lNh",,,,941701397241663488,https://twitter.com/BW_Health/status/941701397241663488
2017-12-01 19:04:56,Marty62R,BoffMoatman,0,0,0,"I feel the need.......the need for speed!............or some coke Adderall, Adzenys XR-ODT, Dyanavel XR, Evekeo ",,,,936672479459926023,https://twitter.com/Marty62R/status/936672479459926023
2017-11-14 15:31:56,ADHDInAdults,,0,0,0,"Dyanavel XR is a once formula that could be helpful for you. Learn more. http://bit.ly/2pwxJmo",,,,930458281566490630,https://twitter.com/ADHDInAdults/status/930458281566490630
2017-10-14 15:30:05,ADHDInAdults,,0,0,1,"Dyanavel XR is a once formula that could be helpful for you. Learn more. http://bit.ly/2pwxJmo",,,,919223793062699012,https://twitter.com/ADHDInAdults/status/919223793062699012
2017-10-09 07:38:51,bc1_betty,,0,0,0,"Still other compounds used at low dosage prescription from MD include Desoxyn or Adderall = Adzenys = XR-ODT = Dyanavel XR = Evekeo",,,,917293266835558401,https://twitter.com/bc1_betty/status/917293266835558401
2017-09-14 15:32:14,ADHDInAdults,,0,0,0,"Dyanavel XR is a once formula that could be helpful for you. Learn more. http://bit.ly/2pwxJmo",,,,908352697014898689,https://twitter.com/ADHDInAdults/status/908352697014898689
2017-08-14 15:31:45,ADHDInAdults,,0,0,0,"Dyanavel XR is a once formula that could be helpful for you. Learn more. http://bit.ly/2pwxJmo",,,,897118552335024131,https://twitter.com/ADHDInAdults/status/897118552335024131
2017-07-14 15:31:06,ADHDInAdults,,0,0,0,"Dyanavel XR is a once formula that could be helpful for you. Learn more. http://bit.ly/2pwxJmo",,,,885884364906790913,https://twitter.com/ADHDInAdults/status/885884364906790913
2017-07-01 14:50:37,ravensfire,ColMorrisDavis,0,0,0,"Lithium, Prozac, Dyanavel, etc. Get the hint?",,,,881163134764859394,https://twitter.com/ravensfire/status/881163134764859394
2017-06-24 14:36:15,PALISADEBOB,BreitbartNews,0,0,0,"Time to try dyanavel!!!!",,,,878622805314732034,https://twitter.com/PALISADEBOB/status/878622805314732034
2017-06-14 15:31:20,ADHDInAdults,,0,0,1,"Dyanavel XR is a once formula that could be helpful for you. Learn more. http://bit.ly/2pwxJmo",,,,875012788816687104,https://twitter.com/ADHDInAdults/status/875012788816687104
2017-06-02 15:47:05,manii_nicole,Kokochamaaaa,0,0,1,"Dyanavel in the morning and Clonidine to put them to sleep lol",,,,870668098059161602,https://twitter.com/manii_nicole/status/870668098059161602
2017-05-26 04:15:28,amplia2mente,,0,0,0,"Dyanavel XR (Amphetamine Extended-release Oral Suspension) - updated on RxList http://ift.tt/2r3i8OQ",,,,867957333195767809,https://twitter.com/amplia2mente/status/867957333195767809
2017-05-24 00:30:31,LS_Medical,,0,0,0,"Missed Them? #FDA drug approvals/updates as of Tuesday, May 16: Cefprozil, Dyanavel Xr, Fluorouracil and others: http://ht.ly/l6Uy308xZj4",,,#FDA,867175947224657920,https://twitter.com/LS_Medical/status/867175947224657920
2017-05-19 07:23:34,RxDrugLabels,,0,0,0,"Rx Package Insert: Dyanavel XR, by Tris Pharma Inc http://bit.ly/2rxK0rZ",,,,865467955949125632,https://twitter.com/RxDrugLabels/status/865467955949125632
2017-05-16 23:00:16,LS_Medical,,0,0,0,"Regulatory News: #FDA drug approvals/changes as of Tuesday, May 16: Cefprozil, Dyanavel Xr, Fluorouracil and others: http://ht.ly/l6Uy308xZj4",,,#FDA,864616516909756418,https://twitter.com/LS_Medical/status/864616516909756418
2017-05-14 15:30:16,ADHDInAdults,,0,0,0,"Dyanavel XR is a once formula that could be helpful for you. Learn more. http://bit.ly/2pwxJmo",,,,863778496673456129,https://twitter.com/ADHDInAdults/status/863778496673456129
2017-05-12 21:30:04,ADHDInAdults,,0,0,0,"Dyanavel XR is a once daily formula that could be helpful for you. Learn more. http://bit.ly/2pwxJmo",,,,863144268319379458,https://twitter.com/ADHDInAdults/status/863144268319379458
2017-03-23 19:44:20,TrialBulletin,,0,0,0,"Dyanavel® XR Extended-Release Oral Suspension in the Treatment of Children With ADHD: A Laboratory School Study: S… http://bit.ly/2nsuduW",,,,844998265003282435,https://twitter.com/TrialBulletin/status/844998265003282435
2017-03-14 15:34:26,Krapauw,,0,0,0,"#Dyanavel® XR (#amphetamine with #bubblegum flavour) - Savings Offer #dexamfetamine",,,#Dyanavel #amphetamine #bubblegum #dexamfetamine,841673884260806657,https://twitter.com/Krapauw/status/841673884260806657
2017-02-20 13:10:28,EmotionalLife,,0,0,0,"Have you heard of Dyanavel? http://fb.me/8qiizUcOh",,,,833665120513511424,https://twitter.com/EmotionalLife/status/833665120513511424
2017-02-16 17:52:10,BrainstormPsych,,0,0,0,"What Is Dyanavel? https://blogs.psychcentral.com/living-with-adhd/2017/02/what-is-dyanavel/ #mhsm #mentalhealth",,,#mhsm #mentalhealth,832286460657152001,https://twitter.com/BrainstormPsych/status/832286460657152001
2017-02-16 17:51:10,PsychCentral,,0,3,3,"What Is Dyanavel? https://blogs.psychcentral.com/living-with-adhd/2017/02/what-is-dyanavel/ #mhsm #mentalhealth",,,#mhsm #mentalhealth,832286212031328256,https://twitter.com/PsychCentral/status/832286212031328256
2017-02-16 17:17:11,FindLearnShare,,0,0,0,"Pharma Trial Suggests Dyanavel XR Is Safe and Effective for Treating ADHD in Children http://j.mp/2kiHxBI",,,,832277657156980736,https://twitter.com/FindLearnShare/status/832277657156980736
2017-02-16 14:14:35,ChangeBehaviors,,0,0,0,"What Is Dyanavel? http://dlvr.it/NP3JxZ http://bit.ly/1qwGP2b",,,,832231704651714561,https://twitter.com/ChangeBehaviors/status/832231704651714561
2017-02-16 14:00:41,nyctherapy,,0,0,0,"#psychology What Is Dyanavel? - Introduction You may have heard of various Attention Deficit Hyperactivity Diso... http://ow.ly/ZE1y509ANr2",,,#psychology,832228207143350273,https://twitter.com/nyctherapy/status/832228207143350273
2017-02-16 13:55:11,EmotionalLife,,0,0,0,"What Is Dyanavel? https://blogs.psychcentral.com/living-with-adhd/2017/02/what-is-dyanavel/?utm_source=dlvr.it&amp;utm_medium=twitter",,,,832226825015218181,https://twitter.com/EmotionalLife/status/832226825015218181
2017-02-09 20:52:27,pharma_sector,,0,0,0,"#TrisPharma's Results from a Laboratory Classroom Study of DYANAVEL® XR in Children with ADHD F... Read more: http://owler.us/accBWp",,,#TrisPharma,829795116990685184,https://twitter.com/pharma_sector/status/829795116990685184
2017-02-09 20:35:25,danvantri,,0,0,0,"Tris Pharma’s Results from a Laboratory Classroom Study of DYANAVEL&amp;amp;#174; XR in Children with ADHD F ... - http://bit.ly/2kYwsVz",,,,829790830747586563,https://twitter.com/danvantri/status/829790830747586563
2017-02-09 19:10:22,pharma_sector,,0,0,0,"#TrisPharma, Inc.???s Results From A Laboratory Classroom Study Of DYANAVEL XR In Children With... Read more: http://owler.us/acczBY",,,#TrisPharma,829769427981783040,https://twitter.com/pharma_sector/status/829769427981783040
2017-02-09 18:28:06,BiotechWorld,,0,0,0,"Tris Pharma, Inc.???s Results From A Laboratory Classroom Study Of DYANAVEL XR In Children With ADHD Featured At http://dlvr.it/NKx6JF",,,,829758789859504129,https://twitter.com/BiotechWorld/status/829758789859504129
2017-02-09 18:26:50,OpineHEALTH,,0,0,0,"PRESS RELEASE » Tris Pharma’s Results from a Laboratory Classroom Study of DYANAVEL® XR in Children with ADHD Featured at APSARD …",,,,829758471704870913,https://twitter.com/OpineHEALTH/status/829758471704870913
2017-02-09 18:18:38,BW_Health,,0,0,0,"Tris Pharma’s Results from a Laboratory Classroom Study of DYANAVEL® XR in Children with ADHD Featured at APSARD http://dlvr.it/NKwwXv",,,,829756408362995712,https://twitter.com/BW_Health/status/829756408362995712
2017-02-09 18:15:36,BW_Consumer,,0,0,0,"Tris Pharma’s Results from a Laboratory Classroom Study of DYANAVEL® XR in Children with ADHD Featured at APSARD http://dlvr.it/NKws4w",,,,829755645771460609,https://twitter.com/BW_Consumer/status/829755645771460609
2017-02-09 18:15:36,BW_Tradeshow,,0,0,0,"Tris Pharma’s Results from a Laboratory Classroom Study of DYANAVEL® XR in Children with ADHD Featured at APSARD http://dlvr.it/NKws6F",,,,829755645507182594,https://twitter.com/BW_Tradeshow/status/829755645507182594
2017-02-09 18:06:35,BW_Science,,0,0,0,"Tris Pharma’s Results from a Laboratory Classroom Study of DYANAVEL® XR in Children with ADHD Featured at APSARD http://dlvr.it/NKwfqf",,,,829753375524663296,https://twitter.com/BW_Science/status/829753375524663296
2017-02-09 18:06:05,BW_ProdServ,,0,0,0,"Tris Pharma’s Results from a Laboratory Classroom Study of DYANAVEL® XR in Children with ADHD Featured at APSARD http://dlvr.it/NKwf94",,,,829753250433818626,https://twitter.com/BW_ProdServ/status/829753250433818626
2017-01-16 21:44:12,Advokat48,KeithOlbermann,0,0,0,"@ddale8 wow, the herkey jerkey stream of consciousness is classic ADHD. Rx him some Dyanavel.",,@ddale8,,821110831937187841,https://twitter.com/Advokat48/status/821110831937187841
2016-10-31 02:41:02,addboymike,,0,0,0,"Dyanavel XR effective, safe for ADHD in children http://goo.gl/alerts/IVIqr #GoogleAlerts Addboy Blog &amp; eBooks - http://addsolutionscenter.blogspot.com/",,,#GoogleAlerts,792919277795942400,https://twitter.com/addboymike/status/792919277795942400
2016-10-27 22:13:01,PsychAnnals,,0,0,0,"#PsychCongress poster: #Dyanavel XR effective, safe for #ADHD in #children",,,#PsychCongress #Dyanavel #ADHD #children,791764667987292161,https://twitter.com/PsychAnnals/status/791764667987292161
2016-08-26 16:53:18,ncpeds,,0,0,0,"Thanks for exhibiting at #ncpeds Annual Meeting last week Dyanavel! ",,,#ncpeds,769216159124185089,https://twitter.com/ncpeds/status/769216159124185089
2016-08-04 19:03:00,ComplexPharm,,0,0,0,"Tris Pharma launches DYANAVEL XR oral suspension, CII to treat Children with ADHD http://bit.ly/1rjn3bo #pharma",,,#pharma,761276266523795456,https://twitter.com/ComplexPharm/status/761276266523795456
2016-04-23 17:02:33,madan1arvind,,0,0,0,"Tris Pharma launches DYANAVEL XR oral suspension, CII to treat Children with ADHD -... http://fb.me/1Gh8s3I3f",,,,723920003825840128,https://twitter.com/madan1arvind/status/723920003825840128
2016-04-21 14:48:23,SeanDzy,,0,0,0,"Dyanavel XR now available for ADHD in US http://bit.ly/22Qo3yQ",,,,723161465641795584,https://twitter.com/SeanDzy/status/723161465641795584
2016-04-20 18:53:28,Pediatrics_Bio,,0,0,0,"#pediatrics news: Tris Pharma launches Dyanavel XR - David SalazarThe drug is indicated to treat attention defi... http://ow.ly/8JBFTv",,,#pediatrics,722860755654152192,https://twitter.com/Pediatrics_Bio/status/722860755654152192
2016-04-20 18:03:39,DeliveryDrug,,0,0,0,"Tris Pharma launches Dyanavel XR - David SalazarThe drug is indicated to treat attention deficithyperactivity d... http://ow.ly/8JBymv",,,,722848218057478144,https://twitter.com/DeliveryDrug/status/722848218057478144
2016-04-20 18:02:54,BioPortfolio,,0,0,0,"News: Tris Pharma launches Dyanavel XR http://ow.ly/8JBxEG",,,,722848028357500929,https://twitter.com/BioPortfolio/status/722848028357500929
2016-04-20 17:59:03,DeliveryDrug,,0,0,0,"Tris Pharma launches Dyanavel XR: David SalazarThe drug is indicated to treat attention deficithyperactivity d... http://bit.ly/2418nLC",,,,722847061343744000,https://twitter.com/DeliveryDrug/status/722847061343744000
2016-04-20 17:40:47,PatGussitrueman,,0,0,0,"Dyanavel XR now available for ADHD in US – Healio http://ift.tt/1SvMLVQ",,,,722842460729303041,https://twitter.com/PatGussitrueman/status/722842460729303041
2016-04-20 17:40:03,imogensibyl3,,0,0,0,"Dyanavel XR now available for ADHD in US – Healio http://ift.tt/1SvMLVQ",,,,722842278604251136,https://twitter.com/imogensibyl3/status/722842278604251136
2016-04-20 17:40:02,carmelitaasrri2,,0,0,0,"Dyanavel XR now available for ADHD in US – Healio http://ift.tt/1SvMLVQ",,,,722842273864683520,https://twitter.com/carmelitaasrri2/status/722842273864683520
2016-04-20 17:39:22,ZacherieIsak,,0,0,0,"Dyanavel XR now available for ADHD in US – Healio http://ift.tt/1SvMLVQ",,,,722842106797170689,https://twitter.com/ZacherieIsak/status/722842106797170689
2016-04-20 17:39:16,YvorMarve,,0,0,0,"Dyanavel XR now available for ADHD in US – Healio http://ift.tt/1SvMLVQ",,,,722842082558275584,https://twitter.com/YvorMarve/status/722842082558275584
2016-04-20 17:39:12,VergeCosme,,0,0,0,"Dyanavel XR now available for ADHD in US – Healio http://ift.tt/1SvMLVQ",,,,722842064887615488,https://twitter.com/VergeCosme/status/722842064887615488
2016-04-20 17:38:30,JeffersonPoul,,0,0,0,"Dyanavel XR now available for ADHD in US – Healio http://ift.tt/1SvMLVQ",,,,722841889679020032,https://twitter.com/JeffersonPoul/status/722841889679020032
2016-04-20 17:38:26,RenadoHenry,,0,0,0,"Dyanavel XR now available for ADHD in US – Healio http://ift.tt/1SvMLVQ",,,,722841873069563904,https://twitter.com/RenadoHenry/status/722841873069563904
2016-04-20 17:38:22,emmerich_josh,,0,0,0,"Dyanavel XR now available for ADHD in US – Healio http://ift.tt/1SvMLVQ",,,,722841854341988354,https://twitter.com/emmerich_josh/status/722841854341988354
2016-04-20 17:37:54,StanleyAlejoa,,0,0,0,"Dyanavel XR now available for ADHD in US – Healio http://ift.tt/1SvMLVQ",,,,722841738117783552,https://twitter.com/StanleyAlejoa/status/722841738117783552
2016-04-20 17:33:16,nicolffertleff2,,0,0,0,"Dyanavel XR now available for ADHD in US – Healio http://ift.tt/1SvMLVQ",,,,722840572550123520,https://twitter.com/nicolffertleff2/status/722840572550123520
2016-04-20 16:53:43,greggsdiabetes,,0,0,0,"Dyanavel XR now available for ADHD in US http://goo.gl/4Gby3R Tris Pharma Inc. recently announced the launch of Gregg&amp;#039;s Diabetes",,,,722830618833350656,https://twitter.com/greggsdiabetes/status/722830618833350656
2016-04-20 13:17:26,PsychAnnals,,0,0,1,"#FDA news: Dyanavel XR now available for #ADHD in US http://bit.ly/1peRGwK #pediatrics #development",,,#FDA #ADHD #pediatrics #development,722776188347944960,https://twitter.com/PsychAnnals/status/722776188347944960
2016-04-20 13:14:34,pharma_sector,,0,0,1,"#TrisPharma launches DYANAVEL XR oral suspension, CII to treat Children with ADHD. Read more: http://owler.us/abjIKO",,,#TrisPharma,722775465455280128,https://twitter.com/pharma_sector/status/722775465455280128
2016-04-20 13:10:24,danvantri,,0,0,0,"Tris Pharma launches DYANAVEL XR oral suspension, CII to treat Children with ADHD - http://bit.ly/1WdU83u",,,,722774416694898688,https://twitter.com/danvantri/status/722774416694898688
2016-04-20 11:56:23,BeyondPill,,0,0,0,"Tris Pharma launches DYANAVEL XR oral suspension, CII to treat Children with ADHD: Tris Pharma has launched DY... http://bit.ly/1pgvwu2",,,,722755793435492354,https://twitter.com/BeyondPill/status/722755793435492354
2016-04-20 11:53:09,PharmaBR,,0,0,0,"Tris Pharma launches DYANAVEL XR oral suspension, CII to treat Children with ADHD: Tris Pharma has launched DY... http://bit.ly/20WRJew",,,,722754978612322304,https://twitter.com/PharmaBR/status/722754978612322304
2016-04-20 11:53:05,PharmaNewsDaily,,0,2,1,"Pharma News: Tris Pharma launches DYANAVEL XR oral suspension, CII to treat Children with ADHD: Tris Pharma ha... ",,,,722754959444279296,https://twitter.com/PharmaNewsDaily/status/722754959444279296
2016-04-20 11:40:38,Pharma_Leaders,,0,0,0,"Tris Pharma launches DYANAVEL XR oral suspension, CII to treat Children with ADHD http://pharmaleaders.com/tris-pharma-launches-dyanavel-xr-oral-suspension-cii-to-treat-children-with-adhd/",,,,722751826764804096,https://twitter.com/Pharma_Leaders/status/722751826764804096
2016-04-20 09:47:51,Cortellis,,0,0,0,"Tris lanches Dyanavel XR (extended-release oral suspension amphetamine) for attention deficit hyperactivity disorder in US",,,,722723443460976640,https://twitter.com/Cortellis/status/722723443460976640
2016-04-19 13:48:17,pharma_sector,,0,1,0,"#TrisPharma, Inc. Announces The Launch Of DYANAVEL XR (Amphetamine) Extended-Release Oral Suspe... Read more: http://owler.us/ablpHA",,,#TrisPharma,722421563610370048,https://twitter.com/pharma_sector/status/722421563610370048
2016-04-19 12:48:27,Neurology_Bio,,0,0,0,"#Neurology News: Tris Pharma Announces the Launch of DYANAVEL XR amphetamine Extendedrelease Oral Suspension CI... http://ow.ly/8JynYw",,,#Neurology,722406508617678849,https://twitter.com/Neurology_Bio/status/722406508617678849
2015-12-02 16:37:41,jameslarossa,,0,0,0,"FDA OKAYS ONCE-DAILY DYANAVEL XR FOR ADHD IN CHILDREN..http://medworksmedia.com/fda-okays-daily-dyanavel-xr-adhd-children/",,,,672092280845545475,https://twitter.com/jameslarossa/status/672092280845545475
2015-11-23 22:35:24,Pharma_GD,,0,1,0,"Tris Pharma has received #FDA approval for #ADHD treatment, Dyanavel XR http://ow.ly/UXx6C",,,#FDA #ADHD,668920814885060608,https://twitter.com/Pharma_GD/status/668920814885060608
2015-11-19 09:10:11,Pharma_GD,,0,0,0,"#Tris #Pharma's Dyanavel XR provides a convenient delivery method for the treatment of young children: http://ow.ly/UPzfw #pediatrics",,,#Tris #Pharma #pediatrics,667268623313039360,https://twitter.com/Pharma_GD/status/667268623313039360
2015-11-17 02:20:25,Pharma_GD,,0,0,1,"Dyanavel XR provides extended release of amphetamine for the treatment of #ADHD: http://ow.ly/UGTff #pharma",,,#ADHD #pharma,666440726071365632,https://twitter.com/Pharma_GD/status/666440726071365632
2015-11-15 01:17:03,ComplexPharm,,0,0,0,"Tris Pharma Receives FDA Approval of Dyanavel XR (amphetamine) Once-Daily Liquid for ADHD in Children http://bit.ly/1ZVEyez #pharma",,,#pharma,665700001293737984,https://twitter.com/ComplexPharm/status/665700001293737984
2015-11-11 15:20:15,Pharma_GD,,0,0,0,"Tris Pharma announced #FDA approval for Dyanavel XR: http://ow.ly/UwmLr #pharma",,,#FDA #pharma,664462651360198657,https://twitter.com/Pharma_GD/status/664462651360198657
2015-11-05 16:32:07,Pharma_GD,,0,0,0,"FDA approved Dyanavel XR therefore provides a convenient delivery method for the #treatment of #ADHD: http://ow.ly/Uf7SR",,,#treatment #ADHD,662306409606946816,https://twitter.com/Pharma_GD/status/662306409606946816
2015-11-04 17:42:46,PharmacyPodcast,,0,0,0,"Pharmacy_Times: #Rxchat: Here was our coverage of the #Dyanavel (liquid #ADHD treatment) approval: http://phrmcyt.ms/1MCltnY",,,#Rxchat #Dyanavel #ADHD,661961801123385344,https://twitter.com/PharmacyPodcast/status/661961801123385344
2015-11-04 17:40:39,Pharmacy_Times,,0,0,5,"#Rxchat: Here was our coverage of the #Dyanavel (liquid #ADHD treatment) approval: http://phrmcyt.ms/1MCltnY",,,#Rxchat #Dyanavel #ADHD,661961268790730752,https://twitter.com/Pharmacy_Times/status/661961268790730752
2015-11-04 03:25:11,Pharma_GD,,0,0,1,"FDA Approves Tris Pharma’s Dyanavel XR, the First Long-Acting Liquid Amphetamine for Treatment #ADHD Treatment: http://ow.ly/Ucjk7",,,#ADHD,661745982770708480,https://twitter.com/Pharma_GD/status/661745982770708480
2015-11-02 09:20:37,Pharma_GD,,0,0,0,"Dyanavel XR, anticipated to be launched in 2016, is first liquid amphetamine product for #ADHD treatment: http://ow.ly/TZh9F #pharma",,,#ADHD #pharma,661110652841390080,https://twitter.com/Pharma_GD/status/661110652841390080
2015-10-31 23:40:50,RealGPSN,,0,0,0,"FDA Approved Dyanavel XR (amphetamine) CII As Once-Daily Liquid For Treatment Of ADHD In Children http://fb.me/KdD6Zl5g",,,,660602360306245632,https://twitter.com/RealGPSN/status/660602360306245632
2015-10-30 05:29:00,Change_HC,,0,0,0,"FDA Okays Once-Daily Dyanavel XR for ADHD in Children http://j.mp/1W4nsq0",,,,659965201840799744,https://twitter.com/Change_HC/status/659965201840799744
2015-10-28 18:15:38,MPCToxtidbits,,0,0,0,"FDA approves Dyanavel XR (amphetamine) CII as once-daily liquid for ADHD in children http://www.prnewswire.com/news-releases/tris-pharma-receives-fda-approval-of-dyanavel-xr-amphetamine-cii-as-once-daily-liquid-for-treatment-of-adhd-in-children-300162789.html",,,,659433358443814912,https://twitter.com/MPCToxtidbits/status/659433358443814912
2015-10-28 17:47:12,BMCNY1,,0,0,0,"FDA Okays Once-Daily Dyanavel XR for ADHD in Children http://www.medscape.com/viewarticle/852988?src=sttwit",,,,659426200394342400,https://twitter.com/BMCNY1/status/659426200394342400
2015-10-28 17:05:04,SEMAdolescente,,0,0,0,"http://www.medscape.com/viewarticle/852988?nlid=89445_2046&amp;src=wnl_edit_medn_peds&amp;uac=243853BN&amp;spon=9&amp;impID=866157&amp;faf=1DA Okays Once-Daily Dyanavel XR for ADHD in Children",,,,659415595998248960,https://twitter.com/SEMAdolescente/status/659415595998248960
2015-10-27 03:59:29,PKchennupati,,0,0,0,"FDA Approves Tris Pharma’s Dyanavel XR – the First Long-Acting Liquid Amphetamine for the... http://fb.me/Kjl7mT9w",,,,658855512050569216,https://twitter.com/PKchennupati/status/658855512050569216
2015-10-26 16:15:01,mehealthADHD,,0,1,1,".@Medscape reports the #FDA has approved Dyanavel XR for treating children w/ #ADHD http://snip.ly/M1Lt #ADHDAwareness #healthcare",,@Medscape,#FDA #ADHD #ADHDAwareness #healthcare,658678224663109632,https://twitter.com/mehealthADHD/status/658678224663109632
2015-10-26 13:15:31,Pharma_GD,,0,0,0,"#FDA Approves Tris Pharma’s Dyanavel XR – the First Long-Acting Liquid Amphetamine for the #Treatment for #ADHD; http://ow.ly/TPRRl",,,#FDA #Treatment #ADHD,658633052621553664,https://twitter.com/Pharma_GD/status/658633052621553664
2015-10-26 03:25:35,PharmaNewsUSA,,0,0,0,"Tris Pharma receives @US_FDA approval for Dyanavel XR ADHD treatment http://americanpharmacynews.com/stories/510644489-tris-pharma-receives-fda-approval-for-dyanavel-xr-adhd-treatment",,@US_FDA,,658484593473916928,https://twitter.com/PharmaNewsUSA/status/658484593473916928
2015-10-24 18:01:10,arturotozzi,,0,1,0,"FDA Okays Once-Daily Dyanavel XR for ADHD in Children (amphetamine) http://www.medscape.com/viewarticle/852988?nlid=89445_2046&amp;src=wnl_edit_medn_peds&amp;uac=199491SJ&amp;spon=9&amp;impID=866157&amp;faf=1 #neurology",,,#neurology,657980162525515778,https://twitter.com/arturotozzi/status/657980162525515778
2015-10-23 21:30:59,formaleyouth,,0,0,0,"FDA Okays Once-Daily Dyanavel XR for ADHD in Children http://www.medscape.com/viewarticle/852988?src=wnl_edit_newsal&amp;uac=177917ST&amp;impID=864134&amp;faf=1?src=sttwit",,,,657670580049739776,https://twitter.com/formaleyouth/status/657670580049739776
2015-10-23 19:32:05,4HopefulFutures,,0,0,0,"What do we know abt Dyanavel XR: lone FDA approved liquid long-acting amphetamine for ADHD in Kids in US? How safe? http://www.medscape.com/viewarticle/852988",,,,657640655045439489,https://twitter.com/4HopefulFutures/status/657640655045439489
2015-10-23 19:31:37,MMConneely,,0,0,0,"FDA Okays Once-Daily #Dyanavel XR for #ADHD in Children http://ow.ly/TKjnU http://fb.me/4jwwVTOvI",,,#Dyanavel #ADHD,657640537508442112,https://twitter.com/MMConneely/status/657640537508442112
2015-10-23 16:27:56,jaeBROWN,,0,0,0,"FDA Okays Once-Daily Dyanavel XR for ADHD in Children http://www.medscape.com/viewarticle/852988?src=wnl_edit_newsal&amp;uac=227747FG&amp;impID=864134&amp;faf=1?src=sttwit",,,,657594314558717952,https://twitter.com/jaeBROWN/status/657594314558717952
2015-10-23 10:29:38,UKiwiS,,0,0,0,"US FDA approves Tris Pharma's Dyanavel XR CII to treat ADHD in children: Tris Pharma, Inc. (Tris), a specialty... http://bit.ly/1hZSi5L",,,,657504142580019201,https://twitter.com/UKiwiS/status/657504142580019201
2015-10-23 01:37:17,psychopharmacol,,0,0,0,"FDA has approved Dyanavel XR (amphetamine), a once-daily ER oral liquid, for AD/HD in children aged 6 yrs and older http://www.medscape.com/viewarticle/852988",,,,657370175201812480,https://twitter.com/psychopharmacol/status/657370175201812480
2015-10-22 17:44:04,ThatNeuroGuy,,0,0,0,"FDA Okays Once-Daily Dyanavel XR for #ADHD in Children http://www.medscape.com/viewarticle/852988?src=sttwit",,,#ADHD,657251086928105472,https://twitter.com/ThatNeuroGuy/status/657251086928105472
2015-10-22 14:14:13,JBAshtin,,0,0,0,"#FDA approves #amphetamine oral suspension for #ADHD, Dyanavel XR, for kids 6 yrs &amp; older. Will be available 2016: http://buff.ly/1RqlmiX",,,#FDA #amphetamine #ADHD,657198275490091008,https://twitter.com/JBAshtin/status/657198275490091008
2015-10-22 13:05:18,davidnowell,,0,0,0,"FDA Okays Once-Daily Dyanavel XR for ADHD in Children http://buff.ly/1LOkkgF",,,,657180930164072448,https://twitter.com/davidnowell/status/657180930164072448
2015-10-22 09:00:22,DailyRounds,,0,1,0,"#FDA approves #Dyanavel for #ADHD #NewDrug #DrugDelivery http://buff.ly/1PIcMh7",,,#FDA #Dyanavel #ADHD #NewDrug #DrugDelivery,657119290911531008,https://twitter.com/DailyRounds/status/657119290911531008
2015-10-22 08:24:35,MediscionSA,,0,0,0,"FDA Okays Once-Daily Dyanavel XR for ADHD in Children http://bit.ly/1QWcCBa",,,,657110287661707264,https://twitter.com/MediscionSA/status/657110287661707264
2015-10-22 02:25:51,DrJayCapunitan,,0,0,0,"FDA Okays Once-Daily Dyanavel XR for ADHD in Children https://lnkd.in/dVudPCc",,,,657020009349255168,https://twitter.com/DrJayCapunitan/status/657020009349255168
2015-10-21 19:37:33,Drugdevelopmen,,0,0,0,"FDA Okays Once-Daily Dyanavel XR for ADHD in Children - Medscape http://dlvr.it/CWC8Wt",,,,656917256308264960,https://twitter.com/Drugdevelopmen/status/656917256308264960
2015-10-21 17:57:50,MedPipeline,,0,0,0,"Tris Pharma Gets #FDA Approval of #Dyanavel XR (#amphetamine) Once-Daily Liquid for #ADHD in Children http://www.drugs.com/newdrugs/tris-pharma-receives-fda-approval-dyanavel-xr-amphetamine-once-daily-liquid-adhd-children-4280.html @drugscom #RPh",,@Drugscom,#FDA #Dyanavel #amphetamine #ADHD #RPh,656892160394944512,https://twitter.com/MedPipeline/status/656892160394944512
2015-10-21 15:54:45,eramoscampoy,,0,0,0,"FDA Okays Once-Daily Dyanavel XR for ADHD in Children http://wb.md/1jTFJdk",,,,656861188320399360,https://twitter.com/eramoscampoy/status/656861188320399360
2015-10-21 15:34:03,NutritionMDoc,,0,0,0,"Nutrition:FDA Okays Once-Daily Dyanavel XR for ADHD in Children &gt; The FDA has approved Dyanavel XR, a onc... http://bit.ly/1MToPqU #health",,,#health,656855975496982528,https://twitter.com/NutritionMDoc/status/656855975496982528
2015-10-21 15:10:37,DrJohnRManzella,,0,0,0,"FDA Okays Once-Daily Dyanavel XR for ADHD in Children http://www.medscape.com/viewarticle/852988?src=wnl_edit_newsal&amp;uac=241172HN&amp;impID=864132&amp;faf=1",,,,656850081937817600,https://twitter.com/DrJohnRManzella/status/656850081937817600
2015-10-21 11:46:33,lazpujol,,0,0,0,"Tris Pharma Receives FDA Approval of Dyanavel XR (amphetamine) Once-Daily Liquid for ADHD in Children http://www.drugs.com/newdrugs/tris-pharma-receives-fda-approval-dyanavel-xr-amphetamine-once-daily-liquid-adhd-children-4280.html #ADHD",,,#ADHD,656798726502109184,https://twitter.com/lazpujol/status/656798726502109184
2015-10-21 09:04:54,Cortellis,,0,0,0,"Tris’s Dyanavel XR (amphetamine) receives US approval for attention deficit hyperactivity disorder; launch expected 2016",,,,656758044139896832,https://twitter.com/Cortellis/status/656758044139896832
2015-10-21 05:31:36,HANGNASTY_720,,0,0,1,"Tris Pharma Receives FDA Approval of Dyanavel XR (amphetamine) Once-Daily Liquid for ADHD in Children http://www.drugs.com/newdrugs/tris-pharma-receives-fda-approval-dyanavel-xr-amphetamine-once-daily-liquid-adhd-children-4280.html via @drugscom",,@Drugscom,,656704365785276417,https://twitter.com/HANGNASTY_720/status/656704365785276417
2015-10-21 03:56:42,Just_My_Type,,0,0,0,"Tris Pharma Receives FDA Approval of Dyanavel XR (amphetamine) Once-Daily Liquid for ADHD in Children: MONMOUT... http://bit.ly/1koqdXx",,,,656680485410635776,https://twitter.com/Just_My_Type/status/656680485410635776
2015-10-21 01:36:00,Anna_Bird15,,0,0,0,"FDA Approves #Dyanavel XR (amphetamine) Liquid for #ADHD in Children http://www.drugs.com/newdrugs/tris-pharma-receives-fda-approval-dyanavel-xr-amphetamine-once-daily-liquid-adhd-children-4280.html?utm_source=ddc&amp;utm_medium=email&amp;utm_campaign=Tris+Pharma+Receives+FDA+Approval+of+Dyanavel+XR+%28amphetamine%29+Once-Daily+Liquid+for+ADHD+in+Children",,,#Dyanavel #ADHD,656645073757560836,https://twitter.com/Anna_Bird15/status/656645073757560836
2015-10-21 01:25:15,GeofryDryer,,0,0,0,"Tris Pharma Receives FDA Approval of Dyanavel XR (amphetamine) Once-Daily Liquid for ADHD in Children: http://ift.tt/1M6Fwk1",,,,656642371795468288,https://twitter.com/GeofryDryer/status/656642371795468288
2015-10-20 23:45:11,DrugscomNew,,0,0,0,"Tris Pharma Receives FDA Approval of Dyanavel XR (amphetamine) Once-Daily Liquid for #ADHD in Children #DyanavelXR - http://bit.ly/1LC6has",,,#ADHD #DyanavelXR,656617185578618880,https://twitter.com/DrugscomNew/status/656617185578618880
2015-10-20 23:45:10,Drugscom,,0,3,2,"Tris Pharma Receives FDA Approval of Dyanavel XR (amphetamine) Once-Daily Liquid for #ADHD in Children #DyanavelXR - http://bit.ly/1LC6has",,,#ADHD #DyanavelXR,656617184169357312,https://twitter.com/Drugscom/status/656617184169357312
2015-10-20 23:06:24,ADD_ADHD_News,,0,0,0,"FDA Approves Liquid ADHD Treatment for Kids: ... amphetamine oral suspension (Dyanavel XR) for the treatment o... http://bit.ly/1hRqa4O",,,,656607427777789952,https://twitter.com/ADD_ADHD_News/status/656607427777789952
2015-10-20 19:28:15,UKiwiS,,0,0,0,"FDA approves Tris Pharma's Dyanavel XR: MONMOUTH JUNCTION, N.J. — Tris Pharma on Tuesday announced that it had... http://bit.ly/1M52DVO",,,,656552529774272512,https://twitter.com/UKiwiS/status/656552529774272512
2015-10-20 19:02:50,BioPortfolio,,0,0,0,"News: FDA approves Tris Pharmas Dyanavel XR http://ow.ly/35Rm41",,,,656546130419974144,https://twitter.com/BioPortfolio/status/656546130419974144
2015-05-24 19:22:53,VanessaKachadur,,0,0,0,"Vanessa Kachadurian FDA accepts for review New Drug Application for Dyanavel XR - http://goo.gl/alerts/lnR5 #NewDiscoveries #OrphanDrug",,,#NewDiscoveries #OrphanDrug,602555386055426048,https://twitter.com/VanessaKachadur/status/602555386055426048
2015-05-22 22:34:07,JetalonGuru,,0,0,0,"FDA accepts for review New Drug Application for Dyanavel XR in ADHD http://goo.gl/hzPpYC",,,,601878736158511104,https://twitter.com/JetalonGuru/status/601878736158511104
2015-05-22 14:49:02,acafarmur,,0,0,0,"#FARMACIA: FDA accepts for review New Drug Application for Dyanavel XR in ADHD http://www.europeanpharmaceuticalreview.com/31819/news/industry-news/fda-accepts-for-review-new-drug-application-for-dyanavel-xr-in-adhd/",,,#FARMACIA,601761691135844353,https://twitter.com/acafarmur/status/601761691135844353
2015-05-22 12:13:23,PharmaNewsDaily,,0,0,0,"Pharma News: FDA accepts Tris Pharma's NDA for Dyanavel XR to treat ADHD http://ow.ly/2YWXDb",,,,601722521952583680,https://twitter.com/PharmaNewsDaily/status/601722521952583680
2015-05-22 12:02:58,PharmaNewsDaily,,0,1,0,"Pharma News: FDA accepts Tris Pharma's NDA for Dyanavel XR to treat ADHD: The US Food and Drug Administration ... http://bit.ly/1K8F2V0",,,,601719900529250304,https://twitter.com/PharmaNewsDaily/status/601719900529250304
2015-05-22 11:30:13,BeyondPill,,0,0,0,"FDA accepts Tris Pharma's NDA for Dyanavel XR to treat ADHD: The US Food and Drug Administration (FDA) has acc... http://bit.ly/1R9wUaW",,,,601711659250364417,https://twitter.com/BeyondPill/status/601711659250364417
2015-05-22 11:30:13,PharmaBR,,0,0,0,"FDA accepts Tris Pharma's NDA for Dyanavel XR to treat ADHD: The US Food and Drug Administration (FDA) has acc... http://bit.ly/1R9wUb5",,,,601711658336002048,https://twitter.com/PharmaBR/status/601711658336002048
2015-05-22 11:30:12,pispopharma,,0,0,0,"FDA accepts Tris Pharma's NDA for Dyanavel XR to treat ADHD: The US Food and Drug Administration (FDA) has acc... http://bit.ly/1R9wUaW",,,,601711653520936960,https://twitter.com/pispopharma/status/601711653520936960
2015-05-22 09:56:35,Cortellis,,0,0,0,"US FDA accepts Tris’ NDA for Dyanavel XR (extended-release amphetamine) for ADHD; PDUFA date set for mid-October 2015",,,,601688096816570368,https://twitter.com/Cortellis/status/601688096816570368
2015-05-21 13:19:13,DTNPharmaNews,,0,0,1,"DTN Pharma News: FDA accepts Tris Pharma's Dyanavel XR NDA for review: Tris Pharma, Inc. announced that U.S. F... http://bit.ly/1FEj8eE",,,,601376701684158464,https://twitter.com/DTNPharmaNews/status/601376701684158464
2015-05-21 13:10:28,Flavio58,,0,0,0,"FDA accepts Tris Pharma's Dyanavel XR NDA for review: Tris Pharma, Inc. announced that U.S. Food and Drug Admi... http://ln.is/www.news-medical.net/CZvWK",,,,601374498554785792,https://twitter.com/Flavio58/status/601374498554785792
2015-05-21 13:10:26,NatMed_Research,,0,0,0,"FDA accepts Tris Pharma's Dyanavel XR NDA for review: Tris Pharma, Inc. announced that U.S. Food and Drug Admi... http://bit.ly/1ShO9IC",,,,601374491562745856,https://twitter.com/NatMed_Research/status/601374491562745856
2015-05-21 13:10:24,MexicanPharma,,0,0,0,"FDA accepts Tris Pharma's Dyanavel XR NDA for review: Tris Pharma, Inc. announced that U.S. Food and Drug Admi... http://bit.ly/1ShO9Zp",,,,601374482024910848,https://twitter.com/MexicanPharma/status/601374482024910848
2015-05-21 13:10:23,saintlukman,,0,0,0,"FDA accepts Tris Pharma's Dyanavel XR NDA for review: Tris Pharma, Inc. announced that U.S. Food and Drug Admi... http://bit.ly/1LoTvxb",,,,601374480057905152,https://twitter.com/saintlukman/status/601374480057905152
2015-05-21 13:10:21,mytotalhealthng,,0,0,0,"FDA accepts Tris Pharma's Dyanavel XR NDA for review: Tris Pharma, Inc. announced that U.S. Food and Drug Admi... http://bit.ly/1ShO9IC",,,,601374471753113600,https://twitter.com/mytotalhealthng/status/601374471753113600
2015-05-21 12:07:44,Pediatrics_Bio,,0,0,0,"#pediatrics news: Tris Pharma Announces the FDA Acceptance of NDA for Dyanavel XR http://ow.ly/2YUaP7",,,#pediatrics,601358714701008896,https://twitter.com/Pediatrics_Bio/status/601358714701008896
