date,username,to,replies,retweets,favorites,text,geo,mentions,hashtags,id,permalink
2020-03-10 16:46:32,LithiumToLashes,,0,0,0,"Took my Evekeo so many Beni could focus on getting some work done. Been having internet issues all morning. So with taking time to figure that out I missed the sweet spot of hyper focus and have hit the heart palpitation stage. With no work to show for it. ",,,,1237419580353589250,https://twitter.com/LithiumToLashes/status/1237419580353589250
2020-03-07 18:45:27,XianJaneway,,13,3,39,"I have #ADHD, and so does half of my entire family. We take #Vyvanse &amp; #Evekeo. These are considered Schedule II controlled substances, &amp; I currently have no way to ""stock up"" on prescriptions for an emergency like the #coronavirus. We need these medications to function. Options?",,,#ADHD #Vyvanse #Evekeo #coronavirus,1236362343380066304,https://twitter.com/XianJaneway/status/1236362343380066304
2020-03-02 20:03:06,FioraAeterna,qirenni,0,0,1,"i mean, it's not a complete list ;-) there's also lisdexamfetamine (vyvanse) and racemic amphetamine (evekeo)!",,,,1234569944920018944,https://twitter.com/FioraAeterna/status/1234569944920018944
2020-03-02 14:13:41,lura12ab,,0,0,0,"@tylerblack32 is Evekeo used often in Canada for adhd?",,@tylerblack32,,1234482010711887872,https://twitter.com/lura12ab/status/1234482010711887872
2020-03-01 23:29:22,lura12ab,,0,0,0,"@traceymarksmd are there many differences between Evekeo and adderall? I know the Chemical structure is a little different but is Evekeo worth the increased price ?",,@traceymarksmd,,1234259465370787840,https://twitter.com/lura12ab/status/1234259465370787840
2020-03-01 23:26:07,lura12ab,,0,0,0,"@markwwilsonmd is there much of a difference between Evekeo and adderall? What are the main differences between Levo and dextro amphetamine ?",,@markwwilsonmd,,1234258647837966336,https://twitter.com/lura12ab/status/1234258647837966336
2020-03-01 23:03:42,lura12ab,,0,0,0,"@ADDdoc hey doc, do you find evekeo useful for adhd? What are the differences between Levo and dextro amphetamines? Is one more dopaminergic?",,@ADDdoc,,1234253004859113472,https://twitter.com/lura12ab/status/1234253004859113472
2020-02-28 12:29:33,fireh9lly,fireh9lly,0,0,0,"If you're on Adderall and wish it was more jittery for some reason you can try the oldschool 50/50 formulation under the brand name Evekeo. Pure l-amph isn't very clinically useful, though it is used in some decongestant inhaler products because there is less risk of abuse.",,,,1233368640264818688,https://twitter.com/fireh9lly/status/1233368640264818688
2020-02-14 17:45:20,markwwilsonmd,markwwilsonmd,0,0,2,"(I suddenly blanked on the name cause it starts with 'E' and makes me think if the stimulant Evekeo), stimulants (speaking of stimulants), Strattera, guanfacine, clonidine, modafinil/armodafinil, and probably other esoteric choices (if that's the right word).",,,,1228374680198885376,https://twitter.com/markwwilsonmd/status/1228374680198885376
2020-02-12 15:07:12,catldr,,2,0,4,"Took an evekeo. Let's see how the day goes, kupo.",,,,1227610107342663686,https://twitter.com/catldr/status/1227610107342663686
2020-02-05 00:29:26,DrAlbertoGusta1,,0,0,1,"Amphetamine is a central nervous system stimulant that affects chemicals in the brain and nerves that contribute to hyperactivity and impulse control. Amphetamine is used to treat attention deficit hyperactivity disorder. The Evekeo brand of amphetamine is used to treat ADHD. ",,,,1224852498281717760,https://twitter.com/DrAlbertoGusta1/status/1224852498281717760
2020-02-01 04:20:43,Palitato,vasynaJUNE,1,0,1,"I dont have a crash on mine. Maybe your dose is too high? I also take a booster called Evekeo though! So that might be affecting things.",,,,1223461148000952320,https://twitter.com/Palitato/status/1223461148000952320
2020-01-19 23:19:18,Sai_Pher,,1,2,5,"Guys, serious question: who knows where I can get Adderall, evekeo or their generics either by prescription or over the counter in Accra? Asking for myself pls ",,,,1219036642645807105,https://twitter.com/Sai_Pher/status/1219036642645807105
2020-01-17 05:44:52,beaugunderson,occasionalecho,1,0,0,"are you having trouble getting your prescriptions filled? i’ve been trying to find a pharmacy with evekeo or generic evekeo in stock for like a month now (in seattle) ",,,,1218046508441882625,https://twitter.com/beaugunderson/status/1218046508441882625
2020-01-13 23:31:49,XianJaneway,dreamsofskies,0,0,4,"It's ABSOLUTELY NORMAL. Have you asked your provider for a booster for the end of the day? I take Vyvanse, but it only lasts for 10hrs max. Evekeo gives me an additional 5 hrs, because being a parent has ZERO time off.",,,,1216865465802227712,https://twitter.com/XianJaneway/status/1216865465802227712
2020-01-11 12:34:58,occasionalecho,ErynnBrook,2,0,2,"I take Evekeo which is like Adderall, but with a slightly different composition. It makes all the structures I built to deal with ADHD a whole lot more effective with half as much work. My good habits are stronger and have more sticking power even when the med wears off. 1/2",,,,1215975385139228673,https://twitter.com/occasionalecho/status/1215975385139228673
2020-01-08 17:23:20,KillaCali27,WafflesPharm,2,0,6,"I never know how to say evekeo but hot damn all the kids are doing it.",,,,1214960792807903237,https://twitter.com/KillaCali27/status/1214960792807903237
2020-01-08 16:25:56,WafflesPharm,,34,13,109,"Old school names: Premarin = pregnant mares urine Skelaxin = skeletal muscle relaxing Urispas = urinary spasms New drugs: Aimovig = ? Bonjesta = ? Evekeo = ? What do these mean? It's not a test, I truly have no idea....",,,,1214946345884274688,https://twitter.com/WafflesPharm/status/1214946345884274688
2020-01-03 15:12:08,XianJaneway,lovelokest,1,0,3,"Amphetamine/Adderall family: -Vyvanse -Evekeo -Dexedrine -Adderall XL Methylphenidate/Ritalin family: -Concerta -Daytrana -Quillivant /Quillichew -Ritalin LA -Jornay (a VERY new one you can take at night!)",,,,1213115834991874049,https://twitter.com/XianJaneway/status/1213115834991874049
2019-12-31 04:12:27,adultadhdjp,,0,0,2,"■ADHD DRUG MIXED AMPHETAMINE SALTS ・USA Adderall® or generic Adderall® XR or generic Mydayis® ・Japan Nothing ■ADHD DRUG AMPHETAMINE SULFATE ・USA Evekeo® ・Japan Nothing",,,,1211862656878989312,https://twitter.com/adultadhdjp/status/1211862656878989312
2019-12-30 15:59:23,IPManSays,mjbiren,0,0,0,"You aren’t making the point you think you are—because the Adderall patents expired a decade ago. And there are numerous Adderall alternatives to choose from: Ritalin, Focalin, Dexedrine, Evekeo, Adzenys, Mydayis, Daytrana, Concerta, et al. So which 4-door sedan do you want?",,,,1211678175161393154,https://twitter.com/IPManSays/status/1211678175161393154
2019-12-27 16:54:25,beaugunderson,,1,0,1,"@Palitato hey i noticed you've tweeted about evekeo before... do you have any idea what's up with availability right now? seems like lots of pharmacies don't have it or the new generic version (i just got a new prescription i'm struggling to get filled)",,@Palitato,,1210604863102414848,https://twitter.com/beaugunderson/status/1210604863102414848
2019-12-23 03:30:22,AaronNBlum2,,0,0,0,"https://www.evekeo.com/ evekeo contains l-amp (or levo-amphetamine) — which acts as a peripheral CNS stimulant and has no psychoactive properties, but is however combined with dextroamphetamine. ",,,,1208952965568040960,https://twitter.com/AaronNBlum2/status/1208952965568040960
2019-12-20 10:05:07,iegates,egosashimi,1,0,1,"im an adult... no need to bring it up. or focalin or evekeo, etc",,,,1207965142689841157,https://twitter.com/iegates/status/1207965142689841157
2019-12-12 05:20:52,Palitato,Palitato,0,0,2,"I got mine from my therapist. They have one for Evekeo as well.",,,,1204994505834930176,https://twitter.com/Palitato/status/1204994505834930176
2019-11-30 18:53:48,eevee,,2,0,14,"it is dexadrine (dextro) ER 15 + evekeo (sulfate) IR 5 i've been up for a while already so i just took an IR",,,,1200850434610479105,https://twitter.com/eevee/status/1200850434610479105
2019-11-30 17:08:43,XianJaneway,XianJaneway,1,0,0,"I don't know WHY this happens, but it does. Adderall is a combination of 4 different types of stimulants in the amphetamine family, while others (like Evekeo or Vyvanse) are only 1 or 2. I prefer to NOT throw so many variables on a new patient at once, and start with something",,,,1200823985413525504,https://twitter.com/XianJaneway/status/1200823985413525504
2019-11-25 02:16:43,mojinonai,TakeForGrantd,0,0,2,"ive been on literally everything effexor, welbutrin, strattera, prozac, concerta, evekeo",,,,1198787570760667136,https://twitter.com/mojinonai/status/1198787570760667136
2019-11-17 03:18:18,BetterEd69,cryborg,0,2,1,"Adderall, Evekeo, Adzenys XR-ODT, Adzenys ER, Dyanavel XR, cocaine, meth, or any of the following list. ",,,,1195903964149174272,https://twitter.com/BetterEd69/status/1195903964149174272
2019-11-07 02:05:08,XianJaneway,soniaedarrow,0,0,1,"Evekeo for me, Quillivant for the Vulcan.",,,,1192261672716701696,https://twitter.com/XianJaneway/status/1192261672716701696
2019-11-04 13:44:12,Palitato,Palitato,1,0,1,"Evekeo is very similar to other quick release meds, but it's a LOT smoother. Theres no sudden crash, and more of a steady, slow dip that you can notice happening before it gets too bad. The biggest side effects I've noticed are lack of appetite from the vyvanse, and a weird sort",,,,1191350432888737798,https://twitter.com/Palitato/status/1191350432888737798
2019-11-04 13:40:29,Palitato,tory_scribbles,2,0,2,"I'm on Vyvanse! For me it basically helps still the extra noise and overwhelming input into my brain. At 20mg it made me really good at deciding to take a nap... and gosh they were great naps. I now take 30mg and it's better, lol. I also take a booster called Evekeo that's a 6hr",,,,1191349501350567937,https://twitter.com/Palitato/status/1191349501350567937
2019-10-29 16:26:53,beaugunderson,selentelechia,1,0,1,"ah, gotcha if you like adderall except for that aspect i would recommend trying evekeo if it's not cost-prohibitive for you (it's newer so less likely to be covered by insurance)... for me it was ""adderall but smoother on/off curves and fewer side effects""",,,,1189217047865155587,https://twitter.com/beaugunderson/status/1189217047865155587
2019-10-27 01:48:21,Palitato,MRandjelovic_MA,1,0,3,"Ritalin is not meth. If you are in need of a medication like Ritalin, Vyvanse, Evekeo, or Adderall, it DOES NOT MAKE YOU HIGH it just let's you *function* at the same level as everyone else! ADHD MEDICATIONS ARE NOT METH.",,,,1188271181562028038,https://twitter.com/Palitato/status/1188271181562028038
2019-10-25 18:18:33,Palitato,,1,0,0,"For the nosey among you, I currently take Vyvanse, 30mg, Evekeo 10mg (2x/day), Vitassium Saltstick (2caps, up to 4x/day), vitamin B-12, 5000iu of Vitamin D (I have a severe deficiency), Celecoxib 200mg (anti-inflammatory for my shoulder injury), and Junel to halt periods.",,,,1187795597610409985,https://twitter.com/Palitato/status/1187795597610409985
2019-10-22 00:19:59,XianJaneway,,2,1,34,"I'm just coming back to say it took a *week* to work up the nerve to call my daughter's ped nurse practitioner, to see if she'd prescribe her Evekeo &amp; Zoloft, instead of going to the asshole psych who charges $365 out-of-pocket. I was afraid she'd say no, or rake me over the",,,,1186437006668251138,https://twitter.com/XianJaneway/status/1186437006668251138
2019-10-20 18:48:19,C_M_Hoffman,C_M_Hoffman,0,0,0,"Most get either Amphetamine-based (Adzenys, Dexedrine, Dyanavel, Evekeo, ProCentra, VYVANSE, Zenzedi) OR Methylphenidate-based (Aptensio, CONCERTA, Cotempla, Daytrana, Metadate, Methylin, QuilliChew, Quillivant, Ritalin) The ones in all caps I know friends have used effectively.",,,,1185991151746203658,https://twitter.com/C_M_Hoffman/status/1185991151746203658
2019-10-15 13:13:00,AedanDQ,RNR_0,0,0,1,"MyDayIs try it (or evekeo)",,,,1184094825114718213,https://twitter.com/AedanDQ/status/1184094825114718213
2019-10-11 22:28:05,ObiObvi,CryptoNiceGuy,0,0,0,"Never heard of if. I tried adderall xr, vyvanse, evekeo, adzenys xr, and finally found one that works with muh brain chemistry, mydayis I swear there was one more but can’t remember it atm",,,,1182784966532456448,https://twitter.com/ObiObvi/status/1182784966532456448
2019-10-10 00:23:35,XianJaneway,emilyt804,0,0,2,"Yes, #Evekeo comes in 5 &amp; 10 mg tablets. They last ~5 hours w/ me, &amp; 4 w/ Firecracker. They're immediate release, but they're also scored so they can be broken into fourths. So, the 5mg can be broken into 4 different 1.25mg pieces. It makes the medication *very* adjustable.",,,#Evekeo,1182089257420230657,https://twitter.com/XianJaneway/status/1182089257420230657
2019-10-09 23:50:44,emilyt804,XianJaneway,1,0,2,"Is Evekeo a flat dose?",,,,1182080990451322891,https://twitter.com/emilyt804/status/1182080990451322891
2019-10-09 21:02:23,XianJaneway,,1,0,17,"That STARTED...the last week of August. Now he's at 50 mg of Vyvanse, which only lasts him 8-9 hours. He has a 10 mg booster of Evekeo to take at 5pm, which lasts him another 5. He's ALSO been medicated for six years now. His emotional intelligence quotient feels like it",,,,1182038622394040324,https://twitter.com/XianJaneway/status/1182038622394040324
2019-10-09 20:59:14,XianJaneway,,1,0,12,"I didn't have a PROBLEM with him getting Vyvanse, but Firecracker used half of my meds during a stretch when we couldn't get hers refilled. We're really off-kilter, and I wanted him to START with Evekeo, so we could make sure all three of us had meds when we needed them.",,,,1182037831453151232,https://twitter.com/XianJaneway/status/1182037831453151232
2019-10-09 01:30:53,LithiumToLashes,,2,0,1,"Today’s class will be about how I lost 18lbs in under a month, unsafely and unintended. 1. Got a job that was so stressful I would forget to eat most days 2. Started evekeo for my adhd which further suppressed my appetite",,,,1181743804363227137,https://twitter.com/LithiumToLashes/status/1181743804363227137
2019-10-07 14:53:48,_witch_valley,,1,0,10,"blasted off of 10mg of evekeo, crying to Yellow Swans as I do everything in my power to not finish this essay due at 5 -- I guess you could say everything's going exactly as planned ",,,,1181221087763402753,https://twitter.com/_witch_valley/status/1181221087763402753
2019-09-27 19:15:08,_ladytabb,_ladytabb,2,0,1,"Correction. Weve used ritalin, concerta, adderall, and currently on Focalin. Supposedly Evekeo is the best, never heard of it tho. ",,,,1177662979137036289,https://twitter.com/_ladytabb/status/1177662979137036289
2019-09-27 04:51:08,Palitato,NessaWyrm,0,0,0,"If I take just my vyvanse, it stills things down and basically let's my brain chill out. But since i have energy issues i usually end up taking a nap. ^_^' So i take Evekeo as a booster!I had ZenZedi at first, but it made me hate food and I lost a lot of weight.",,,,1177445543443714048,https://twitter.com/Palitato/status/1177445543443714048
2019-09-26 20:54:16,Porch_Frog,,0,0,0,"Cobb school police allegedly found her in possession of 209 pills, including Adderall, generic forms of Ritalin and Focalin, and Evekeo. ",,,,1177325538618347520,https://twitter.com/Porch_Frog/status/1177325538618347520
2019-09-23 18:35:00,ajc,,2,2,4,"Cobb school police allegedly found her in possession of 209 pills, including Adderall, generic forms of Ritalin and Focalin, and Evekeo. ",,,,1176203325739585536,https://twitter.com/ajc/status/1176203325739585536
2019-09-22 22:00:34,Palitato,questphysics,0,0,1,"There are different types of meds too. If you're finding that a single all day dose isnt really doing much for you (my vyvanse just made me good at taking naps...) you can look into a booster. I take Evekeo 2x a day, and vyvanse 1x. Vyvanse stills the storm, evekeo gets me up!",,,,1175892670859882496,https://twitter.com/Palitato/status/1175892670859882496
2019-09-12 02:15:50,saan_jackal,JUNIUS_64,0,0,1,"I'm on something called evekeo rn and even at low doses it's hugely effective for me with next to no side effects. The one time I was on Adderall, I was ripping my own hair out on the way to school. I never understood how neurotypical peeps could stand to abuse it",,,,1171970643644080129,https://twitter.com/saan_jackal/status/1171970643644080129
2019-08-24 15:21:18,Teck923,usrbinpikachu,0,0,0,"Same reason I switched to evekeo I can scale as needed or not take it everyday if I don't need to.",,,,1165282944996564993,https://twitter.com/Teck923/status/1165282944996564993
2019-08-08 07:46:14,Palitato,jocarys,0,0,4,"Same here!! I was on a 20 of vyvanse and all it did was make me very good at actively deciding to go take a nap (rather than just being a lump in bed and ending up napping because I never got up). 30mg(12hr) is much better. I also take a Booster called Evekeo (10mg, 6hr)",,,,1159370219002978304,https://twitter.com/Palitato/status/1159370219002978304
2019-08-07 22:08:01,Palitato,corvophobia,0,0,3,"Keep an eye out for nausea or aversion to food. I lost 20lbs before I realised how little I was eating. Theres a difference between your appetite being suppressed and feeling actively nauseated by the thought of food. I had to switch to a different med! (From Zenzedi to Evekeo)",,,,1159224704378515469,https://twitter.com/Palitato/status/1159224704378515469
2019-08-06 08:46:39,ranjitrana4u,,1,0,0,"The product is a generic version of Arbor Pharmaceuticals LLC's Evekeo tablets in similar strength, it added. ""Amphetamine Sulfate tablets is a central nervous system stimulant used to treat sleep disorder, increase attention,",,,,1158660644213649408,https://twitter.com/ranjitrana4u/status/1158660644213649408
2019-08-06 05:34:48,ranjitrana4u,,0,0,0,"It is bioequivalent to the reference listed drug product (RLD), Evekeo Tablets, 5 mg and 10 mg, of Arbor Pharmaceuticals, LLC.",,,,1158612367103496192,https://twitter.com/ranjitrana4u/status/1158612367103496192
2019-07-26 19:31:04,Teck923,,0,0,2,"Trying a new medication today for my adhd. Evekeo, never really heard of it until two weeks ago. Without my insurance and manufacturer coupon this medicine would be $700 a month. Christ.",,,,1154836550645157889,https://twitter.com/Teck923/status/1154836550645157889
2019-07-22 16:00:30,epocrates,,0,0,0,"#NewMonographMonday Check out the new Epocrates monograph Evekeo ODT (amphetamine), approved for attention deficit hyperactivity disorder (http://bit.ly/2y1PxeX).",,,#NewMonographMonday,1153334009797185536,https://twitter.com/epocrates/status/1153334009797185536
2019-07-18 17:02:59,XianJaneway,_Grimsley,1,0,2,"I'm on one that's approved for kids as young as 3 in the US. (Evekeo) Terry, I'm so glad you're seeing this and aware of it! This is the ""Body Double"" effect, where another person reminds you what you're supposed to be doing. Sometimes @MoriahTheBrave or @WaltAndAmy will just",,@MoriahTheBrave @WaltAndAmy,,1151900182478544897,https://twitter.com/XianJaneway/status/1151900182478544897
2019-07-10 16:53:47,peri0d_bl00d,CatRightMeow_,0,0,1,"evekeo did nothing for me but i hope it works for you",,,,1148998763190661120,https://twitter.com/peri0d_bl00d/status/1148998763190661120
2019-07-10 15:03:10,CatRightMeow_,peri0d_bl00d,1,0,0,"Dude I can’t handle vyvanse anymore they switched me to evekeo",,,,1148970927582900224,https://twitter.com/CatRightMeow_/status/1148970927582900224
2019-07-08 21:09:35,markwwilsonmd,markwwilsonmd,1,0,27,"amphetamine + Adderall (mixed amphetamine (3/4 of which is dextro- + 1/4 is levo-amphetamine), which lasts 4 hrs, dextroamphetamine spansules, which lasts ~6 hrs, Evekeo (1/2 dextro and 1/2 levo), which lasts ~6 hrs, Adderall XR, which lasts 8 hrs, and Mydaysis (Adderall,",,,,1148338364007010304,https://twitter.com/markwwilsonmd/status/1148338364007010304
2019-07-03 21:53:55,Palitato,Palitato,0,0,1,"I remember at some points just thinking about or looking at a picture of food and wanting to vomit. The evekeo doesnt make me nauseated, but I do have to schedule my meals and make myself eat regularly, because it just makes me forget that food is a thing I should have.",,,,1146537581892591616,https://twitter.com/Palitato/status/1146537581892591616
2019-07-03 21:52:38,Palitato,ADHD_Alien,1,0,1,"If you would like my anecdote for your writing, I'll mention the nausea! The first medication I was on (ZenZedi) was GLORIOUS and eye opening... but I didnt realize how little I was eating or how sick it made me until I had lost 20lbs and switched to a new one (evekeo).",,,,1146537259384102917,https://twitter.com/Palitato/status/1146537259384102917
2019-07-02 23:40:00,DrGurdeepParhar,,0,0,0,"What is Evekeo? ",,,,1146201889899368448,https://twitter.com/DrGurdeepParhar/status/1146201889899368448
2019-06-24 09:09:06,batturing,TheLastMerlin,0,0,1,"i was on ritalin and it was too much for me. especially if combined with any caffeine. trying different meds and figuring out what dose works best for u is usually a solid strategy. if u have combined adhd i highly recommend evekeo",,,,1143083616857198594,https://twitter.com/batturing/status/1143083616857198594
2019-06-20 15:52:44,amberjoe93,2Hannahclark,1,0,2,"Ask him/her about Evekeo! Seriously, it’s the greater thing in the world. It’s like adderall minus the up and downs, and weird jolts of energy.. it’s consistent then fades out and allows you to sleep!",,,,1141735642281512960,https://twitter.com/amberjoe93/status/1141735642281512960
2019-05-25 02:04:00,DrGurdeepParhar,,0,0,0,"What is Evekeo? https://www.medicalnewstoday.com/articles/322209.php",,,,1132105003148070912,https://twitter.com/DrGurdeepParhar/status/1132105003148070912
2019-05-20 17:47:02,CatRightMeow_,,0,0,0,"The one + to vyvanse was that it gave me energy (duh; it’s crack ) but this Evekeo shit does not wake me up... &amp; I took Midol which has caffeine in it... I’m about to fall asleep &amp; I’m working til 7 ",,,,1130530384574320640,https://twitter.com/CatRightMeow_/status/1130530384574320640
2019-05-15 05:03:17,XianJaneway,,0,1,18,"Ooh, my ADHD med is listed in the SECOND paragraph! (A levo/dextro amphetamine mix, generic for Evekeo.) Imagine how my jaw dropped last month when I found out ""Generic, it's still 700."" WHAT???",,,,1128526239935946752,https://twitter.com/XianJaneway/status/1128526239935946752
2019-05-14 21:54:08,CTZN5,aptlyamphoteric,0,0,1,"yup. d-amph only tho, racemic (""evekeo"") or 75/25 (""adderall"") is just shit they sell to avoid throwing away all the waste levo",,,,1128418242060607489,https://twitter.com/CTZN5/status/1128418242060607489
2019-04-24 16:15:14,CatRightMeow_,,0,0,0,"I can’t wait to try this new medication & not be on vyvanse anymore. Please let evekeo be the answer that I have been looking forrrrr",,,,1121085196613431296,https://twitter.com/CatRightMeow_/status/1121085196613431296
2019-04-11 20:24:25,kaitlynemilyy_,,1,0,0,"anyone take evekeo??",,,,1116436864318279684,https://twitter.com/kaitlynemilyy_/status/1116436864318279684
2019-03-30 00:35:17,OrianaMarijuana,implee,1,0,1,"YaYayayaY that makes me super proud. My dr perscribed me evekeo, but I haven’t tried it! Do you know anything about it?",,,,1111788952879534080,https://twitter.com/OrianaMarijuana/status/1111788952879534080
2019-03-28 18:54:09,Ash1rose,Artists_Ali,0,0,0,"When I was on Evekeo for narcolepsy it killed my appetite. I’m already dizzy/lightheaded. I don’t need to be passing out due to hunger. I’m here for you talking about this.",,,,1111340719225081856,https://twitter.com/Ash1rose/status/1111340719225081856
2019-03-04 20:48:56,laurenstrauser,lexieezell,1,0,1,"Y E S. Me with my evekeo!!!!!!!",,,,1102672296207138816,https://twitter.com/laurenstrauser/status/1102672296207138816
2019-02-25 22:30:22,XianJaneway,AnaMardoll,0,0,1,"Yep--my daughter takes Zoloft & Evekeo (a gentler version of Adderall). It's not anecdotal, it's one of the first-line OCD meds. &lt;3",,,,1100161104959946754,https://twitter.com/XianJaneway/status/1100161104959946754
2019-02-07 08:04:04,amplia2mente,,0,0,0,"Evekeo ODT (Aphetamine Sulfate Orally Disintegrating Tablets) - new on RxList ",,,,1093420113439703040,https://twitter.com/amplia2mente/status/1093420113439703040
2019-01-29 21:13:24,Autumnpaw,,1,0,1,"I feel bad for any prior authorization pharmaceutical representatives because if they don't know the difference between Evekeo and Adderall they should probably not be a PA pharmaceutical rep and I have short patience.",,,,1090357263662022658,https://twitter.com/Autumnpaw/status/1090357263662022658
2019-01-03 15:34:49,Andielionn,curiouslychloe,0,0,1,"I take Pristiq, Evekeo and occasionally Klonopin.",,,,1080849971161821184,https://twitter.com/Andielionn/status/1080849971161821184
2019-01-02 12:24:34,KristiForce,kathleenelee,0,0,2,"Interesting, I’ll have to check out Evekeo - I’m on 100mg of Pristiq but haven’t found anything yet that specifically touches my inattentive ADHD without making me feel cracked out and anxious. This is a great reminder that I can keep trying more things!",,,,1080439709359316992,https://twitter.com/KristiForce/status/1080439709359316992
2019-01-02 02:21:45,kathleenelee,Nicole_Cliffe,2,2,40,"I take 10mg of Evekeo daily, sometimes a second dose of needed for ADHD. I have Adavan for panic attacks/anxiety if needed. I tried Lexapro before getting to the ADHD diagnosis. It did curb anxiety but made focus nearly impossible which created an apathy/depression cycle.",,,,1080288004256776192,https://twitter.com/kathleenelee/status/1080288004256776192
2018-12-27 23:18:41,cavernsking,,0,0,0,"how is dry mouth an ""infrequent"" side effect i used to get it every dya of my life when i took evekeo",,,,1078429992743288832,https://twitter.com/cavernsking/status/1078429992743288832
2018-12-13 21:14:42,XianJaneway,Havagreatday,0,0,3,"Some of us don't have that reaction to adderall/amp meds. Heck, my daughter only FEELS hunger when she takes her Evekeo (dextroamphetamine + levoamphetamine).",,,,1073325362657009664,https://twitter.com/XianJaneway/status/1073325362657009664
2018-12-11 15:05:02,ObiObvi,MvE_Crypto,0,0,0,"tried adderall - didn't last long enough and the crash was horrible tried vyvanse - didn't last long enough, i work 12-13 hour days tried vyvance + evekeo (booster dose) - didn't help Finally switched to mydayis - seems to help the most. Feels like I'm missing one tho. ",,,,1072507558290751488,https://twitter.com/ObiObvi/status/1072507558290751488
2018-12-05 18:36:54,Palitato,,2,0,0,"Anyone out there in the #adhd tribe tried the generic form of evekeo?? Apparently it just came out and my insurance wont cover the name brand any more. This stuff makes my BRAIN work. I dont want to take something new if its different.",,,#adhd,1070386547600560128,https://twitter.com/Palitato/status/1070386547600560128
2018-12-04 23:31:41,yes_smam,apihtawikosisan,0,0,2,"Adderall: I lost a ton of weight barely trying but I was definitely more emotionally unstable (If I was surprised scared, I would start to cry) Evekeo: No emotional problems but it wasn’t as effective On non-ADHD med now (my needs are sleep related) but wanted to share still",,,,1070098345128017920,https://twitter.com/yes_smam/status/1070098345128017920
2018-12-03 03:28:38,Hannah76399608,,0,0,0,"Finals are approaching and I have been at the library for 9 hours. It is hard when I have ADD. Luckily I take Evekeo to help. If you are struggling with paying attention talk to your doctor about Evekeo. #itsokaytoaskforhelp",,,#itsokaytoaskforhelp,1069433199862923264,https://twitter.com/Hannah76399608/status/1069433199862923264
2018-11-08 16:31:14,jblack0024,,0,0,0,"Ok my ADHD people and parents, Bri is going to try Evekeo, ( Vyvanse works great but is giving her insomnia). Has anyone taken this? Thoughts, experiences? Thank you",,,,1060570449355161600,https://twitter.com/jblack0024/status/1060570449355161600
2018-11-04 16:55:30,slurpsmadrips,slurpsmadrips,1,0,0,"(I’m on evekeo now with an dopamine patch called emsam and life owns tbqh)",,,,1059127004052652033,https://twitter.com/slurpsmadrips/status/1059127004052652033
2018-10-19 20:00:17,toastedpolymer,,0,0,1,"Sweet. I’m gonna take 30-40 evekeo and try to fly if you wanna join",,,,1053375302863347713,https://twitter.com/toastedpolymer/status/1053375302863347713
2018-10-04 02:14:47,bodylobby,,1,0,2,"It’s a crime how quickly evekeo gives me mouth dryness",,,,1047671342525341696,https://twitter.com/bodylobby/status/1047671342525341696
2018-09-13 09:16:55,NewsFromSPI,,0,0,0,"Evekeo 2017 U.S. Promotional Audit Report - http://ResearchAndMarkets.com http://ow.ly/1xnD101fEQr",,,,1040167429601673216,https://twitter.com/NewsFromSPI/status/1040167429601673216
2018-09-12 21:10:13,Palitato,,1,0,2,"Just took a toradol and an evekeo at the same time. WISH ME LUCK ON THIS, WHAT IS LIKELY GOING TO BE A STRANGE (and hopefully pain free) JOURNEY!",,,,1039984549042761728,https://twitter.com/Palitato/status/1039984549042761728
2018-09-05 08:58:32,Palitato,Sallymander12,0,0,0,"I have PoTS which causes fatigue, and my vyvanse and evekeo REALLY help a lot with it!!",,,,1037263700242165760,https://twitter.com/Palitato/status/1037263700242165760
2018-09-03 22:15:21,cvspharmercy,IzzyOW_,0,0,0,"nckfkdsh i got off vyvanse a little bit ago, im on evekeo now, but still a stimulant",,,,1036739450016030720,https://twitter.com/cvspharmercy/status/1036739450016030720
2018-08-26 15:27:11,v4I3r13,,0,0,0,"protip: never take evekeo with caffeine unless u want ur heart to feel like it's a fuckin formula 1 car",,,,1033737629865574402,https://twitter.com/v4I3r13/status/1033737629865574402
2018-08-09 16:38:11,ObiObvi,fuck_plebs,1,0,0,"Oh yeah, when I took Adderall XR I had 2 take a booster dose of a different ADHD medication (Evekeo) when it wore off. I told my doc I didn't want 2 take a bunch of different meds. I've tried Adderall XR, Evekeo, Vyvanse, Adzenys, and now I take Mydayis. ",,,,1027594904611041280,https://twitter.com/ObiObvi/status/1027594904611041280
2018-08-08 11:48:46,SubversiveGrl,markwwilsonmd,1,0,0,"Thank you so much for taking the time to answer! I’ve been on it for years, but it seems like the efficacy varies from one month/day to the next. I’ve tried other rx but, with the exception of Evekeo (that Insurance won’t cover ) it’s been pretty good. I have what I’ve always",,,,1027159679871406080,https://twitter.com/SubversiveGrl/status/1027159679871406080
2018-08-07 08:57:00,drugnewsin,,0,0,0,"What is Evekeo? - http://www.drugnews.in/2018/08/07/what-is-evekeo/",,,,1026754065781403653,https://twitter.com/drugnewsin/status/1026754065781403653
2018-08-06 17:37:59,MazenSalama,,0,0,0,"What is Evekeo? - http://tinyurl.com/yaa3j68j",,,,1026522788700381184,https://twitter.com/MazenSalama/status/1026522788700381184
2018-08-04 04:08:33,Ash1rose,gotaprettymouth,1,0,0,"It sucks. It’s like being in this permanent state of exhaustion that you can kind of stave off with caffeine. I want to go back on Evekeo. It helped so much.",,,,1025594312183164928,https://twitter.com/Ash1rose/status/1025594312183164928
2018-07-31 17:14:25,XianJaneway,XianJaneway,1,0,1,"Adderall is still the first line of defense for lots of docs, but my mentor calls it ""a rocket enema"" or ""madderall."" I take a newer, much more mild version called Evekeo, BUT EVERY PERSON IS DIFFERENT.",,,,1024342529322483716,https://twitter.com/XianJaneway/status/1024342529322483716
2018-07-14 15:28:52,OvernightHaulin,OvernightHaulin,0,0,1,"Hey, I'm on Evekeo.",,,,1018155375818919937,https://twitter.com/OvernightHaulin/status/1018155375818919937
2018-07-03 03:02:06,dreamcloudpsych,,0,0,0,"Evekeo: Uses, side effects, and risks ",,,,1013981178930651137,https://twitter.com/dreamcloudpsych/status/1013981178930651137
2018-06-28 20:28:00,DrGurdeepParhar,,0,0,0,"What is Evekeo? https://www.medicalnewstoday.com/articles/322209.php",,,,1012432449450565632,https://twitter.com/DrGurdeepParhar/status/1012432449450565632
2018-06-26 14:00:22,Prof_Farmacia,,0,0,0,"What is Evekeo? @mnt | #ADHD #ECM http://bit.ly/2MruKqr",,@mnt,#ADHD #ECM,1011610120046940160,https://twitter.com/Prof_Farmacia/status/1011610120046940160
2018-06-25 14:24:01,colettahargis,,0,0,0,"The latest from Medical News Today! Medical News Today: What is Evekeo? https://buff.ly/2K1xIks",,,,1011253685232467968,https://twitter.com/colettahargis/status/1011253685232467968
2018-06-22 07:02:14,guzmanadrian,,0,0,0,"""What is Evekeo?"" https://ift.tt/2JRWeIN",,,,1010055345383800832,https://twitter.com/guzmanadrian/status/1010055345383800832
2018-06-21 12:35:03,DiplomaObesity,,0,0,0,"What is Evekeo? http://bit.ly/2MKmHpF",,,,1009776710185779202,https://twitter.com/DiplomaObesity/status/1009776710185779202
2018-06-21 12:24:49,GmhsGroup,,0,0,0,"What is Evekeo? https://www.gmhs.ca/what-is-evekeo/",,,,1009774137244618752,https://twitter.com/GmhsGroup/status/1009774137244618752
2018-06-21 05:00:18,TulipColt,,0,0,0,"#Health #PharmacyPharmacist Medical News Today: What is Evekeo? : http://bit.ly/2Ia9LWj",,,#Health #PharmacyPharmacist,1009662269159034881,https://twitter.com/TulipColt/status/1009662269159034881
2018-06-20 23:20:08,rowedocs,,0,0,0,"Medical News Today: What is Evekeo? Evekeo is an amphetamine-based medication that is used to treat narcolepsy, ADHD, and excess weight. Evekeo is the trade name as there is no generic amphetamine drug. It is a controlled substance, due to the risk of https://www.medicalnewstoday.com/articles/322209.php",,,,1009576666484666369,https://twitter.com/rowedocs/status/1009576666484666369
2018-06-20 18:01:04,bestofmindblog,,0,0,0,"What is Evekeo? https://buff.ly/2K1xIks #neuroscience",,,#neuroscience,1009496370191925248,https://twitter.com/bestofmindblog/status/1009496370191925248
2018-06-20 17:58:53,EMJNeurology,,0,1,2,"What is Evekeo? http://dlvr.it/QXyK1F",,,,1009495819978829824,https://twitter.com/EMJNeurology/status/1009495819978829824
2018-06-20 17:28:34,gmilena10,,0,0,0,"What is Evekeo? https://ift.tt/2K22IAQ, Healthmix",,,,1009488189898264576,https://twitter.com/gmilena10/status/1009488189898264576
2018-06-20 17:06:51,morisbrayam,,0,0,0,"weight loss fitnessWhat is Evekeo? https://morisbrayam.wordpress.com/2018/06/20/weight-loss-fitnesswhat-is-evekeo/",,,,1009482723059064832,https://twitter.com/morisbrayam/status/1009482723059064832
2018-06-20 16:51:05,PunBloga,,0,0,0,"What is Evekeo? http://dlvr.it/QXxyJw",,,,1009478755398475776,https://twitter.com/PunBloga/status/1009478755398475776
2018-06-20 16:42:45,BrainSightsApp,,0,0,0,"What is Evekeo? - MNT - Neuroscience via BrainSights https://www.medicalnewstoday.com/articles/322209.php",,,,1009476661216243712,https://twitter.com/BrainSightsApp/status/1009476661216243712
2018-06-20 16:09:25,sgrate1,,0,0,0,"What is Evekeo? https://ift.tt/2ysqQeE",,,,1009468270016163847,https://twitter.com/sgrate1/status/1009468270016163847
2018-06-20 15:46:42,weightloss1124,,0,0,0,"What is Evekeo? https://www.medicalnewstoday.com/articles/322209.php?utm_source=dlvr.it&amp;utm_medium=twitter",,,,1009462553641041921,https://twitter.com/weightloss1124/status/1009462553641041921
2018-06-20 15:46:09,heathnews_news,,0,0,0,"Medical News Today: What is Evekeo?: Evekeo is an amphetamine-based medication that is used to treat narcolepsy, ADHD, and excess weight. Evekeo is the trade name as there is no generic amphetamine drug. It is a controlled substance, due to the risk of… https://www.medicalnewstoday.com/articles/322209.php?utm_source=dlvr.it&amp;utm_medium=twitter",,,,1009462415325421568,https://twitter.com/heathnews_news/status/1009462415325421568
2018-06-20 15:42:06,TotallyCleansed,,0,0,0,"What is Evekeo? http://bit.ly/2M8iScz",,,,1009461394893225984,https://twitter.com/TotallyCleansed/status/1009461394893225984
2018-06-20 15:27:15,afribizguide,,0,0,0,"Medical News Today: What is Evekeo? - http://businessguideafrica.com/medical-news-today-what-is-evekeo/",,,,1009457661375537153,https://twitter.com/afribizguide/status/1009457661375537153
2018-06-20 15:25:09,Slimtrimsuccess,,0,0,0,"What is Evekeo? http://dlvr.it/QXxRgN",,,,1009457132251443200,https://twitter.com/Slimtrimsuccess/status/1009457132251443200
2018-06-20 15:21:02,obesity_tweet,,0,0,0,"What is Evekeo?: Evekeo is an amphetamine-based medication that is used to treat narcolepsy, ADHD, and excess weight. Evekeo is the trade name as there is no generic amphetamine drug. It is a controlled substance, due to the risk of dependence and… ",,,,1009456094639316992,https://twitter.com/obesity_tweet/status/1009456094639316992
2018-06-20 15:20:45,funinfotainmen1,,0,0,0,"What is Evekeo? https://funinfotainment.com/what-is-evekeo/",,,,1009456023378284545,https://twitter.com/funinfotainmen1/status/1009456023378284545
2018-06-20 15:09:08,drclarencedavis,,0,0,0,"What is Evekeo? http://dlvr.it/QXxLRt",,,,1009453099419820032,https://twitter.com/drclarencedavis/status/1009453099419820032
2018-06-20 15:07:04,ADHD_Power,,0,0,1,"What is Evekeo? http://dlvr.it/QXxL0s",,,,1009452580194271234,https://twitter.com/ADHD_Power/status/1009452580194271234
2018-06-20 15:06:34,fionasmith1312,,0,0,0,"What is Evekeo? http://dlvr.it/QXxKfj",,,,1009452456051273733,https://twitter.com/fionasmith1312/status/1009452456051273733
2018-06-20 15:06:01,NursingResource,,0,0,0,"Medical News Today: What is Evekeo? - http://nursing-resource.com/medical-news-today-what-is-evekeo-2/",,,,1009452316187979777,https://twitter.com/NursingResource/status/1009452316187979777
2018-06-20 15:06:01,NursingResource,,0,0,0,"Medical News Today: What is Evekeo? - http://nursing-resource.com/medical-news-today-what-is-evekeo/",,,,1009452315290435585,https://twitter.com/NursingResource/status/1009452315290435585
2018-06-20 15:05:26,numerons9,,0,0,0,"Fast facts about Evekeo https://www.medicalnewstoday.com/articles/322209.php",,,,1009452168255082498,https://twitter.com/numerons9/status/1009452168255082498
2018-06-20 14:54:11,ShivaVasishta,,0,0,0,"What is Evekeo? https://ift.tt/2JRWeIN",,,,1009449337242488833,https://twitter.com/ShivaVasishta/status/1009449337242488833
2018-06-20 14:49:24,Scott_Filler,,0,0,0,"Medical News Today: What is Evekeo? https://ift.tt/2JRWeIN",,,,1009448132206264322,https://twitter.com/Scott_Filler/status/1009448132206264322
2018-06-20 14:49:15,TripleEMedical,,0,0,0,"Medical News Today: What is Evekeo? http://zpr.io/6tvVq",,,,1009448096462491648,https://twitter.com/TripleEMedical/status/1009448096462491648
2018-06-20 14:47:08,FactEntity,,0,0,0,"Medical News Today: What is Evekeo? http://www.factentity.com/medical-news-today-what-is-evekeo/",,,,1009447563437715457,https://twitter.com/FactEntity/status/1009447563437715457
2018-06-20 14:46:23,vietals,,0,0,0,"What is Evekeo? https://ift.tt/2JRWeIN",,,,1009447374073233409,https://twitter.com/vietals/status/1009447374073233409
2018-06-20 14:44:22,a2z_awareness,,0,0,0,"Medical News Today: What is Evekeo? https://ift.tt/2JRWeIN #fitness #workout #health #lifestyle #food #motivation #online #healthandfitness #tips #weightloss #body #self #gym #exercise #training #loss #yoga #work",,,#fitness #workout #health #lifestyle #food #motivation #online #healthandfitness #tips #weightloss #body #self #gym #exercise #training #loss #yoga #work,1009446867753750529,https://twitter.com/a2z_awareness/status/1009446867753750529
2018-06-20 14:40:36,PharmDigest,,0,0,0,"What is Evekeo? http://dlvr.it/QXx9Zt",,,,1009445921250205697,https://twitter.com/PharmDigest/status/1009445921250205697
2018-06-20 14:40:33,PharmacyPodcast,,0,0,0,"What is Evekeo? http://dlvr.it/QXx9Xm",,,,1009445906121310208,https://twitter.com/PharmacyPodcast/status/1009445906121310208
2018-06-20 14:20:37,AnikChowdhury86,,0,0,0,"Evekeo: Uses, side effects, and risks https://cmun.it/u67xcnzw",,,,1009440891407396865,https://twitter.com/AnikChowdhury86/status/1009440891407396865
2018-06-17 16:55:09,bodylobby,,0,0,2,"Not to be problematic but I can’t wait for my crush to see me after I’ve been on evekeo for a few months",,,,1008392615555813378,https://twitter.com/bodylobby/status/1008392615555813378
2018-06-15 20:04:38,bodylobby,,0,0,2,"I was too horny so my doctor prescribed me evekeo",,,,1007715524048928768,https://twitter.com/bodylobby/status/1007715524048928768
2018-06-15 10:58:06,XianJaneway,emma_morrison,1,0,2,"If Wellbutrin is working well for you, but you still have ADHD symptoms, absolutely talk to your doc abt a stimulant medication trial. Wellbutrin & Effexor both increase dopamine & norepinephrine, which is exactly what amphetamine-based stimulants do. I'm on Evekeo &amp; Pristiq,",,,,1007577984520347649,https://twitter.com/XianJaneway/status/1007577984520347649
2018-06-13 16:14:15,ny_red1,,0,0,0,"Can these #amphetamines turn the skin #ORANGE? •Dexedrine •Adderall •Evekeo •Dexedrine •Vyvanse",,,#amphetamines #ORANGE,1006932772181639168,https://twitter.com/ny_red1/status/1006932772181639168
2018-06-08 04:17:26,gimmesomeloki,ladyaibhilin,1,0,0,"Yeah, generic of Adderall, which I ironically switched to because it was cheaper than Evekeo. I have a bona fide DX with the TOVA, being seen by a specialist in adult ADD inattentive type. Again I'm penalized for following the rules. Yay.",,,,1004940441245179905,https://twitter.com/gimmesomeloki/status/1004940441245179905
2018-06-04 02:16:07,XianJaneway,sonof425,0,0,1,"Daaaaaaang!!! And only 10mg per day? And all that commuting??? Amazing! I take 30mg of Evekeo/day. You're doing great. &lt;3",,,,1003460358248394752,https://twitter.com/XianJaneway/status/1003460358248394752
2018-05-23 10:57:01,LithiumToLashes,,0,0,2,"But what did happen is that I’m almost done writing my next Patreon post. Bless up for Evekeo boosting my attention span from goldfish to squirrel.",,,,999242792097538048,https://twitter.com/LithiumToLashes/status/999242792097538048
2018-05-15 15:22:28,XianJaneway,sacwriter,1,0,1,"Yeah, I'm wondering if, maybe we could talk to the software company, & see if they could add a yes/no check box for you for *future* reference? But my meds wore off half an hour ago, #Evekeo, so I could come up with ALL SORTS of hairbrained ideas, lol!",,,#Evekeo,996410491609239553,https://twitter.com/XianJaneway/status/996410491609239553
2018-04-22 14:57:42,umbraltattoo,,1,1,3,"That’s scary! I hv 2 take name brand Adderall, generics screw with me. Ritalin, focalin, etc were horrible. Others did nothing at all. Evekeo is similar to Adderall, but has less of a “punch” (for me). It all depends on a persons neurochemistry. Also, look 4 dr w/ good creds.",,,,988069339248160771,https://twitter.com/umbraltattoo/status/988069339248160771
2018-04-21 17:49:51,XianJaneway,XianJaneway,1,1,9,"That's because, even though I'd forget the Evekeo in a heartbeat, or get into wrecks without it, ADHD meds are Schedule II. Meanwhile, Tramadol, the drug that almost KILLED me because a stupid PA prescribed it w/out looking at my other meds, is a Schedule IV. ",,,,987750273799131136,https://twitter.com/XianJaneway/status/987750273799131136
2018-04-21 17:48:00,XianJaneway,XianJaneway,1,1,6,"So, because my ADHD medication ( #Evekeo) can *possibly* be abused, I'm limited to exactly the amount of medication I need, with no room for error. God forbid I lose a pill, or drop it down a drain. :( ",,,#Evekeo,987749807598047232,https://twitter.com/XianJaneway/status/987749807598047232
2018-04-16 17:24:14,florallavender,,0,0,0,"been thinking about trying evekeo again to see if it'll help my attention idk im getting desperate",,,,985931889415516160,https://twitter.com/florallavender/status/985931889415516160
2018-04-10 10:18:39,Palitato,,1,0,1,"Would anyone who has had any heart rate issues due to meds (Vyvanse/Evekeo in particular) please reply to this? What's the highest it made your heart rate go? trying to rule mine out as cause for some problems, but don't function well without them. #itakemypillsbecause",,,#itakemypillsbecause,983650459314515968,https://twitter.com/Palitato/status/983650459314515968
2018-03-19 00:59:31,GoldenGirls85,supersickchick,0,0,0,"The doctor I saw that did my TMS treatments (which didn't work) put me on Evekeo. I remember we had to be careful about when I took it because I take extended release Xanax daily for my anxiety. I didn't notice any difference with the Evekeo, unfortunately, and quit taking it.",,,,975537217618763777,https://twitter.com/GoldenGirls85/status/975537217618763777
2018-03-07 14:28:42,markwwilsonmd,DocPNW,1,0,0,"Not that I'm aware of, but production issues with stimulants (rotating from one to another to another) have been an issue for years now. It's a pain. Can you substitute with Evekeo? Almost the same (1/2 levo and 1/2 dextroamphet vs. the 1/4 levo, 3/4 dextro with Adderall).",,,,971392200520151045,https://twitter.com/markwwilsonmd/status/971392200520151045
2018-02-27 01:29:53,cavernsking,,0,0,0,"i hate evekeo ive been trying to sleep for an hour and i cant",,,,968297100189622274,https://twitter.com/cavernsking/status/968297100189622274
2018-02-26 19:30:32,cavernsking,,0,0,0,"they should have called evekeo ""The Vyvanse And Adderall Are Raging Inside Me""",,,,968206665425268737,https://twitter.com/cavernsking/status/968206665425268737
2018-02-26 14:04:00,cavernsking,,0,0,1,"ive been taking evekeo or however its spelled since my adderall got lost in the mail and. my mouth is so fucking dry",,,,968124491175022592,https://twitter.com/cavernsking/status/968124491175022592
2018-02-19 17:08:55,XianJaneway,,1,0,4,"Visiting @thelectricpastr in New Jersey, &amp; had to get my #ADHD meds refilled. NJ laws limit the number of PILLS you're allowed, &amp; doesn't take dosage into account, or the fact that it's a new medication w/no long-lasting formula. #Evekeo Wow, how intelligent. ",,@thelectricpastr,#ADHD #Evekeo,965634313516613634,https://twitter.com/XianJaneway/status/965634313516613634
2018-02-14 03:35:59,anna_____o,YaGalDal,0,0,0,"i use evekeo now and it’s the best i’ve had! all the others really messed with my moods",,,,963617793726959618,https://twitter.com/anna_____o/status/963617793726959618
2018-02-13 13:57:18,Palitato,suesswassersee,1,0,1,"I don't know what they're taking, but I have Vyvanse and Evekeo, and both can be discounted with cards I get from the office I'm seen in. I pay about $70 total for a 30 day supply of both.",,,,963411764305162240,https://twitter.com/Palitato/status/963411764305162240
2018-01-31 01:17:57,XianJaneway,XianJaneway,0,0,0,"If one went into withdrawal over a therapeutic dose, every day would be hell. :( I take my final dose of Evekeo at 5 or 6 pm, &amp; don't take it again till 8 the next morning.",,,,958509626844155904,https://twitter.com/XianJaneway/status/958509626844155904
2018-01-31 01:15:14,XianJaneway,subarbia,1,0,0,"No, this isn't the Evekeo--that's for ADHD. This is the Zoloft, which is for OCD. And (properly adjusted) therapeutic doses of CNS stimulants in ADHD patients should *not*create withdrawal, BC an ADHD symptom is often ""forgetting to take meds!""",,,,958508941360746496,https://twitter.com/XianJaneway/status/958508941360746496
2018-01-31 00:15:06,XianJaneway,,1,1,10,"I wasn't aware of this when I started #TheFirecracker on #Evekeo, but it's designed to minimize appetite suppression! Another reason why insurance companies *need* to cover more advanced #ADHD drugs: they're crafted with comorbidities in mind.",,,#TheFirecracker #Evekeo #ADHD,958493809259810816,https://twitter.com/XianJaneway/status/958493809259810816
2018-01-30 16:51:19,XianJaneway,,1,0,5,"The pharmaceutical repair for *my favorite* ADHD med, #Evekeo, is meeting w/ him today, because the med is being categorically denied by insurance companies. I'm fresh off my victory for #TheFirecracker's hospital coverage, &amp; offered to write a testimonial. He was thrilled.",,,#Evekeo #TheFirecracker,958382127678152704,https://twitter.com/XianJaneway/status/958382127678152704
2018-01-23 20:59:20,XianJaneway,,1,0,4,"Health Update: Pharmacist discovered that Evekeo, the ADHD medication I take, was not listed as a contraindication for Tramadol in their system, (though it was on Google) and the serious side effect I had was only listed as ""Theoretical"". ",,,,955907825070411776,https://twitter.com/XianJaneway/status/955907825070411776
2018-01-17 07:57:33,thtkidchristian,,0,0,1,"Wow EVEKEO really is really THAT BITCH Adderall can’t relate wow.",,,,953536758817357824,https://twitter.com/thtkidchristian/status/953536758817357824
2018-01-09 16:45:28,MirandaEryn,,0,0,0,"So since my deductible started over this year, my Evekeo for my ADD with my insurance is over $700. And with the coupon I was using last year it went down to $588. Why can’t I just be fixed",,,,950770507149926402,https://twitter.com/MirandaEryn/status/950770507149926402
2018-01-08 17:14:11,jaytillery,,0,0,0,"@SenSanders @SenShelby @GDouglasJones BCBS of Alabama just stopped covering Evekeo. This is what my 11yo autistic son takes to help him focus in school. Now $400/month! It's time for single payer! BCBS only cares about profits!",,@SenSanders @SenShelby,,950415349740171264,https://twitter.com/jaytillery/status/950415349740171264
2018-01-07 04:42:20,sunfIIower,,1,0,0,"I ran out of evekeo today and won’t be able to get a new prescription until Monday + I’ll have to wait a week for it to actually get filled so I’ve been taking my aunts adderall in the mean time and I took one today at 3 and now I can’t go to sleep",,,,949863750911262720,https://twitter.com/sunfIIower/status/949863750911262720
2018-01-04 00:18:39,medschat,,0,0,0,"Adderall 30mg Which Generic Brand Is Better - Jglow (#532) -- I feel your pain. WHAT XR MANUFACTURER ARE YOU TAKING? Ive Been through the same agony for over a year. Tried every generic ir, dex, evekeo, and now in adderall xr made by prasco which is ... ",,,,948710227494490112,https://twitter.com/medschat/status/948710227494490112
2017-12-27 15:21:12,yourhealthremed,,0,0,0,"Evekeo vs Adderall - Which Is Best For ADHD? http://www.yourhealthremedy.com/health-tips/evekeo-vs-adderall/",,,,946038260597485568,https://twitter.com/yourhealthremed/status/946038260597485568
2017-12-27 15:20:35,InsightState,,0,1,1,"Evekeo vs Adderall - Which Is Best For ADHD? http://www.yourhealthremedy.com/health-tips/evekeo-vs-adderall/",,,,946038104984518656,https://twitter.com/InsightState/status/946038104984518656
2017-12-25 01:16:40,PaleTanner,,0,0,5,"Me and my mom straight up are trading pills atm ""I got some adderal, evekeo, and adderal"" ""I got Xanax and adipex"" ",,,,945100950624178177,https://twitter.com/PaleTanner/status/945100950624178177
2017-12-16 00:04:45,LithiumToLashes,,0,0,0,"So as a short term solution to my seasonal depression the Dr increased my ketamine to daily instead of every other day and also prescribed Evekeo twice a day instead of once a day and I think it’s working. ",,,,941821363001614336,https://twitter.com/LithiumToLashes/status/941821363001614336
2017-12-01 19:04:56,Marty62R,BoffMoatman,0,0,0,"I feel the need.......the need for speed!............or some coke Adderall, Adzenys XR-ODT, Dyanavel XR, Evekeo ",,,,936672479459926023,https://twitter.com/Marty62R/status/936672479459926023
2017-11-11 23:52:58,MomBellicose,SindelPellion,1,0,0,"That seems excessive. Have you been checked for anemia and/or Vitamin B deficiency? Evekeo is something you may be able to take complimentary to give you a boost.",,,,929497209288224768,https://twitter.com/MomBellicose/status/929497209288224768
2017-10-23 18:31:08,WHATISAPLANET,,0,0,0,"Taking Evekeo for major depression, but doesn't work. On my parents' insurance until March, but they don't want me to go on antidepressants…",,,,922530846745202688,https://twitter.com/WHATISAPLANET/status/922530846745202688
2017-10-09 07:38:51,bc1_betty,,0,0,0,"Still other compounds used at low dosage prescription from MD include Desoxyn or Adderall = Adzenys = XR-ODT = Dyanavel XR = Evekeo",,,,917293266835558401,https://twitter.com/bc1_betty/status/917293266835558401
2017-08-21 19:46:31,ncpeds,,0,0,0,"Thank you for exhibiting Evekeo! ",,,,899719384251473921,https://twitter.com/ncpeds/status/899719384251473921
2017-07-18 03:18:34,ilissilia,AmyDentata,1,0,0,"Is this related to how you said Ritalin has bad side effects? Have you tried evekeo? I love it personally",,,,887149570043543553,https://twitter.com/ilissilia/status/887149570043543553
2017-06-27 09:31:07,Palitato,,1,0,2,"Just took my last evekeo, cause my scrips were ready. Go to pick up. Insurance not covering. Need a PA. I JUST GOT ONE LIKE 3MO AGO.",,,,879633181011582976,https://twitter.com/Palitato/status/879633181011582976
2017-06-24 12:35:50,marjustmar,hgwnyc,0,0,1,"Dude evekeo is a life changer.",,,,878592499870248960,https://twitter.com/marjustmar/status/878592499870248960
2017-04-29 02:48:42,adhdmomma,,0,0,0,"A Mom has a question about Evekeo: ""I have a 9 year old boy who we tried the patch on and it worked but he... http://fb.me/3K9HryRhN",,,,858151025223634945,https://twitter.com/adhdmomma/status/858151025223634945
2017-04-20 21:10:01,Crasskitty,,5,0,20,"FINALLY GOT MY NEW MEDS. I START THEM TOMORROW AND IM SO EXCITED. Anyone else tried Evekeo? Sounds like a pokemon",,,,855166687720726530,https://twitter.com/Crasskitty/status/855166687720726530
2017-04-20 09:03:23,WebbNebebe,,0,0,0,"My 2 Cents on Evekeo via /r/ADHD ",,,,854983826057162753,https://twitter.com/WebbNebebe/status/854983826057162753
2017-03-30 13:01:27,__Euphoria_____,,0,0,1,"My daily breakfast consists of 2 Entenmanns snack pies and evekeo",,,,847433591126667264,https://twitter.com/__Euphoria_____/status/847433591126667264
2017-03-27 15:29:18,Palitato,surrexi,0,0,0,"I take Vyvanse and evekeo and they were recently approved for e-scripts! I just call when I need it!",,,,846383635871809537,https://twitter.com/Palitato/status/846383635871809537
2017-03-06 15:20:41,PaleTanner,,0,0,0,"Evekeo makes me do weird shit",,,,838771321530114048,https://twitter.com/PaleTanner/status/838771321530114048
2017-03-01 13:01:46,f3Anchortime,,1,2,6,"20 for a geometry lesson & run into Spring by Vector Victor. welcome FNG Evekeo &amp; @f3carterico 's Tiny Dancer @AndrewWheelerJr @F3Raleigh",,@f3carterico @AndrewWheelerJr @F3Raleigh,,836924423097696256,https://twitter.com/f3Anchortime/status/836924423097696256
2017-02-24 19:07:03,the_stars_abide,M0stly_H4rmless,2,0,1,"nope. Switched from adderall to evekeo (amphetamine sulfate) for a gentler recovery rebound but it's still not ideal",,,,835204411735621632,https://twitter.com/the_stars_abide/status/835204411735621632
2017-02-05 22:15:00,the_stars_abide,the_stars_abide,0,0,0,"i am sick of this shit and my brain won't let me take an evekeo either so WHATEVER. whatever. ffs.",,,,828366341920915457,https://twitter.com/the_stars_abide/status/828366341920915457
2017-02-04 20:50:25,PaleTanner,,0,0,0,"Fuck evekeo that shit has me feeling so sad after I come down",,,,827982664770674688,https://twitter.com/PaleTanner/status/827982664770674688
2017-02-03 23:10:37,the_stars_abide,,0,0,0,"i like how i took an evekeo today in hopes of accomplishing anything whatsoever and then proceeded to do nothing of the sort",,,,827655560921235456,https://twitter.com/the_stars_abide/status/827655560921235456
2017-01-24 05:18:31,amplia2mente,,0,0,0,"Evekeo (Amphetamine Sulfate Tablets, USP) - updated on RxList http://ift.tt/2jkxJoJ",,,,823761878249852928,https://twitter.com/amplia2mente/status/823761878249852928
2017-01-12 21:01:12,PaleTanner,,0,0,0,"Bet my evekeo would be hundreds of dollars too, hahhaha",,,,819650461011759104,https://twitter.com/PaleTanner/status/819650461011759104
2017-01-04 08:54:30,PaleTanner,,0,0,0,"I can see this semester I'll be running off of evekeo all semester",,,,816568475539931136,https://twitter.com/PaleTanner/status/816568475539931136
2016-12-28 05:38:12,PaleTanner,,0,0,0,"I thinking the evekeo is starting to give me anxiety and I thought I finally found a pill that could work, haha",,,,813982360475697152,https://twitter.com/PaleTanner/status/813982360475697152
2016-12-27 17:34:59,PaleTanner,,0,0,0,"Today's an evekeo day bc ya girl got shit to do",,,,813800358950670336,https://twitter.com/PaleTanner/status/813800358950670336
2016-12-13 20:41:01,giantgf,,0,0,0,"first evekeo pill and i have already read a whole 300 page book, finished a 4 page essay nd a 2 page essay nd an art project in an afternoon",,,,808773742583234560,https://twitter.com/giantgf/status/808773742583234560
2016-11-14 21:54:09,PaleTanner,,1,0,0,"Wonder how much weed, nicotine, and evekeo I'll need tonight to not murder my group mates",,,,798282902190616577,https://twitter.com/PaleTanner/status/798282902190616577
2016-10-24 19:15:49,VoicesMovie,,0,1,3,"WATCH: ""#Children &amp; #ADHD"" by Robert Whitaker https://youtu.be/gigZD4RIXhg #ChildrensHealth #PublicHealth #Adderall #Ritalin #Vyvanse #Evekeo",,,#Children #ADHD #ChildrensHealth #PublicHealth #Adderall #Ritalin #Vyvanse #Evekeo,790632910663614465,https://twitter.com/VoicesMovie/status/790632910663614465
2016-10-19 15:59:49,PaleTanner,ptrckstxmp,2,0,0,"I'll give u some evekeo to fix my room",,,,788771643216855040,https://twitter.com/PaleTanner/status/788771643216855040
2016-10-05 04:58:11,lexieeixel,lexieeixel,0,0,0,"evekeo doin the most today",,,,783531709010681858,https://twitter.com/lexieeixel/status/783531709010681858
2016-10-01 16:05:31,markwwilsonmd,DrKershaw,0,0,1,"To my patients who have to endure my explanation of Lexapro, Dexedrine/Adderall/Evekeo, and Focalin/Ritalin, this:",,,,782250098881331205,https://twitter.com/markwwilsonmd/status/782250098881331205
2016-09-16 12:34:47,lexieeixel,,0,0,0,"evekeo bout to get me a raise",,,,776761245705838592,https://twitter.com/lexieeixel/status/776761245705838592
2016-08-11 06:17:43,shell_marco,,0,0,0,"I miss Evekeo! I loved being awake I could ignore the trembling and rages, just like I did with my appetite",,,,763620391403290625,https://twitter.com/shell_marco/status/763620391403290625
2016-07-30 18:33:34,justplanefast,,1,0,0,"Has anyone had any luck with Evekeo? #evekeo",,,#evekeo,759456922353274880,https://twitter.com/justplanefast/status/759456922353274880
2016-07-12 02:18:14,RuggeroRespigo,,0,0,0,"Ruggero Respigo : Back with new stock evekeo via /r/Teva_Team https://www.reddit.com/r/Teva_Team/comments/4sels0/back_with_new_stock_evekeo/?ref=search_posts&amp;utm_source=ifttt",,,,752688487586009088,https://twitter.com/RuggeroRespigo/status/752688487586009088
2016-06-25 20:36:15,nbcsmostwanted,DinnerSonic,1,0,0,"evekeo! https://www.evekeo.com/about-evekeo/faqs what med are you taking??",,,,746804217541603328,https://twitter.com/nbcsmostwanted/status/746804217541603328
2016-06-12 23:53:51,benniemiller98,,0,0,1,"15 MG OF EFFEXOR 10 MG OF EVEKEO",,,,742142906446843904,https://twitter.com/benniemiller98/status/742142906446843904
2016-04-26 20:11:46,altman_evan,,0,0,0,"Agree with Dr. Saghafi's answer to ""Taking klonopin,wellbutrin,luvox,evekeo and getting headaches. Any idea why?"" - http://htap.us/25nbtx",,,,725054784311414784,https://twitter.com/altman_evan/status/725054784311414784
2016-03-16 14:57:32,MedicalLetter,,0,0,0,"#MedicalLetterTrivia Correct! Read: Racemic Amphetamine Sulfate (Evekeo) for #ADHD http://bit.ly/1NPAMxv",,,#MedicalLetterTrivia #ADHD,710117803123216384,https://twitter.com/MedicalLetter/status/710117803123216384
2016-03-11 16:11:40,IfIWereTheWiser,nymnion,1,0,1,"@NymN_HS @Alisha12287 Okay, I take Evekeo, which is the newest form of ADHD medication and doesn't side-effects that Adderal does.",,@NymN_HS @Alisha12287,,708324522555023364,https://twitter.com/IfIWereTheWiser/status/708324522555023364
2016-02-26 20:42:03,shell_marco,,0,0,0,"I've had 20mg of evekeo and a coffee but I'm still gonna take a nap",,,,703319134944235520,https://twitter.com/shell_marco/status/703319134944235520
2016-02-23 20:42:54,peri0d_bl00d,,0,0,0,"i'm about to get all ready to get out of bed with some adderall and evekeo",,,,702232187488362497,https://twitter.com/peri0d_bl00d/status/702232187488362497
2016-02-23 05:18:36,therealtamanii,,0,0,0,"Evekeo (Amphetamine Sulfate Tablets, USP) - updated on RxList: http://bit.ly/21mJOYs",,,,701999578829049857,https://twitter.com/therealtamanii/status/701999578829049857
2016-02-20 06:55:23,peri0d_bl00d,,0,0,0,"is evekeo better than adderall i'm not sure but vyvanse is still the best in my opinion",,,,700936770985271296,https://twitter.com/peri0d_bl00d/status/700936770985271296
2016-02-20 04:16:05,peri0d_bl00d,,0,0,0,"i took one 10mg evekeo and i am not sure how i feel",,,,700896681945075712,https://twitter.com/peri0d_bl00d/status/700896681945075712
2016-02-19 15:13:11,_Carmen666,NikkiSe7en,1,0,1,"@NikkiSe7en @__YanYe__ I just got switched from Adderall to Evekeo due to cardiac/sleep issues and it's a 50/50 blend of dex and levo",,@NikkiSe7en @__YanYe__,,700699656297148418,https://twitter.com/_Carmen666/status/700699656297148418
2016-02-18 17:59:40,peri0d_bl00d,,0,0,0,"anybody take evekeo??????????",,,,700379168266153984,https://twitter.com/peri0d_bl00d/status/700379168266153984
2016-01-26 03:30:13,conscious_diva1,210princessa,1,0,0,"@210princessa @keep__smyelin my doc prescribed a med called Evekeo. It's day 2 &amp; I don't think it's for me. Heart palpitations.",,@210princessa @keep__smyelin,,691825441133481987,https://twitter.com/conscious_diva1/status/691825441133481987
2016-01-10 19:00:52,ActuallyADHD,,0,0,0,"Anonymous said: i've been taking evekeo (20 mg) for about a month now and i was wondering if you could tell... http://tmblr.co/ZW2kNu1-dh-T9",,,,686261440701968385,https://twitter.com/ActuallyADHD/status/686261440701968385
2015-12-11 15:44:51,Quote_theRAVEN,brokeymcpoverty,0,0,1,"@brokeymcpoverty after going through literally 3...evekeo is new...it's working best for me",,@brokeymcpoverty,,675340476753555456,https://twitter.com/Quote_theRAVEN/status/675340476753555456
2015-11-30 17:58:10,natrusland,motherboard,0,0,0,"@motherboard try evekeo",,@motherboard,,671387761308508162,https://twitter.com/natrusland/status/671387761308508162
2015-11-13 16:00:15,myMediSecret,,0,0,0,"EVEKEO (Amphetamine Sulfate) Tablet [Arbor Pharmaceuticals] - http://dailymed.nlm.nih.gov/dailymed/lookup.cfm?setid=f469fb38-0380-4621-9db3-a4f429126156",,,,665197492972163072,https://twitter.com/myMediSecret/status/665197492972163072
2015-11-09 23:31:56,florallavender,,0,0,0,"almost immediately after i took my evekeo i threw up. noted.",,,,663861610239299584,https://twitter.com/florallavender/status/663861610239299584
2015-10-31 19:12:54,juancarlosYogi,,0,0,0,"Evekeo FAQ https://shar.es/15ojdf via @sharethis",,@ShareThis,,660534932809392128,https://twitter.com/juancarlosYogi/status/660534932809392128
2015-10-06 12:41:28,RxPTip,,0,2,2,"Heard about new/old ADHD drug Evekeo? Don't be fooled. It's Just amphetamine. #ADHD",,,#ADHD,651376727617372160,https://twitter.com/RxPTip/status/651376727617372160
2015-09-25 13:00:07,MedicalLetter,,0,0,1,"Does Evekeo (racemic amphetamine sulfate) offer any advantage over other stimulants for treatment of #ADHD? Read: http://bit.ly/1NPAMxv",,,#ADHD,647395154916052992,https://twitter.com/MedicalLetter/status/647395154916052992
2015-09-23 14:00:36,MedicalLetter,,0,0,0,"New Issue: #Addyi for Hypoactive Sexual Desire Disorder, Movantik for #Opioid-Induced Constipation, Evekeo for #ADHD: http://bit.ly/1Lwk3PH",,,#Addyi #Opioid #ADHD,646685601815617537,https://twitter.com/MedicalLetter/status/646685601815617537
2015-09-11 20:48:21,rDrugNerds,,0,0,0,"Evekeo- ""New"" racemic amphetamine-based pharmaceutical: Has anyone heard of Evekeo, the ""new"" brand name of ra... http://bit.ly/1iD9sad",,,,642439559020593152,https://twitter.com/rDrugNerds/status/642439559020593152
2015-08-31 13:06:15,FocusMDrichmond,,0,0,0,"Evekeo FAQ http://fb.me/7ozBCQnFG",,,,638337002274992128,https://twitter.com/FocusMDrichmond/status/638337002274992128
2015-07-14 16:13:08,Primal_Digest,DrRobMelillo,0,0,0,"@DrRobMelillo Evekeo safe, effective for ADHD among #children in #classroom setting ...from 9 sources, over 26 days http://pri.ml/_rn8FY0E",,@DrRobMelillo,#children #classroom,620989414668374016,https://twitter.com/Primal_Digest/status/620989414668374016
2015-07-10 15:50:03,ADHD_Autism,,0,0,0,"Evekeo safe, effective for ADHD among children in classroom setting http://bit.ly/1L2Plwq",,,,619534053390204930,https://twitter.com/ADHD_Autism/status/619534053390204930
2015-07-09 18:35:48,ADDitudeMag,,0,0,0,"RT @GoHealio: Evekeo safe, effective for #ADHD among #children in #classroom setting http://goo.gl/nqri4V",,@GoHealio,#ADHD #children #classroom,619213378083495937,https://twitter.com/ADDitudeMag/status/619213378083495937
2015-07-09 14:30:14,BabyMDoctor,,0,0,0,"Baby>Evekeo safe, effective for ADHD among children in classroom setting&gt;Amphetamine sulfate was effective... http://bit.ly/1LYs0h9 #baby",,,#baby,619151579422310400,https://twitter.com/BabyMDoctor/status/619151579422310400
2015-07-09 13:19:27,GoHealio,,0,0,1,"Evekeo safe, effective for #ADHD among #children in #classroom setting",,,#ADHD #children #classroom,619133766334840832,https://twitter.com/GoHealio/status/619133766334840832
2015-07-09 13:19:00,PsychAnnals,,0,0,0,"Evekeo safe, effective for #ADHD among #children in #classroom setting http://goo.gl/nqri4V",,,#ADHD #children #classroom,619133652337864708,https://twitter.com/PsychAnnals/status/619133652337864708
2015-07-08 16:02:52,elements4health,,0,0,0,"Study Shows Evekeo Is Safe and Effective for Treating Children with ADHD: Parents of children suffering from A... http://bit.ly/1KTq6fG",,,,618812505066860546,https://twitter.com/elements4health/status/618812505066860546
2015-07-07 08:18:25,WHATISAPLANET,,0,0,0,"I'm now prescribed Wellbutrin, Evekeo (amphetamine sulfate), and Ativan...Is it weird that I'm worried about being so ""drugged up""?",,,,618333233311281152,https://twitter.com/WHATISAPLANET/status/618333233311281152
2015-07-04 12:10:06,DiseasePrimers,,0,0,0,"Amphetamine-based drug Evekeo effective in treating #ADHD symptoms in children. http://1.usa.gov/1Jp6QFi",,,#ADHD,617304373715021824,https://twitter.com/DiseasePrimers/status/617304373715021824
2015-07-03 02:14:30,AYUSHDARPAN,,0,0,0,"आयुष दर्पण: New study supports safety and efficacy of Evekeo f... http://ayushdarpan.blogspot.com/2015/07/new-study-supports-safety-and-efficacy.html?spref=tw",,,,616792098528821248,https://twitter.com/AYUSHDARPAN/status/616792098528821248
2015-07-02 22:45:47,mehealthADHD,,0,0,0,"New #ADHD drug Evekeo thought to improve symptoms &amp; Class Performance Scores in its users http://snip.ly/kz07 @eMPR #MedSolutions",,@eMPR,#ADHD #MedSolutions,616739571926204417,https://twitter.com/mehealthADHD/status/616739571926204417
2015-07-01 17:10:15,MMConneely,,0,0,0,"#Evekeo Improves #ADHD Symptoms, Class Performance Scores in Study http://ow.ly/P1JtQ http://fb.me/3W9cRZjPA",,,#Evekeo #ADHD,616292745749987329,https://twitter.com/MMConneely/status/616292745749987329
2015-07-01 00:28:51,susanmurphy113,,0,0,0,"Evekeo Improves ADHD Symptoms, Class Performance Scores in Study http://www.empr.com/evekeo-adhd-symptoms-class-performance-scores/article/423559/ via @empr",,@eMPR,,616040737138974721,https://twitter.com/susanmurphy113/status/616040737138974721
2015-06-30 15:30:00,RobertThompsoZZ,,0,0,1,"New study supports safety and efficacy of Evekeo for treating children with ADHD http://cue.li/meyo",,,,615905130278301696,https://twitter.com/RobertThompsoZZ/status/615905130278301696
2015-06-30 14:46:50,isabellalee9728,,0,0,0,"New study supports safety and efficacy of Evekeo for treating children with ADHD http://cue.li/muox",,,,615894265516834816,https://twitter.com/isabellalee9728/status/615894265516834816
2015-06-30 13:54:32,ADHD_Autism,,0,0,0,"Evekeo Improves ADHD Symptoms, Class Performance Scores in Study http://bit.ly/1RPTAM3",,,,615881102608076800,https://twitter.com/ADHD_Autism/status/615881102608076800
2015-06-30 09:40:39,philochsghost,,0,0,0,"Amphetamine-based drug Evekeo effective in treating ADHD symptoms in children http://scifeeds.com/news/amphetamine-based-drug-evekeo-effective-in-treating-adhd-symptoms-in-children/",,,,615817214743048192,https://twitter.com/philochsghost/status/615817214743048192
2015-06-30 09:19:03,eopinintv,,0,0,0,"New study supports safety and efficacy of Evekeo for treating children with ADHD http://buff.ly/1IGLXmg",,,,615811775632535553,https://twitter.com/eopinintv/status/615811775632535553
2015-06-30 08:46:03,Eyado,,0,0,1,"New Study Supports Safety & Efficacy of Evekeo for Treating Children https://lnkd.in/eYac5au",,,,615803472194080768,https://twitter.com/Eyado/status/615803472194080768
2015-06-30 07:20:06,quoteaplan,,0,0,0,"Amphetamine-based drug Evekeo effective in treating ADHD symptoms in children http://bit.ly/1JmPHMm",,,,615781840549343233,https://twitter.com/quoteaplan/status/615781840549343233
2015-06-30 06:57:30,voyagermed,,0,0,0,"Amphetamine-based drug Evekeo effective in treating ADHD symptoms in children https://voyagermed.com Story: http://goo.gl/X414MU",,,,615776155304472576,https://twitter.com/voyagermed/status/615776155304472576
2015-06-30 06:56:40,DTNPharmaNews,,0,0,0,"DTN Pharma News: Amphetamine-based drug Evekeo effective in treating ADHD symptoms in children: The amphetamin... http://bit.ly/1T06oBO",,,,615775943903178752,https://twitter.com/DTNPharmaNews/status/615775943903178752
2015-06-30 06:52:23,ADHD_Autism,,0,0,0,"Amphetamine-based drug Evekeo effective in treating ADHD symptoms in children http://bit.ly/1IIRb0O",,,,615774867149828096,https://twitter.com/ADHD_Autism/status/615774867149828096
2015-06-30 06:44:51,onmedicglobal,,0,0,0,"Amphetamine-based drug Evekeo effective in treating ADHD symptoms in children http://ift.tt/1ROKZZT #onmedic #ehealth #pharma",,,#onmedic #ehealth #pharma,615772972142301184,https://twitter.com/onmedicglobal/status/615772972142301184
2015-06-30 06:42:10,childhltdaily,,0,0,1,"Amphetamine-based drug Evekeo effective in treating ADHD symptoms in children http://dlvr.it/BMs7rK #health #child",,,#health #child,615772293948551173,https://twitter.com/childhltdaily/status/615772293948551173
2015-06-30 02:52:53,RobertThompsoZZ,StephBeale1,0,0,0,"@stephbeale1 New study supports safety and efficacy of Evekeo for treating children with ADHD http://cue.li/l1gv",,@StephBeale1,,615714596041523200,https://twitter.com/RobertThompsoZZ/status/615714596041523200
2015-06-29 22:04:20,Healthcanal,,0,0,0,"New Study Supports Safety and Efficacy of Evekeo for Treating Children with ADHD: New… http://goo.gl/fb/jNnyYG",,,,615641977434935296,https://twitter.com/Healthcanal/status/615641977434935296
2015-06-29 22:03:06,Healthcanal,,0,0,0,"#ADHD New Study Supports Safety and Efficacy of Evekeo for Treating Children with ADHD: New Rochelle, NY —The… http://dlvr.it/BMj3nR",,,#ADHD,615641669652758528,https://twitter.com/Healthcanal/status/615641669652758528
2015-06-29 21:49:26,helenthomas607,,0,0,0,"New study supports safety and efficacy of Evekeo for treating children with ADHD http://cue.li/lwdz",,,,615638231237812224,https://twitter.com/helenthomas607/status/615638231237812224
2015-06-29 18:58:08,helpinusmedia,,0,0,0,"#HealthyLiving New study supports safety and efficacy of Evekeo for treating children with… http://dlvr.it/BMdn6c",,,#HealthyLiving,615595121317318656,https://twitter.com/helpinusmedia/status/615595121317318656
2015-06-29 18:06:35,mytotalhealthng,,0,0,0,"New study supports safety and efficacy of Evekeo for treating children with ADHD ",,,,615582145193508864,https://twitter.com/mytotalhealthng/status/615582145193508864
2015-06-29 18:01:15,physorg_health,,0,1,0,"New study supports #safety and efficacy of Evekeo for treating children with #ADHD http://medx.cc/354805268 @LiebertOnline",,@LiebertOnline,#safety #ADHD,615580804526264321,https://twitter.com/physorg_health/status/615580804526264321
2015-06-29 17:55:43,jaegervollmar,,0,0,0,"New Study Supports Safety & Efficacy of #Evekeo for Treating Children with #ADHD http://ow.ly/OWPnu Your thoughts?",,,#Evekeo #ADHD,615579414328406016,https://twitter.com/jaegervollmar/status/615579414328406016
2015-06-29 17:44:50,FoltinFuture,,0,0,0,"New study supports safety and efficacy of Evekeo for treating children with ADHD http://ffc.im/1IoiWjp",,,,615576674185400320,https://twitter.com/FoltinFuture/status/615576674185400320
2015-06-29 17:26:35,MickeySchulte,,0,0,0,"New Study Supports Safety and Efficacy of Evekeo for Treating Children with ADHD http://ift.tt/1FKLX2m",,,,615572081401561089,https://twitter.com/MickeySchulte/status/615572081401561089
2015-06-29 17:22:13,ajinkyaambre3,,0,0,0,"New study supports safety and efficacy of Evekeo for treating children with ADHD http://dlvr.it/BMbnfR",,,,615570982376501248,https://twitter.com/ajinkyaambre3/status/615570982376501248
2015-06-29 17:22:06,sciencenewsfact,,0,0,0,"New study supports safety and efficacy of Evekeo for treating children with ADHD http://dlvr.it/BMbqkS",,,,615570954089992193,https://twitter.com/sciencenewsfact/status/615570954089992193
2015-06-29 16:47:00,MedicalFeed,,0,0,0,"New Study Supports Safety and Efficacy of Evekeo for Treating Children with ADHD: The amphetamine-based drug E... http://bit.ly/1Nu47Lz",,,,615562119006650368,https://twitter.com/MedicalFeed/status/615562119006650368
2015-06-29 15:14:54,LiebertPub,,0,0,0,"New Study Supports Safety & Efficacy of Evekeo for Treating Children with #ADHD http://ow.ly/OWkxT",,,#ADHD,615538939856859136,https://twitter.com/LiebertPub/status/615538939856859136
2015-06-24 19:52:58,MedCoupons,,0,1,1,"Just listed a new coupon for Evekeo; Save money on your copays today. http://dld.bz/dHGF8 #ADHD",,,#ADHD,613796981069234176,https://twitter.com/MedCoupons/status/613796981069234176
2015-06-24 19:22:06,addboymike,,0,0,0,"Evekeo for Treatment of ADHD http://goo.gl/alerts/SNEv #GoogleAlerts Addboy Blog &amp; eBooks - http://addsolutionscenter.blogspot.com/",,,#GoogleAlerts,613789212387713024,https://twitter.com/addboymike/status/613789212387713024
2015-06-24 14:38:49,MedCoupons,,0,0,0,"It's New #DrugCoupon Wednesday! Get an Evekeo Coupon, Lotrimin Coupon and More Drug Savings! http://dld.bz/dHGE3",,,#DrugCoupon,613717920250765313,https://twitter.com/MedCoupons/status/613717920250765313
2015-06-22 22:12:54,ADD_ADHD_News,,0,0,0,"Evekeo Available for the Treatment of ADHD: Evekeo (amphetamine sulfate; Arbor) tablets are available for the ... http://bit.ly/1SEnbKs",,,,613107418264829956,https://twitter.com/ADD_ADHD_News/status/613107418264829956
2015-06-22 20:31:17,eMPR,,0,0,1,"Evekeo now available for the treatment of ADHD: http://ow.ly/ODXch",,,,613081847967412224,https://twitter.com/eMPR/status/613081847967412224
2015-06-16 18:26:13,Dopelassie,canttell__,2,0,0,"@atiyaanwar93 that's naloxone_opioid Amphetamine comes with commercial name of Evekeo @AsliBaraShwarma",,@AsliBaraShwarma,,610876047630987264,https://twitter.com/Dopelassie/status/610876047630987264
2015-05-29 09:01:01,FibroFacts,,2,1,0,"Sandy asks ""Has anyone tried Evekeo for fatigue? If so how'd you do with it? I think it's a fairly new drug.""",,,,604210827193925633,https://twitter.com/FibroFacts/status/604210827193925633
2015-05-29 09:01:01,MS_newsandhelp,,0,0,0,"Sandy asks ""Has anyone tried Evekeo for fatigue? If so how'd you do with it? I think it's a fairly new drug.""",,,,604210826522796032,https://twitter.com/MS_newsandhelp/status/604210826522796032
2015-04-05 19:34:34,LiebertOA,,0,0,0,"A study on the safety of #Evekeo for treatment of #ADHD: http://ow.ly/3xHCjJ #psychopharmacology #openaccess",,,#Evekeo #ADHD #psychopharmacology #openaccess,584801320365912066,https://twitter.com/LiebertOA/status/584801320365912066
2015-03-20 16:51:35,psychopharmacol,,0,0,0,"Evekeo (R-AMPH) &gt; PLA in children aged 6–12 years with ADHD, from 45 minutes through 10 hours postdose http://online.liebertpub.com/doi/abs/10.1089/cap.2014.0176",,,,578962098446843904,https://twitter.com/psychopharmacol/status/578962098446843904
2015-03-06 16:01:21,NootropicReddit,,0,0,0,"The Efficacy and Safety of Evekeo, Racemic Amphetamine Sulfate, for Treatment of Attention-Deficit/Hyperactivity D… http://ift.tt/1A3ZH6R",,,,573876027358904320,https://twitter.com/NootropicReddit/status/573876027358904320
2015-02-28 19:03:00,JasonHarvard,,0,0,0,"The Efficacy and Safety of Evekeo, Racemic Amphetamine Sulfate, for... - PubMed - NCBI http://www.ncbi.nlm.nih.gov/pubmed/25692608",,,,571747412001214465,https://twitter.com/JasonHarvard/status/571747412001214465
2013-09-02 01:26:53,evekeo,,0,0,0,"@HeatherDubrow You are my favorite housewife from all the housewife shows! You seem honest, authentic, intelligent and your joy to watch!",,@HeatherDubrow,,374342634703048704,https://twitter.com/evekeo/status/374342634703048704
2013-08-30 19:45:20,evekeo,,0,0,0,"@Lil_Lava_74- Hey Girl!! Sending you some love and hugs",,,,373531903657132032,https://twitter.com/evekeo/status/373531903657132032
2013-08-30 07:59:36,evekeo,BirdsofVision,0,0,0,"@BirdsofVision @mdoubleal - AND getting your sexy back!",,@BirdsofVision @mdoubleal,,373354298878332928,https://twitter.com/evekeo/status/373354298878332928
2013-08-30 07:56:35,evekeo,BirdsofVision,0,0,0,"@BirdsofVision WE LOVE you to...so much!!",,@BirdsofVision,,373353540900511744,https://twitter.com/evekeo/status/373353540900511744
2012-05-16 13:25:40,CRUClOZAYN,,0,0,0,"@JaiBrooks1 @luke_brooks please follow swedish fan @nimartasingh evekeo",,@JaiBrooks1 @luke_brooks @NimartaSingh,,202751671510642689,https://twitter.com/CRUClOZAYN/status/202751671510642689
2012-04-30 18:23:49,evekeo,,0,0,1,"Come play Pet Hotel with me! http://bit.ly/uxdnxHÂ#PetHotel",,,#PetHotel,197028500685852673,https://twitter.com/evekeo/status/197028500685852673
2012-04-26 20:19:00,evekeo,,0,0,0,"@KPAM860 I really want to try Indian food now! Sounds fantastic! Thanks Bob",,@KPAM860,,195607935567675392,https://twitter.com/evekeo/status/195607935567675392
2012-04-25 21:11:51,evekeo,,1,0,0,"@NateBerkusShow I need help with organizing shoes! Is there any great storage pieces on the market I don't know about?",,,,195258848246902784,https://twitter.com/evekeo/status/195258848246902784
