date,username,to,replies,retweets,favorites,text,geo,mentions,hashtags,id,permalink
2020-03-08 09:41:17,stuartcantrill,stuartcantrill,0,0,1,"Again, not quite: levorphanol is also an opiod analgesic on the market; it's enantiomer — dextrorphan — reached phase II clinical trials as a treatment for stroke, but didn't get any further...",,,,1236587787559854080,https://twitter.com/stuartcantrill/status/1236587787559854080
2020-01-02 12:02:16,objectsobjects,,0,0,0,"Research the banal Levorphanol. ",,,,1212705667729035264,https://twitter.com/objectsobjects/status/1212705667729035264
2019-12-23 03:20:15,ARCILITE,,0,1,0,"Fully synthetic opioids: such as fentanyl, pethidine, levorphanol, methadone, tramadol, tapentadol, and dextropropoxyphene;",,,,1208950419201908736,https://twitter.com/ARCILITE/status/1208950419201908736
2019-12-15 09:47:50,browndotflop,shelley_bean60,1,2,11,"Great questions Shelley! I’d love to know these answers! If it’s because it’s a partial agonist, why not use tramadol or levorphanol? Why the push for something so expensive? No coincidence - we all saw bupe for all coming as some panacea, but it’s actually aka prison heroin",,,,1206148853587689472,https://twitter.com/browndotflop/status/1206148853587689472
2019-11-18 21:53:00,bowmancox,,0,0,3,"Levorphanol Write-Down Dents Zydus in Q2 But Saroglitazar Expectations Build ",,,,1196546874376892416,https://twitter.com/bowmancox/status/1196546874376892416
2019-11-18 01:02:39,ScripIanHaydock,,0,1,1,"Levorphanol Write-Down Dents Zydus in Q2 But Saroglitazar Expectations Build https://scrip.pharmaintelligence.informa.com/articles/2019/11/15/levorphanol-writedown-dents-zydus-in-q2-but-saroglitazar-expectations-build",,,,1196232215811616769,https://twitter.com/ScripIanHaydock/status/1196232215811616769
2019-11-15 13:47:02,zorgnl,,0,1,2,"PharmaScrip: Levorphanol Write-Down Dents Zydus in Q2 But Saroglitazar Expectations Build http://bit.ly/2Kn4yOQ #PharmaScrip http://dlvr.it/RJLYbW",,,#PharmaScrip,1195337414467817472,https://twitter.com/zorgnl/status/1195337414467817472
2019-11-15 11:00:09,PharmaScrip,,0,0,0,"Levorphanol Write-Down Dents Zydus in Q2 But Saroglitazar Expectations Build http://bit.ly/2Kn4yOQ #PharmaScrip",,,#PharmaScrip,1195295418608955393,https://twitter.com/PharmaScrip/status/1195295418608955393
2019-11-15 00:35:46,heatherpeno,,0,0,0,"... than 0.05), whereas levorphanol, hydromorphone, oxycodone, heroin, and the opioid antagonist naloxone were not injections? #patchwork",,,#patchwork,1195138284227313665,https://twitter.com/heatherpeno/status/1195138284227313665
2019-10-05 16:59:03,GaladiHaris,,1,1,6,"Bi-DAILY DRUG INFORMATION__030 Dextromethorphan is an OTC medication mostly used as a cough suppressant. It is available in syrup, tablet & lozenge dosage forms It is a derivative of levorphanol which act on cough center in the medulla &amp; decreases sensitivity of cough receptors",,,,1180527834139377664,https://twitter.com/GaladiHaris/status/1180527834139377664
2019-09-17 20:48:51,pechilvr,MrPetesonality,1,0,4,"2005-2017 I was on 5 methadones + 4 dilaudids. I took myself off dilaudids & PMD discharged me for not having it in UA. I was fine with just taking 4 doses of methadone, but new PMD started the BS force tapering, swapping for levorphanol then put me back on then discharged me.",,,,1174062681910841346,https://twitter.com/pechilvr/status/1174062681910841346
2019-09-16 16:26:47,pechilvr,,1,1,1,"Can someone explain why an MD would swap Methadone 4 Levorphanol on a patient who’s RX’d Methadone from 2005-19 if it’s 1 of the drugs promoted for MAT in addicts? Doesn’t make sense! Seems like a PAC who wanted to DO HARM! Then abruptly discharge the Patient bc of THEIR error? ",,,,1173634345925599233,https://twitter.com/pechilvr/status/1173634345925599233
2019-09-14 03:30:02,GST_App,,0,0,0,"#GST Info App: http://smarturl.it/gst-app HS code 293341 #tax 18%&#13; Levorphanol (INN) and its salts",,,#GST #tax,1172714091527323649,https://twitter.com/GST_App/status/1172714091527323649
2019-09-12 18:43:41,susanmalone1964,KratomNurse,1,0,2,"In terms of the painful conditions, I was taking Lyrica, Tramadol and Levorphanol as needed for breakthrough pain. I was able to hold down a job and be relatively normal. Now I just have Gabapentin. That's it.",,,,1172219246358794241,https://twitter.com/susanmalone1964/status/1172219246358794241
2019-09-06 06:39:29,pechilvr,,0,0,1,"Thank you so much for fighting for chronic pain patients I was abruptly discharged for not having enough medication (levorphanol) via US Mail W/O a refill for medication on my monthly follow up visit &amp; wound up very ill in the hospital in April 2019. On Aug. 9th I had surgery. https://twitter.com/DrSeanMackey/status/1168924113009819657",,,,1169862668603150336,https://twitter.com/pechilvr/status/1169862668603150336
2019-08-27 18:31:53,susanmalone1964,dirtydawgjp,1,0,1,"I know right? 30 years dealing with this mess and I got lots of stuff in the ""yay or nay"" columns for sure! Hydrocodone works for me BUT so little that it takes an ungodly amount. Methadone and one called Levorphanol both work really well for me.",,,,1166418071218806784,https://twitter.com/susanmalone1964/status/1166418071218806784
2019-08-16 13:44:56,pechilvr,TheRebelPatient,0,0,0,"I went from 50mg (2005-2018) then forced by a new doctor dictating switching me to Levorphanol but kept getting edema about 7 months later he switched me back to methadone and then discharged by mail 2 months later so from 30 to 0 all forced on me! and landed me in a hospital ",,,,1162359591604277249,https://twitter.com/pechilvr/status/1162359591604277249
2019-07-16 20:54:51,HomoAge,ChaosEngine_,1,0,1,"I believe it's derived from levorphanol , and acts as an agonist on mu and sigma receptors similar to other opiates, will also show as positive for opiate from drug screen, but has varied actions at different sites ,so may not be classically defined as an opiate as such.",,,,1151233756289753089,https://twitter.com/HomoAge/status/1151233756289753089
2019-06-21 23:31:05,snowmedct,,0,0,0,"Nothing on radar following today's levorphanol tartrate Ergotamine tartrate Sumatriptan succinate Methysergide maleat",,,,1142213380570267648,https://twitter.com/snowmedct/status/1142213380570267648
2019-06-14 19:14:01,pechilvr,JinxedLupie,0,2,2,"I live the? ""if I WASNT broken why abruptly stop my medication?"" similar to ""if ain't broke don't fix it!"" I was RX'd Methadone for pain in 2005 in 2018 I was abruptly switched w/o my input to Levorphanol. In February 2019 due to edema switched back. In April my Dr. abandoned me ",,,,1139611969026252800,https://twitter.com/pechilvr/status/1139611969026252800
2019-06-11 14:54:03,Krystnah,Ted_LQ4L,0,0,0,"So, the only interesting point thus far was a study on the unstigmatized levorphanol with interesting study that the speaker completely failed to finish on! ",,,,1138459384386871306,https://twitter.com/Krystnah/status/1138459384386871306
2019-05-13 17:53:30,FocusOnQuality,ThomasKlineMD,0,0,0,"amazingly useful medication (levorphanol)--almost lost (@$2/dose)--is back (@$35/dose)* *but still quite restricted",,,,1127995296955265024,https://twitter.com/FocusOnQuality/status/1127995296955265024
2019-05-13 10:27:32,pechilvr,,1,0,1,"2/ The letter states ""I had wrong amount of pills."" In 1/2019 I was on Levorphanol, got edema from the medication. In 2/2019 PMD switched me back to the 90mme of METHADONE 3 x 10 per day which shorted me a 4th dose during sleep hours. In 3/2019 I told the PAC I'm waking in pain. ",,,,1127883066364649472,https://twitter.com/pechilvr/status/1127883066364649472
2019-05-11 05:38:42,pechilvr,pechilvr,2,5,6,"I got a discharge letter in the mail. I call nurse: “you didn’t have levorphanol in your last UA.” Me: “I’m not supposed to I’m back on Methadone” Nurse: “well you still should have had it in your UA. Me: “why when the ER doctor advised my to stop it?” I Still got discharged! ",,,,1127085603718410240,https://twitter.com/pechilvr/status/1127085603718410240
2019-05-11 05:31:05,pechilvr,Rachjr1,4,7,4,"I guess so I was abandoned by PMD after taking 30mg of Methadone since 12/21/2005 & Dec he decided “oh let’s switch 2 Levorphanol then I got edema &amp; less relief. Then ER suggested not taking it &amp; PMD switched me back to Methadone . March UA came back flagged; no levorphanol DUUH ",,,,1127083684295860224,https://twitter.com/pechilvr/status/1127083684295860224
2019-05-02 14:36:41,pechilvr,pechilvr,1,1,5,"2/2 went to ER 1/2019 for Edema Dr told me likely levorphanol causing it. Plus new copay was $600. I explained both to the PAC. But they took an oral swab test anyway. In Feb &amp; Mar he put me back on Methadone. Oral swab was NEG for levorphanol. I got letter on 4/4 I was dropped ",,,,1123959500694749184,https://twitter.com/pechilvr/status/1123959500694749184
2019-05-02 14:29:39,pechilvr,Elianok10,1,1,4,"1/2 i was dropped bc the PAC didn't due diligence. I was RX'D Methadone 50mg tablets daily for Chronic Pain on 12/21/2005. Then new PAC force tapered me to 30mg in 5/2018. Then 8/2018 appt he switched me to a drug called Levorphanol. It kept causing me Edema. I went to ER for it",,,,1123957729234702346,https://twitter.com/pechilvr/status/1123957729234702346
2019-05-01 15:12:53,MyMagnifOctopus,,1,0,0,"use isn't exactly oxycontin. Levorphanol isn't on the tops of any abuse lists. So, basically, they enacted a security measure which doesn't really discourage anyone except legitimate customers. Brilliant! 4/4",,,,1123606220588355584,https://twitter.com/MyMagnifOctopus/status/1123606220588355584
2019-04-30 00:44:18,pechilvr,chiefmaven,2,2,7,"my UA came back missing levorphanol despite DOC PUTTING ME BK on Methadone HE SWITCHED OUT &amp; BEEN ON since 2005 + weened myself off Dilaudid I got dropped by mail w/o final script on DAY I should have refilled. Now Im Sick &amp; in pain! ",,,,1123025246339174400,https://twitter.com/pechilvr/status/1123025246339174400
2019-04-27 01:19:21,ChrisandJaneSk1,,0,0,0,"Hello everyone! Today has been a rough day. I'm having Worker's compensation problems. I was prescribed a new medication that works on opiate receptors and NMDA receptors. It is called levorphanol. It is an old seldom used medication, but works on the NMDA receptors better.",,,,1121946904164696065,https://twitter.com/ChrisandJaneSk1/status/1121946904164696065
2019-04-23 16:31:41,NaturesPoisons,NaturesPoisons,0,0,4,"On a serious note: Dextrorphan vs Levorphanol. Dextrorphan is a (mostly) inactive metabolite of dextromethorphan. Levorphanol is a potent opioid (~5 times greater than morphine).",,,,1120726948962099204,https://twitter.com/NaturesPoisons/status/1120726948962099204
2019-04-19 18:30:13,CoventryWC,,0,0,0,"What is levorphanol, and why is it so expensive? To find out about this long-acting, Schedule II opioid analgesic and more, check out this month’s #CoventryWC First Script Newsletter. http://bit.ly/2UJypZ6",,,#CoventryWC,1119307226999590917,https://twitter.com/CoventryWC/status/1119307226999590917
2019-04-13 15:20:58,RyanMarino,drrickbarnett,1,0,0,"Could well be the case. I’ve never had levorphanol available at any institution I’ve worked at so don’t usually count it",,,,1117085273190539266,https://twitter.com/RyanMarino/status/1117085273190539266
2019-04-13 15:10:26,drrickbarnett,RyanMarino,1,0,0,"Levorphanol must have it beat? ",,,,1117082623531212801,https://twitter.com/drrickbarnett/status/1117082623531212801
2019-04-05 10:33:00,awhspeed,AmyKeirstead,1,0,1,"I like dextromethorphan. It stops coughs. Its enantiomer is a potent opioid agonist (when demethylated it is levorphanol). I believe it is still made as a racemate, and separated by diastereomeric crystalization. Quality control is crucial there!",,,,1114113701244735490,https://twitter.com/awhspeed/status/1114113701244735490
2019-03-22 23:10:52,ZRtheDr,EHahnMD,1,0,0,"I had a moment of Clarity realizing the “forgotten opioid” levorphanol is the enantiomer of d-morphan. You are down the NICU n of 1 on this thread!",,,,1109230994467508224,https://twitter.com/ZRtheDr/status/1109230994467508224
2019-03-14 18:47:50,HospiPharmD,,0,1,0,"Levorphanol for refractory neuropathic pain. #hpm19",,,#hpm19,1106265698697916416,https://twitter.com/HospiPharmD/status/1106265698697916416
2019-03-14 18:11:24,TransitionsKids,,0,0,0,"#pedpc folk-interesting discussion of Levorphanol... Anyone using this regularly?",,,#pedpc,1106256531165769728,https://twitter.com/TransitionsKids/status/1106256531165769728
2019-03-06 17:32:05,mbrosen,,0,0,0,"@davidalangrier @drdrew @adamcarolla Levorphanol: great drug name...",,@davidalangrier @drdrew @adamcarolla,,1103347530631446528,https://twitter.com/mbrosen/status/1103347530631446528
2019-02-09 09:01:38,ProfAnestesista,,0,0,0,"Pharmacological Characterization of Levorphanol, a G-Protein Biased #Opioid Analgesic @IARS_Journals | #ECM http://bit.ly/2DbabLV",,@IARS_Journals,#Opioid #ECM,1094159376275918849,https://twitter.com/ProfAnestesista/status/1094159376275918849
2019-02-08 11:30:40,ProfAnestesista,,0,0,0,"Pharmacological Characterization of Levorphanol, a G-Protein Biased #Opioid Analgesic @IARS_Journals | #ECM http://bit.ly/2DbabLV",,@IARS_Journals,#Opioid #ECM,1093834492312276998,https://twitter.com/ProfAnestesista/status/1093834492312276998
2019-02-03 14:26:06,_Rhonda_Lee_,seinfeldsmullet,0,0,0,"My pain mgmt dr gave me the patches & they helped my pain better than other narcotics, like Opana & Levorphanol. He only prescribed it though after 4 years &amp; after I tried just about every other narcotic.",,,,1092066702311989249,https://twitter.com/_Rhonda_Lee_/status/1092066702311989249
2019-01-30 03:05:25,Ashish_shah72,,0,0,0,"CS on Cadila Health High concentration risk plays out: top 2 drugs (Lialda & Levorphanol) hit &amp; should result in flat earnings Mylan entered Lialda last month &amp; as a -ve surprise, Sun Pharma also got approval of Lialda Neutral, TP Rs 330",,,,1090445852055883776,https://twitter.com/Ashish_shah72/status/1090445852055883776
2019-01-30 02:39:55,VarundubeyCNBC,,0,0,4,"CS on Cadila Health Neutral, TP Rs 330 High concentration risk plays out: top 2 drugs (Lialda & Levorphanol) hit &amp; should result in flat earnings Mylan entered Lialda last month &amp; as a -ve surprise, Sun Pharma also got approval of Lialda",,,,1090439436230307845,https://twitter.com/VarundubeyCNBC/status/1090439436230307845
2019-01-30 01:50:07,nimeshscnbc,,0,2,3,"CS on Cadila Health High concentration risk plays out: top 2 drugs (Lialda & Levorphanol) hit &amp; should result in flat earnings Mylan entered Lialda last month &amp; as a -ve surprise, Sun Pharma also got approval of Lialda Neutral, TP Rs 330 @ekta_batra @CNBCTV18News",,@ekta_batra @CNBCTV18News,,1090426905046609920,https://twitter.com/nimeshscnbc/status/1090426905046609920
2019-01-29 21:11:41,marhabarasta,,0,0,1,"I guess the question is is it four aoclock and nine minutes with 2 chrome windows open and 32% power and a gboard of powdered dextrometorfano deltamethorphinan levorphanol enantomer 271 mol c18h25no 55$a pill? yes it was but it always will be no way were inventing pleasure soong",,,,1090356832412069888,https://twitter.com/marhabarasta/status/1090356832412069888
2019-01-29 19:20:54,marhabarasta,,0,0,1,"Okay so, if you dont drink dm tussin you will go to hell, i tried to tell you its levorphanol 55$a tablet but you didnt listen.... why cant you just buy http://dollartree.com cough relief gells 24$case for 8 grams of dextromethorphan hbr blade 2. what about eh uh what clintœñ",,,,1090328952852365312,https://twitter.com/marhabarasta/status/1090328952852365312
2019-01-29 01:46:43,darshanvmehta1,darshanvmehta1,0,1,10,"After Mylan & Teva, Sun Pharma gets approval Lialda contributes around 20℅ of US sales for Cadila Weak flu season + competition in Levorphanol (lost 7% market share) read more on tamiflu and levorphanol share loss here https://www.bloombergquint.com/bq-blue-exclusive/bqedge-why-exide-industries-stock-may-be-running-on-a-low-charge",,,,1090063658028228610,https://twitter.com/darshanvmehta1/status/1090063658028228610
2019-01-28 16:34:24,marhabarasta,,0,0,1,"are you mad? dextromethorphan 6$a bottle is an enantomer of levorphanol which is 55$a pill its a good investment like bitcoin or google stocks used to be , it is over the counter best energy supplement waltussin long acting cough dmtussin newport shorts hard pack ez whip legals ",,,,1089924665013923841,https://twitter.com/marhabarasta/status/1089924665013923841
2019-01-26 23:12:11,marhabarasta,,0,0,1,"https://m.youtube.com/watch?v=sdlbORpRiM8 http://thesun.tv its https can you get any levorphanol enantomers 271 mol polyemerized levomethorphan rotated on its axis c18h25no i garuntee you can afflæck laudanum invest in dextromatorfano nwa sonic pool ogre drool corsican mule coca pool tilc74 ",,,,1089299994790776835,https://twitter.com/marhabarasta/status/1089299994790776835
2019-01-23 21:40:29,marhabarasta,,0,0,1,"vcu biotechnology is http://veganessentials.com section 9 cybernetics motoko kusanagi sectorIH http://erowid.org t levorphanol lobsters mate for life til 80 and scream high pitched while boiling vampire hunter d phimple enoch metatron merkaba atlantis angband orion spritecrn ",,,,1088189754682892289,https://twitter.com/marhabarasta/status/1088189754682892289
2019-01-20 23:28:23,marhabarasta,,0,0,1,"levorphanol is used to make cough medicine dextromethorphan it makes you the sun ra 30 feet tall with jesus and puppies in the light buy a hemp hoodie from http://satoriwheels.org and flute http://eriktheflutemaker.com clint http://veganessentials.com vegan pets live to 30 namaste",,,,1087129745261821952,https://twitter.com/marhabarasta/status/1087129745261821952
2019-01-05 17:25:01,GST_App,,0,0,0,"#GST Info App: http://smarturl.it/gst-app HS code 293341 #tax 18%&#13; Levorphanol (INN) and its salts",,,#GST #tax,1081602483401588736,https://twitter.com/GST_App/status/1081602483401588736
2019-01-02 09:40:36,TheMagnap,junyer,0,0,0,"I'd only heard of dextrorphan, so having just looked up levorphanol, I'm rather amused by the apparent rebracketing of [race][morphan(ol)] into [racem][orphan(ol)]",,,,1080398442646642688,https://twitter.com/TheMagnap/status/1080398442646642688
2019-01-01 23:10:47,junyer,fioraesoterica,1,0,1,"It amuses me that levorphanol is several times as potent as morphine whereas you get dextrorphan from an OTC cough suppressant plus a little help from your liver.",,,,1080239943513825280,https://twitter.com/junyer/status/1080239943513825280
2018-12-19 03:13:10,ekta_batra,,4,5,30,"Pharma news this morning DRL: Indivior spikes 17% says looking at cheaper options / alternates to Subxone Cadila: After Lialda, another big drug Levorphanol ($100m) sees competition in US Biocon: Gets EU approval for trastuzumab; got positive opinion in Oct, expected",,,,1075227512815276033,https://twitter.com/ekta_batra/status/1075227512815276033
2018-12-18 13:00:23,ZypCzyk,,0,0,1,"Oral opioid therapy for chronic peripheral and central neuropathic pain - YES, it works! Study proved this in 2003, so why is there controversy? This study used a strong opioid, levorphanol, and it was effective ",,,,1075012905043722241,https://twitter.com/ZypCzyk/status/1075012905043722241
2018-12-18 08:19:30,VivekIyer72,,0,1,11,"CADILA HEALTHCARE : DOUBLE NEGATIVE OVERNIGHT 1. Virtus Pharma received approval + 180 day exclusivity for Levorphanol (15% of Profit impact for Cadila ) 2. Mylan launches gLialda, very key drug for Cadila , ~35 % of FY18 earnings",,,,1074942214801784832,https://twitter.com/VivekIyer72/status/1074942214801784832
2018-12-13 20:49:22,fdadaily,,0,0,0,"Virtus Announces FDA Approval of its AB Rated Generic Levorphanol Tartrate 2mg Tablets CII, ,",,,,1073318986266353665,https://twitter.com/fdadaily/status/1073318986266353665
2018-12-08 06:07:54,pechilvr,SugarPlumPam,3,0,0,"I was switched to Levorphanol from Methadone",,,,1071285218202578945,https://twitter.com/pechilvr/status/1071285218202578945
2018-11-13 16:43:55,LutherTurmelle,,0,0,0,"The drugs found in Yamamoto’s system at the time of her death were dextrorphan, levorphanol and tramadol, according to the state Medical Examiners office.",,,,1062385582637309952,https://twitter.com/LutherTurmelle/status/1062385582637309952
2018-11-13 15:28:15,jillkonopka,,1,5,0,"OCME releases cause/manner of death for BELOVED Cheshire Teacher Megumi Yamamoto: acute intoxication w/dextrorphan/levorphanol, dextro/levo methorphan &amp; tramadol w/immersion in water. Manner: accidental OCME: says combination of drug intoxication/drowning @NBCConnecticut #nbcct",,@NBCConnecticut,#nbcct,1062366538529787904,https://twitter.com/jillkonopka/status/1062366538529787904
2018-10-24 01:18:55,dakenakihiro,,0,0,0,"trynna get a levorphanol but my mam won’t left the kitchen ",,,,1054905041054654464,https://twitter.com/dakenakihiro/status/1054905041054654464
2018-10-20 06:28:23,MrsRainbowZebra,LelenaPeacock,0,0,0,"Yeah something smells rotten. I just want Vicodin. He puts me on levorphanol, $3k/mo. Bad reaction, he's talking ketamine $2k/week! My first pain Dr was fired for taking kickbacks and improper prescribing very strong opioids. We'll see what happens at my appt Tuesday!",,,,1053533367147335681,https://twitter.com/MrsRainbowZebra/status/1053533367147335681
2018-10-20 00:24:04,pechilvr,mommytorrez,1,0,1,"Methadone cost the insurance like $40 now since DEA PUT DEMANDS for Levorphanol it costs INS $4grand",,,,1053441687517908993,https://twitter.com/pechilvr/status/1053441687517908993
2018-10-20 00:22:35,pechilvr,ClarisseTru,0,1,1,"Thank you and strange thing is the “why” ??? Methadone had my ACA (thank GOD MY HUSBAND IS DISABLED It qualifies US for ACA Subsidies for him & then me...my specialist copay is $30, my psychologist copay is $5 then my Levorphanol is $10/INS $4000 Celexa $10/INS $34.23 ",,,,1053441311020404736,https://twitter.com/pechilvr/status/1053441311020404736
2018-10-20 00:12:49,mommytorrez,ClarisseTru,2,1,0,"I'm really curious about how the Levorphanol is working versus the methadone as well. Oh, and I'm curious about the cost versus methadone.",,,,1053438852596187137,https://twitter.com/mommytorrez/status/1053438852596187137
2018-10-19 16:47:16,ClarisseTru,pechilvr,4,0,5,"That is WRONG. Patients with addiction are freely given Methadone but it was taken away from you. How is Levorphanol working, compared to Methadone?",,,,1053326729962491912,https://twitter.com/ClarisseTru/status/1053326729962491912
2018-10-19 16:12:16,pechilvr,bonniez45,1,0,3,"I took Methadone for pain since 2005 & then this new “rule/suggestion” I call it Amendment to CDC inflammatory misleading Guidelines! The PAC came in & said “the powers that be dont like Prescribing Methadone for pain so we’re switching you to Levorphanol! ",,,,1053317919357222912,https://twitter.com/pechilvr/status/1053317919357222912
2018-09-30 22:43:23,MrsRainbowZebra,RobertDRoseJr1,1,1,8,"YES!!! My Dr put me on levorphanol--it's $3000/mo. I had a reaction. And then he brought up ketamine!!! That's $2000 per infusion... Not covered by insurance I bet. NO THANKS. But yeah Vicodin is so dangerous... AND CHEAP.",,,,1046530977714110465,https://twitter.com/MrsRainbowZebra/status/1046530977714110465
2018-09-27 21:13:18,MrsRainbowZebra,,3,0,6,"My Dr tried to switch me from Vicodin--which has worked--to levorphanol, which is similar to methadone. Thank God I had a reaction to it. But now he wants to stop my pain meds because my psychiatrist has me on Ativan (as part of my treatment). My choice--Mental health or pain? ",,,,1045421143006617602,https://twitter.com/MrsRainbowZebra/status/1045421143006617602
2018-09-25 04:39:46,MrsRainbowZebra,,1,0,2,"Ok #spoonies #cpp #chronicpain PRAY FOR ME I see pain Dr tomorrow. Levorphanol was another huge fail. I'm undermedicated now on Vicodin. I have NOTES IN HAND ready to fight for my meds back. I don't know I'll get my full dose back but I'm ready to kick ass. ",,,#spoonies #cpp #chronicpain,1044446338061144064,https://twitter.com/MrsRainbowZebra/status/1044446338061144064
2018-09-22 23:22:40,MrsRainbowZebra,DanLairdMD,1,0,1,"THIS OMG THIS My Dr LIED to me about the MME of Vicodin so he could put me on levorphanol. NOT INFORMED CONSENT. I'm so pissed. I mean really fucking pissed. And I'm ready to sue. Btw, Vicodin MME is 1. Levorphanol MME 11. HELL HATH NO FURY ",,,,1043641759459368960,https://twitter.com/MrsRainbowZebra/status/1043641759459368960
2018-09-15 23:09:51,MrsRainbowZebra,ThomasKlineMD,0,0,0,"My pain would get a little worse then settle down. But the problem started when I got sent to pain Dr who ADDED to my meds. So maybe it was possible? Reading about levorphanol after Dr switched me, it's used for hyperalgesia. Not that I'm disagreeing with you!!",,,,1041101819311792128,https://twitter.com/MrsRainbowZebra/status/1041101819311792128
2018-09-15 21:33:20,MrsRainbowZebra,MrsRainbowZebra,0,1,11,"Mme Vicodin is 1. So he couldn't give me 40mg/Vicodin/day But he could give me 4mg levorphanol/day =44mme So 44&lt;40 now I went on a date with my hub for the first time in years because I had enough meds. I made it thru my FIL funeral today. BECAUSE OF MEDS #opioidhysteria",,,#opioidhysteria,1041077532962041863,https://twitter.com/MrsRainbowZebra/status/1041077532962041863
2018-09-15 21:28:22,MrsRainbowZebra,DanLairdMD,2,1,9,"Excuse me, but FUCK THAT. I suspect my Dr put me on levorphanol (mme 11) then when insurance wouldn't cover it, switch me to methadone or whatever. I'm DEMANDING my Vicodin back and letting him know that I KNOW HE LIED TO ME to my face, saying mme of Vicodin &gt;&gt;&gt;morphine ",,,,1041076279875960833,https://twitter.com/MrsRainbowZebra/status/1041076279875960833
2018-09-07 15:04:01,medschat,,0,0,0,"Expired Levorphanol ",,,,1038080452253437952,https://twitter.com/medschat/status/1038080452253437952
2018-09-06 03:34:02,medschat,,0,0,0,"Expired Levorphanol https://www.medschat.com/Discuss/Expired-Levorphanol-315109.htm?utm_source=twitter&amp;utm_medium=social&amp;utm_campaign=social_media",,,,1037544425373790213,https://twitter.com/medschat/status/1037544425373790213
2018-09-05 01:43:42,MrsRainbowZebra,,0,0,0,"I'm. So. ITCHY. I don't know if it's the germs I have, or #opioids I started #itching the day I restarted Vicodin. And it's no better on the levorphanol. I had to add another antihistamine. NEVER itched before on my meds. And the new drug is making me so buzzed out ",,,#opioids #itching,1037154272918609924,https://twitter.com/MrsRainbowZebra/status/1037154272918609924
2018-09-04 04:56:03,MrsRainbowZebra,DrDinD,0,0,2,"My Dr just switched me from a generic pain med $15/mo (covered, our Co pay) to another generic pain med $3000/mo (if it's not covered). This drug (levorphanol)has been around since the 50's.",,,,1036840289342824448,https://twitter.com/MrsRainbowZebra/status/1036840289342824448
2018-09-03 01:55:30,MrsRainbowZebra,HilaryKimMorden,0,0,0,"I'm not going to lie, i pretty much thought about it every day I was without my meds. Just got meds back. Had me back on Vicodin until I could get levorphanol approved and delivered. Started today. Crossing fingers.",,,,1036432466905653248,https://twitter.com/MrsRainbowZebra/status/1036432466905653248
2018-09-02 12:20:56,MrsRainbowZebra,,1,0,2,"Good morning #spoonies and #painwarriors Today I took my first dose of #levorphanol (2mg/2x/day). We already hit #outofpocket so this med that costs at least $3000/mo is free for the rest of the year. I'm starting to feel it, a bit nausea, a bit of whoa what is that",,,#spoonies #painwarriors #levorphanol #outofpocket,1036227471643951105,https://twitter.com/MrsRainbowZebra/status/1036227471643951105
2018-09-02 11:16:14,MrsRainbowZebra,DanLairdMD,0,0,0,"I wish you were my Dr. I got my pain meds back this week after mm failed. But he said he couldn't give me 40mg/Vicodin because the MME went over the morphine Max. I knew he was wrong. Just started levorphanol, 4mg/day and its MME is 44. And I didn't qualify for palliative ",,,,1036211191260098560,https://twitter.com/MrsRainbowZebra/status/1036211191260098560
2018-09-02 02:31:26,MrsRainbowZebra,,0,0,0,"Levorphanol is 11-1 MME. So taking 4mg/day is 44 MME. AND the drug costs about $3000/mo. I looked him up on a database that tells you where your Dr has been paid for conferences, etc. I noticed he got paid for Nucynta, which is in the same category as...levorphanol ",,,,1036079122747928578,https://twitter.com/MrsRainbowZebra/status/1036079122747928578
2018-09-01 15:13:37,dreamr9876,earth_to_jen,1,0,2,"@relmada a company who is attempting to market 4 orphan drugs including: an ADF tablet, not SL, form of Buprenorphine/Naloxone. A ER/LA ADF form of Levorphanol. The d isomer (NMDA antagonist)of methadone (d-methadone) for depression vs Ketamine. A topical anesthetic Mepigel (sp?)",,@relmada,,1035908544682450944,https://twitter.com/dreamr9876/status/1035908544682450944
2018-09-01 15:04:56,dreamr9876,,0,1,1,"Novel ER #opioid -Levorphanol (LevoCap XR) NMDA Receptor Antagonist with SSNRI properties that would serve mod-severe neuropathic &amp; nociceptive + cancer pain. Abuse deterrent (ADF); Usually cause more issues but likely need to pass FDA in anti-opioid USA https://www.relmada.com/product-candidates/rel-1015-levocap-er",,,#opioid,1035906357885628416,https://twitter.com/dreamr9876/status/1035906357885628416
2018-09-01 10:07:51,MrsRainbowZebra,,1,0,1,"I smell a rat. I wish it were the fuzzy kind we trapped last week but no. It's my current #pain Dr. He told me that 40mg/Vicodin would go over the morphine equivalent (MME) OF 50? 90? WRONG. Vicodin is 1-1. But I was approved for Levorphanol. #opioidhysteria",,,#pain #opioidhysteria,1035831594815291392,https://twitter.com/MrsRainbowZebra/status/1035831594815291392
2018-08-29 22:08:01,MrsRainbowZebra,,0,0,0,".@ThomasKlineMD Got my pain meds back after mm fail. Says I can't have more than 15mg Vicodin/day because equivalency to morphine?? Put me on levorphanol, twice a day, not sure of dose. I'm on Vicodin until/if drug gets approved. Said no to palliative since I'm not terminal ",,@ThomasKlineMD,,1034925667002064901,https://twitter.com/MrsRainbowZebra/status/1034925667002064901
2018-08-29 21:44:56,MrsRainbowZebra,,2,0,2,"He says he has to stay under the equivalent of 50mg/#morphine, and so #hydrocodone is stronger? Says I have to be terminal to get #PalliativeCare because DEA. But he wants to try me on #levorphanol and I only have to take it 2x/day. Not sure dose. #opioidhysteria #pain",,,#morphine #hydrocodone #PalliativeCare #levorphanol #opioidhysteria #pain,1034919856775286787,https://twitter.com/MrsRainbowZebra/status/1034919856775286787
2018-08-23 22:25:03,GST_App,,0,0,0,"#GST Info App: http://smarturl.it/gst-app HS code 293341 #tax 18%&#13; Levorphanol (INN) and its salts",,,#GST #tax,1032755625959206912,https://twitter.com/GST_App/status/1032755625959206912
2018-08-09 20:17:18,dlindgrenmd,DebbieKrus2,1,0,0,"No, it's pretty specific. Dextromethorphan is a derivative of an opioid...levorphanol.",,,,1027650045879828480,https://twitter.com/dlindgrenmd/status/1027650045879828480
2018-07-19 20:40:29,standup_1776,standup_1776,1,1,2,"3) Often they then discover a 'high' w/ street meds that are not regulated. Now they are looking to not just 'feed' their dependence, but look for a 'high'. Mixing with benzodiazepines is one dangerous option. Often stronger opioids are obtained. Oxycontin, morphine, levorphanol",,,,1020045734010392578,https://twitter.com/standup_1776/status/1020045734010392578
2018-07-06 13:21:23,UnitedBlksofUSA,,0,0,0,"New cancer clinical trial: Levorphanol as A Second Line Opioid in Reducing Pain in Participants With Cancer http://bit.ly/2IYGpL4",,,,1015224187886145536,https://twitter.com/UnitedBlksofUSA/status/1015224187886145536
2018-07-06 13:08:29,JohnJasonFallow,,0,0,0,"New cancer clinical trial: Levorphanol as A Second Line Opioid in Reducing Pain in Participants With Cancer ",,,,1015220945211088897,https://twitter.com/JohnJasonFallow/status/1015220945211088897
2018-07-06 12:03:35,dlindgrenmd,,1,0,1,"Morning all...long night. Don't have blood cultures yet, but looks like Daffyd has H. Influ. sepsis. He's on IV levofloxacin 750mg. qd, and I zonked hell out of him with levorphanol, so he's pretty happy.",,,,1015204612771647488,https://twitter.com/dlindgrenmd/status/1015204612771647488
2018-06-17 16:11:39,pechilvr,gretchenlont,0,0,0,"The addicts i believe are getting liquid form now. But my medicine just got switched to Levorphanol! It’s expensive!",,,,1008381668720340992,https://twitter.com/pechilvr/status/1008381668720340992
2018-06-17 15:13:51,pechilvr,rlamartini,0,0,1,"Doctor did you see my message to you? I inquired about the medication Levorphanol &amp; your thoughts why its so expensive?",,,,1008367125180887046,https://twitter.com/pechilvr/status/1008367125180887046
2018-06-14 07:13:03,pechilvr,fightpaindaily,0,2,3,"They brought back Levorphanol is the 1 I know of!",,,,1007158964201709569,https://twitter.com/pechilvr/status/1007158964201709569
2018-06-12 16:11:23,pechilvr,JSG_54,2,0,0,"doctors are switching some patients to “Levorphanol” but I don’t know much about it as i never heard of it. An Optimal Choice for Opioid Rotation ",,,,1006569661436227584,https://twitter.com/pechilvr/status/1006569661436227584
2018-06-02 03:16:19,Dr_Zakeri_pain,,0,0,0,"Medicines to treat cancer pain 2. Opioids —for moderate to severe pain ■■ Codeine, Fentanyl, Hydromorphone (e.g. Dilaudid), Levorphanol, Meperidine (e.g. Demerol), Methadone, Morphine, Oxycodone (e.g. OxyContin), Oxymorphone #cancer",,,#cancer,1002750730644713477,https://twitter.com/Dr_Zakeri_pain/status/1002750730644713477
2018-05-24 06:58:27,dreamr9876,michaelpollan,1,0,0,"P2 are we in getting this to market? Are any companies trying to get Clinical trials going? Dissociatives vs NMDA Receptor agonists like d-methadone @relmada if they ever raise funds. Or in Chronic Pain w TRT Methadone &amp; Levorphanol. Thoughts? Thanks, Michael!",,@relmada,,999545142058024960,https://twitter.com/dreamr9876/status/999545142058024960
2018-04-24 20:27:57,myMatrixx,,0,0,2,"Wondering why Nuedexta is being prescribed to injured workers? Or what is Levorphanol and why is it so expensive? Take a look at our latest Keeping Up With Clinical Trends -- http://ow.ly/Ya7R30jF0iG",,,,988877224861491202,https://twitter.com/myMatrixx/status/988877224861491202
2018-03-29 05:09:26,dreamr9876,bemr1204,0,0,0,"That is ridiculous! I will check the price of HydroER vs Levorphanol. I bet it is nowhere near the cost of Levorphanol which is made only in Jordan now. I have heard of shortages of Levorphanol at least when Roxanne still made it. @relmada is has a Levo XR in trials.",,@relmada,,979223988877561862,https://twitter.com/dreamr9876/status/979223988877561862
2018-03-29 03:10:57,bemr1204,dreamr9876,1,0,1,"I started levorphanol because The compassionate souls over at BC BS wouldn’t approve extended release hydrocodone.",,,,979194169410416640,https://twitter.com/bemr1204/status/979194169410416640
2018-03-29 01:55:42,dreamr9876,bemr1204,2,0,0,"I hear this over & over. Norco or some hydrocodone variant worked fine and patient was bumped to a stronger drug. It happened to my Aunt & she died in horrible pain w/a fentanyl pump. I'm Levorphanol envious ;) it's the only med that helped most, costs $1k's/mo &amp;MDs not familiar",,,,979175232945688576,https://twitter.com/dreamr9876/status/979175232945688576
2018-03-28 16:19:46,bemr1204,ThomasKlineMD,1,1,5,"I both agree & disagree. I marked that I agree, but I will say that certain medications do require me to increase my dosage after a period of time. Ex. right now I’m on Levorphanol, and I feel that My tolerance to it has built very quickly. Norco still helps like it did on day 1.",,,,979030295688237056,https://twitter.com/bemr1204/status/979030295688237056
2018-03-08 16:30:02,DrugPatentWatch,,0,0,0,"Single Source Generic Drugs: No Patents and No Competition: LEVORPHANOL TARTRATE fro... http://bit.ly/2FkZmL1 via @DrugPatentWatch",,@DrugPatentWatch,,971785122629537793,https://twitter.com/DrugPatentWatch/status/971785122629537793
2018-03-02 00:38:18,CPPatientsWar,ThomasKlineMD,0,1,0,"I was on 50mcg fent patch/48 hrs, 15 mg oxy x3/day. Dropped to 5 mg oxy 3x/day & 2 mg levorphanol 3x/day. My pain dr also cut off my 60mg vyvanse because I 'don't work' she said there was no reason for me to be on it. All those changes were done in a single visit.",,,,969371284281876480,https://twitter.com/CPPatientsWar/status/969371284281876480
2018-02-19 10:01:10,dreamr9876,DanLairdMD,1,0,0,"How about @relmada Therapeutics d-Methadone for MDD in CPP. Rapid acting. Much quicker than SSRI/NRIs. These NMDA Receptor Antagonists looking promising in MDD. They also have Levorphanol XR in Phase 3. Opiate Pain med/NDMA Antagonist http://www.relmada.com/product-candidates/rel-1017-d-methadone",,@relmada,,965526666771607552,https://twitter.com/dreamr9876/status/965526666771607552
2018-02-16 16:41:03,madden_kevin,,0,7,6,"Fascinating article on levorphanol for intractable neuropathic pain by @Reddysuppcare &amp; @edubru 1. Potent NMDA antagonist (more than methadone &amp; perhaps even ketamine) 2. No pesky effects on QTc! https://www.ncbi.nlm.nih.gov/m/pubmed/29377758/ #pedpc #pedspc #hpm",,@Reddysuppcare @edubru,#pedpc #pedspc #hpm,964540136171204608,https://twitter.com/madden_kevin/status/964540136171204608
2018-02-12 15:39:21,sureshkred,PalliativeMed_j,0,1,3,"A re-look at #levorphanol may be a worthwhile excercise. #methadone #nmdaantagonist #minimaldruginteractions #noQtcprolongation . #pain #hpm @hpmglobal @MDAndersonNews @CancerMedMDA",,@hpmglobal @MDAndersonNews @CancerMedMDA,#levorphanol #methadone #nmdaantagonist #minimaldruginteractions #noQtcprolongation #pain #hpm,963075057923887104,https://twitter.com/sureshkred/status/963075057923887104
2018-02-12 15:22:43,PalliativeMed_j,,0,3,8,"Case Discussion: Levorphanol for Treatment of Intractable Neuropathic Pain in Cancer Patients http://online.liebertpub.com/doi/full/10.1089/jpm.2017.0475 #PalliativeCare #Hospice #Cancer @edubru",,@edubru,#PalliativeCare #Hospice #Cancer,963070870720794625,https://twitter.com/PalliativeMed_j/status/963070870720794625
2018-02-02 06:10:03,PriceBlog,,0,0,0,"Heterocyclic compounds with nitrogen hetero-atom[s] only, containing in the structure a quinoline or isoquinoline ring-system, whether or not hydrogenated, but not further fused (excl. levorphanol *INN*, dextromethorphan *INN*, an 328",,,,959307911435440129,https://twitter.com/PriceBlog/status/959307911435440129
2018-02-01 16:27:00,dreamr9876,dreamr9876,0,0,0,"P2 Receptor effects and no ketamine like toxicity. https://www.relmada.com/product-candidates/rel-1017-d-methadone @relmada is also in Phase 3 trials on LevoCap ER. An extended release, abuse deterrent Levorphanol for CPP/IPP/PPP. CPP Reviews for the IR form have been GREAT on this NMDA ag https://www.relmada.com/product-candidates/rel-1015-levocap-er",,@relmada,,959100782296621059,https://twitter.com/dreamr9876/status/959100782296621059
2018-02-01 16:15:15,dreamr9876,Angelsgal02,1,1,1,"P1 NMDA Receptor Antagonists showing much promise for MDD/Treatment Resistant Depression For #chronicpain #IntractablePain patients Methadone &amp; even better Levorphanol is a NMDA Antagonist. @relmada is in Phase 2 study for dextromethadone 4 MDD &amp; neuropathic pain w little #Opioid",,@relmada,#chronicpain #IntractablePain #Opioid,959097824930619392,https://twitter.com/dreamr9876/status/959097824930619392
2018-01-30 13:57:43,Reddysuppcare,,0,6,7,"Interesting case series on use of levorphanol to treat intractable cancer related neuropathic pain. @edubru @dramyng It’s time to revive this old opioid. We need for this drug to be more affordable and easily available for our #hpm and #PallOnc patients. https://www.ncbi.nlm.nih.gov/m/pubmed/29377758/",,@edubru @dramyng,#hpm #PallOnc,958338438230573057,https://twitter.com/Reddysuppcare/status/958338438230573057
2018-01-26 03:20:33,skipbidder,skipbidder,0,0,1,"I just punched the med in now (levorphanol). The prices for my current location are mind-numbing. So it's possible they might actually be able to get it. (2 or 3 thousand dollars for a month worth of a pain medication)",,,,956728539553980416,https://twitter.com/skipbidder/status/956728539553980416
2018-01-17 03:38:35,JeffreyFudin,headdock,0,1,2,"Dextromethorphan, the DM in over the counter Robitussin cough syrup is synthetic levorphanol, the latter of which is 5x more potent than oxycodone. See http://paindr.com/wp-content/uploads/2016/11/Opioid-Structural-Classes_edited-November-2016.pdf",,,,953471585104617478,https://twitter.com/JeffreyFudin/status/953471585104617478
2017-12-16 04:31:47,WoPSufir,,1,0,0,"Methadone is fucking evil.... The NMDA antagonism is barely even acknowledged yet with my experiences with similar acting compounds *cough* ketamine *cough* as well as with another opiod compound that affects called levorphanol I was originally given a 200 bottle of like candy (1",,,,941888564626825216,https://twitter.com/WoPSufir/status/941888564626825216
2017-11-20 15:04:36,Ranger5Publish,,0,0,0,"@Humana Why do you LIE to your customers about drug costs? Levorphanol is $173 for 90 pills. Your company lied and said $3,400 https://online.epocrates.com/u/10642/levorphanol/Pricing+Manufacturer",,@Humana,,932625732920016896,https://twitter.com/Ranger5Publish/status/932625732920016896
2017-10-02 09:05:06,PracticalPain,,0,0,0,"Levorphanol: An Optimal Choice for #Opioid Rotation http://ow.ly/zNSZ30fsMc1",,,#Opioid,914778255923785729,https://twitter.com/PracticalPain/status/914778255923785729
2017-09-29 22:30:13,decompositorbot,,0,0,0,"contents of hemina: 29% repression, 71% levorphanol. ",,,,913893705983102976,https://twitter.com/decompositorbot/status/913893705983102976
2017-09-27 16:20:12,PracticalPain,,0,1,0,"Levorphanol: An Optimal Choice for #Opioid Rotation http://ow.ly/zNSZ30fsMc1",,,#Opioid,913075813624553472,https://twitter.com/PracticalPain/status/913075813624553472
2017-09-23 04:30:35,PVHenryConLLC,ItsSalemTime,1,0,0,"I always confuse this, so my bad: But isn't Tramadol an analogue of Levorphanol, or is Levorphanol an enantiomer of the Morphine Family?",,,,911447680408330241,https://twitter.com/PVHenryConLLC/status/911447680408330241
2017-09-18 13:29:51,suzanakm,,0,0,0,"Unique Levorphanol Dodges Move from Forgotten to Vanished | Dr. Jeffrey Fudin #hpm #pain #drugcosts http://paindr.com/unique-levorphanol-dodges-move-from-forgotten-to-vanished/",,,#hpm #pain #drugcosts,909771453721137152,https://twitter.com/suzanakm/status/909771453721137152
2017-09-09 04:35:43,Rxcalvin,Rxcalvin,0,0,1,"Levorphanol is a strong Mu agonist, that blocks NMDA receptors as well. ",,,,906375542961618944,https://twitter.com/Rxcalvin/status/906375542961618944
2017-09-03 19:00:03,DrugPatentWatch,,0,0,0,"Single Source Generic Drugs: No Patents and No Competition: LEVORPHANOL TARTRATE fro... http://bit.ly/2ezxzuh via @DrugPatentWatch",,@DrugPatentWatch,,904418731929075712,https://twitter.com/DrugPatentWatch/status/904418731929075712
2017-08-29 14:33:54,EurekaMag,,0,4,0,"Antagonism of serotonin-activated adenylate cyclase in the liver fluke Fasciola hepatica by levorphanol… http://dlvr.it/PjPpsf #EurekaMag",,,#EurekaMag,902539813059887104,https://twitter.com/EurekaMag/status/902539813059887104
2017-08-21 00:15:15,decompositorbot,,0,0,0,"contents of speech-day: 66% levorphanol, 34% stroboscope. ",,,,899424624445927424,https://twitter.com/decompositorbot/status/899424624445927424
2017-08-17 04:55:46,orthoswraith,,0,0,0,"a Moslem. Hydrocodone bitartrate355345 -- C-III. Levorphanol tartrate356346 -- C-III. Oxymorphone hydrochloride357347 -- admittedly, yes,...",,,,898045666403995649,https://twitter.com/orthoswraith/status/898045666403995649
2017-08-09 10:54:51,Ranger5Publish,,0,0,0,"@SecPriceMD Opioids do not cause euphoria. I had to make myself happy with memories while on #Levorphanol and #Ketamine.",,@SecPriceMD,#Levorphanol #Ketamine,895236928974598149,https://twitter.com/Ranger5Publish/status/895236928974598149
2017-08-05 05:32:34,CPPatientsWar,ThomasKlineMD,0,0,0,"2/2 in jan. they took me off the patch with 2 left to 'taper myself with and put me on levorphanol and cut my oxy to 5mg 3x prn",,,,893706275241869312,https://twitter.com/CPPatientsWar/status/893706275241869312
2017-07-12 09:30:19,PracticalPain,,0,0,0,"#Levorphanol: An Optimal Choice for #Opioid Rotation http://ow.ly/4ZqT30cy5Gv",,,#Levorphanol #Opioid,885068795164995584,https://twitter.com/PracticalPain/status/885068795164995584
2017-07-11 20:07:42,JeffreyFudin,,0,0,0,"Yes. There are 5 opioids that are not affected by CYP enzymes; morphine, hydromorphone, Oxymorphone, tapentadol, & levorphanol.",,,,884866812923584514,https://twitter.com/JeffreyFudin/status/884866812923584514
2017-07-06 18:50:05,PracticalPain,,0,0,1,"#Levorphanol: An Optimal Choice for #Opioid Rotation http://ow.ly/4ZqT30cy5Gv",,,#Levorphanol #Opioid,883035337806753794,https://twitter.com/PracticalPain/status/883035337806753794
2017-07-05 00:40:04,PracticalPain,,0,0,0,"#Levorphanol: An Optimal Choice for #Opioid Rotation http://ow.ly/4ZqT30cy5Gv",,,#Levorphanol #Opioid,882398641603964928,https://twitter.com/PracticalPain/status/882398641603964928
2017-06-30 13:05:17,PracticalPain,,0,0,0,"#Levorphanol: An Optimal Choice for #Opioid Rotation http://ow.ly/4ZqT30cy5Gv",,,#Levorphanol #Opioid,880774241045671937,https://twitter.com/PracticalPain/status/880774241045671937
2017-06-27 12:55:12,PracticalPain,,0,0,0,"#Levorphanol: An Optimal Choice for #Opioid Rotation http://ow.ly/4ZqT30cy5Gv",,,#Levorphanol #Opioid,879684539487969280,https://twitter.com/PracticalPain/status/879684539487969280
2017-06-20 21:20:12,PracticalPain,,0,1,1,"#Levorphanol: An Optimal Choice for #Opioid Rotation http://ow.ly/4ZqT30cy5Gv",,,#Levorphanol #Opioid,877274912033054722,https://twitter.com/PracticalPain/status/877274912033054722
2017-06-20 17:41:42,AAzhar13,,0,2,3,"@Reddysuppcare on #levorphanol for mgmt of neuropathic &amp; complex #pain syndromes in #cancer patients #HPM #pallcare @MDAndersonNews",,@Reddysuppcare @MDAndersonNews,#levorphanol #pain #cancer #HPM #pallcare,877219925580025857,https://twitter.com/AAzhar13/status/877219925580025857
2017-06-14 16:45:19,PracticalPain,,0,0,0,"Levorphanol: An Optimal Choice for #Opioid Rotation http://ow.ly/4ZqT30cy5Gv",,,#Opioid,875031408552685568,https://twitter.com/PracticalPain/status/875031408552685568
2017-05-12 07:20:34,marketrnest,,0,0,0,"Global and Chinese Levorphanol (CAS 77-07-6) Industry Market Research Report 2017 to 2022 https://marketresearchnest.wordpress.com/2017/05/12/global-and-chinese-levorphanol-cas-77-07-6-industry-market-research-report-2017-to-2022/",,,,862930485613285376,https://twitter.com/marketrnest/status/862930485613285376
2017-05-07 04:20:48,speculativecash,,0,0,0,"Levorphanol Gold An alternative currency based on a particular narcotic painkiller.",,,,861073304102293504,https://twitter.com/speculativecash/status/861073304102293504
2017-04-06 14:20:04,autocompleterap,,0,0,0,"Levorphanol and dextromethorphan together, now you know you in trouble",,,,849990089853853696,https://twitter.com/autocompleterap/status/849990089853853696
2017-03-25 16:55:18,KentSmalley,,0,0,0,"Pain Experts Say Older Opioid Analgesic Levorphanol Provides Multiple Benefits - Pain Medicine News http://ow.ly/dBpr309UZ10",,,,845680504322113538,https://twitter.com/KentSmalley/status/845680504322113538
2017-03-14 15:17:18,Jody75049513,SenSanders,0,0,0,"Recently Sentyl purchased rights to manufacture levorphanol, an old drug, and now charges $37 per pill no R&amp;D needed! ",,,,841669572797292544,https://twitter.com/Jody75049513/status/841669572797292544
2017-02-24 00:49:44,Reddysuppcare,skipbidder,1,1,1,"#hpm17 #hpm Levorphanol available now but have to pre-order it. Expect pharmacy to take 2 to 3 days to get it.",,,#hpm17 #hpm,834928260781744128,https://twitter.com/Reddysuppcare/status/834928260781744128
2017-02-24 00:18:39,skipbidder,MDelgadoGuay,1,0,0,"Can you even get levorphanol? I tried 1 or 2 years ago. Got blanked. #hpm17",,,#hpm17,834920440296415233,https://twitter.com/skipbidder/status/834920440296415233
2017-02-24 00:08:14,MDelgadoGuay,,1,1,4,"Levorphanol a forgotten opioid... more education and research needed. #hpm17 @Reddysuppcare",,@Reddysuppcare,#hpm17,834917818034352128,https://twitter.com/MDelgadoGuay/status/834917818034352128
2017-02-23 23:51:55,MDelgadoGuay,,1,2,3,"@Reddysuppcare talking now about levorphanol as treatment for phantom pain #hpm17 room 231",,@Reddysuppcare,#hpm17,834913712284684288,https://twitter.com/MDelgadoGuay/status/834913712284684288
2017-01-02 20:47:36,CallmeTinaja,,0,0,0,"Pain experts say levorphanol provides multiple benefits @MDLinx",,@MDLinx,,816023158516043776,https://twitter.com/CallmeTinaja/status/816023158516043776
2017-01-01 19:32:49,heatherswifty,,0,0,0,"Pain experts say levorphanol provides multiple benefits @MDLinx https://www.mdlinx.com/internal-medicine/medical-news-article/2016/12/09/6965566/?utm_source=in-house&amp;utm_medium=message&amp;utm_campaign=best-of-2016-dec16",,@MDLinx,,815641951210995712,https://twitter.com/heatherswifty/status/815641951210995712
2016-12-25 16:03:59,wooddeming,,0,0,0,"Pain experts:levorphanol provides multiple benefits @MDLinx //www.mdlinx.com/internal-medicine/medical-news-2016/12/09/6965566/?page_id=1",,@MDLinx,,813052682323841025,https://twitter.com/wooddeming/status/813052682323841025
2016-12-24 23:10:13,darcydarnoc,,0,0,0,"Pain experts say levorphanol provides multiple benefits https://www.mdlinx.com/internal-medicine/medical-news-article/2016/12/09/6965566/?utm_source=in-house&amp;utm_medium=message&amp;utm_campaign=best-dec16",,,,812797557915156480,https://twitter.com/darcydarnoc/status/812797557915156480
2016-12-20 03:04:42,Mobodick,,0,0,0,"Pain experts say levorphanol provides multiple benefits http://www.pharmacist.com/article/pain-experts-say-levorphanol-provides-multiple-benefits#.WFifuD80HyU.twitter #pain",,,#pain,811044626933174273,https://twitter.com/Mobodick/status/811044626933174273
2016-12-16 14:01:59,ZypCzyk,,0,0,0,"Levorphanol: a Better Opioid? from @PainMedNews &amp; http://paindr.com https://edsinfo.wordpress.com/2016/12/16/levorphanol-a-better-opioid",,@painmednews,,809760486778609664,https://twitter.com/ZypCzyk/status/809760486778609664
2016-12-12 22:13:57,OpineHEALTH,,0,0,0,"Millennium Health Adds Levorphanol to its Medication Monitoring Menu http://ift.tt/2gSOSCl #Opines on #Healthcare",,,#Opines #Healthcare,808434743578677248,https://twitter.com/OpineHEALTH/status/808434743578677248
2016-12-12 22:05:03,ZeroHarmNow,,0,0,0,"Millennium Health Adds Levorphanol to its Medication Monitoring Menu http://dlvr.it/MsjWDb",,,,808432505002999811,https://twitter.com/ZeroHarmNow/status/808432505002999811
2016-12-12 21:46:21,PharmacyBio,,0,0,0,"Millennium Health Adds Levorphanol to its Medication Monitoring Menu http://ow.ly/D2O0507ubkE",,,,808427796448116737,https://twitter.com/PharmacyBio/status/808427796448116737
2016-12-12 21:42:42,OpineHEALTH,,0,0,0,"Millennium Health Adds Levorphanol to its Medication Monitoring Menu http://ift.tt/2gSJbnP #Opines on #Healthcare",,,#Opines #Healthcare,808426880449789957,https://twitter.com/OpineHEALTH/status/808426880449789957
2016-12-12 21:11:03,ZeroHarmNow,,0,0,0,"Millennium Health Adds Levorphanol to its Medication Monitoring Menu http://dlvr.it/Mshlwc",,,,808418914656919552,https://twitter.com/ZeroHarmNow/status/808418914656919552
2016-12-12 21:06:07,ts2marcintest,,0,0,0,"Millennium Health Adds Levorphanol to its Medication Monitoring Menu http://satprnews.com/?p=677712 SAN DIEGO, Dec. 12, 2016 /PRNe",,,,808417670609702912,https://twitter.com/ts2marcintest/status/808417670609702912
2016-12-12 20:30:40,MillenniumHlth,,0,0,0,"Millennium Health announced today the availability of a new definitive urine drug test for detecting levorphanol http://bit.ly/2gySeys",,,,808408751526940672,https://twitter.com/MillenniumHlth/status/808408751526940672
2016-12-09 22:26:56,djkroll22,,0,0,0,"Pain experts say levorphanol provides multiple benefits https://www.mdlinx.com/internal-medicine/medical-news-article/2016/12/09/6965566/?utm_source=in-house&amp;utm_medium=message&amp;utm_campaign=mh-im-dec16",,,,807350849055977472,https://twitter.com/djkroll22/status/807350849055977472
2016-12-04 12:01:00,BNightsCRPS,,0,1,2,"Pain Experts Say Older Opioid Analgesic Levorphanol Provides Multiple Benefits. http://fb.me/Wp2M8iel",,,,805381388115574784,https://twitter.com/BNightsCRPS/status/805381388115574784
2016-12-01 16:01:02,Pharmacy_Today,,0,0,0,"Pain experts say #levorphanol outperforms other #opioid meds in a number of ways http://bit.ly/2gVirHa",,,#levorphanol #opioid,804354627407900672,https://twitter.com/Pharmacy_Today/status/804354627407900672
2016-12-01 14:05:18,PSRDoctor,,0,0,0,"Levorphanol is helpful in refractory pain and opioid induced hyperalgesia syndrome! http://ow.ly/lXMd306HJ5p",,,,804325504979501057,https://twitter.com/PSRDoctor/status/804325504979501057
2016-11-21 20:01:20,ZypCzyk,,0,0,1,"Levorphanol - The Forgotten Opioid from @JeffryFudin https://edsinfo.wordpress.com/2016/11/21/levorphanol-the-forgotten-opioid",,,,800791222952431616,https://twitter.com/ZypCzyk/status/800791222952431616
2016-11-19 22:50:23,neuroreviews,,0,0,0,"Is levorphanol better than methadone? #PainManagement http://ow.ly/rRXv30684VW",,,#PainManagement,800108990663303168,https://twitter.com/neuroreviews/status/800108990663303168
2016-11-16 06:05:03,MarianjoyMedLib,,0,0,0,"Pain Experts Say Older Opioid Analgesic Levorphanol Provides Multiple Benefits The literature review, which... http://fb.me/11p3n1PLf",,,,798768828205264897,https://twitter.com/MarianjoyMedLib/status/798768828205264897
2016-11-12 00:29:54,WR_CPI,painmednews,0,0,0,"Levorphanol “much better tolerated than other opioids.” However, it's only available thru one company and is pricey #NPAW2016",,,#NPAW2016,797234933987164160,https://twitter.com/WR_CPI/status/797234933987164160
2016-11-11 23:53:45,painmednews,,1,3,4,"Pain Experts Say Older Opioid Analgesic #Levorphanol Provides Multiple Benefits https://goo.gl/TETk1q",,,#Levorphanol,797225834130132992,https://twitter.com/painmednews/status/797225834130132992
2016-11-11 00:30:23,AmerAcadPainMed,,0,0,1,"'We need options for opioid analgesics. Levorphanol is simply another option' says Dr. Jeff Gudin: http://bit.ly/2fFPluc via @painmednews",,@painmednews,,796872667441889281,https://twitter.com/AmerAcadPainMed/status/796872667441889281
2016-11-06 01:05:43,BionicMSW,jake_mcclure,0,0,0,"@PainPtFightBack @KimmeeKMiller Levorphanol study done back in 2003 proved that's not accurate belief.(2)",,@PainPtFightBack @KimmeeKMiller,,795069618176008192,https://twitter.com/BionicMSW/status/795069618176008192
2016-11-05 19:36:21,Ranger5Publish,,0,0,0,"#CRPS - ask your doctors about #Levorphanol and #Ketamine #RSD #CRPS #ComplexRegionalPainSyndrome #RSDSA",,,#CRPS #Levorphanol #Ketamine #RSD #CRPS #ComplexRegionalPainSyndrome #RSDSA,794986730550136832,https://twitter.com/Ranger5Publish/status/794986730550136832
2016-11-05 12:50:45,ZeBepsMD,,0,0,0,"""Older #Opioid Analgesic #Levorphanol Provides Multiple Benefits"" #pain #hpm http://www.painmedicinenews.com/Clinical-Pain-Medicine/Article/11-16/Pain-Experts-Say-Older-Opioid-Analgesic-Levorphanol-Provides-Multiple-Benefits/38448",,,#Opioid #Levorphanol #pain #hpm,794884657997287425,https://twitter.com/ZeBepsMD/status/794884657997287425
2016-09-05 13:41:10,merinathil,drp297,1,0,0,"azapropazone, phenazocine, benorylate, levorphanol....I could go on.",,,,772791688058273792,https://twitter.com/merinathil/status/772791688058273792
2016-08-07 13:46:32,Boze_leclair,,0,0,5,"#firstsevenjobs 1)tobacco 2)weed 3)dxm 4)ketamine 5)mdpv 6)lsd&amp;analogues 7)levorphanol",,,#firstsevenjobs,762283788411949056,https://twitter.com/Boze_leclair/status/762283788411949056
2016-07-30 13:06:16,toi_shailendraA,,0,0,0,"The Delhi Race Club has suspended trainer Rajinder for 9 months after his horse tested positive for prohibited substance Levorphanol",,,,759374551461625856,https://twitter.com/toi_shailendraA/status/759374551461625856
2016-07-28 17:45:31,decompositorbot,,0,0,0,"contents of Apostle's: 4% levorphanol, 96% haires. ",,,,758720051243548672,https://twitter.com/decompositorbot/status/758720051243548672
2016-07-06 08:45:32,elderadvice,,0,0,0,"Gayne your levorphanol.",,,,750611628874424320,https://twitter.com/elderadvice/status/750611628874424320
2016-06-20 02:15:40,elderadvice,,0,0,0,"This is how you ligge the levorphanol.",,,,744715309039357952,https://twitter.com/elderadvice/status/744715309039357952
2016-06-02 21:17:16,SomewhatSeattle,LucyStag,0,0,0,"They'd probably rather have pain patients switch to levorphanol (price has gone up 2000% in the last year), or just ""tough it out""",,,,738479621776105473,https://twitter.com/SomewhatSeattle/status/738479621776105473
2016-05-30 02:56:50,JeffreyFudin,,0,0,0,"there are 5 opioids that do not rely on CYP enzymes. Morphine, oxymorphone, hydromorphone, tapentadol, levorphanol",,,,737115523167719424,https://twitter.com/JeffreyFudin/status/737115523167719424
2016-05-25 19:30:23,silly_phrases,,0,0,0,"untapestried levorphanol",,,,735553617818750976,https://twitter.com/silly_phrases/status/735553617818750976
2016-05-21 10:14:40,painmanwise,,0,0,0,"Levorphanol use: past, present and future. http://ift.tt/1TtzjPw",,,,733964216495943680,https://twitter.com/painmanwise/status/733964216495943680
2016-05-21 10:11:29,palliativewise,,0,0,0,"Levorphanol use: past, present and future. http://1.usa.gov/1TMIGXY",,,,733963414310125568,https://twitter.com/palliativewise/status/733963414310125568
2016-05-06 00:29:43,DoctorDulux,,0,0,0,"Epididymitis often results in an ipod-envy waist. Doctors suggest Levorphanol Tartrate. ",,,,728381193209663489,https://twitter.com/DoctorDulux/status/728381193209663489
2016-04-28 01:10:33,skipbidder,MDaware,0,0,1,"@MDaware @bicmay With much higher resources, I'd prescribe levorphanol, more lidoderm patches, more PT and OT, Lantus Pens.",,@MDaware @bicmay,,725492364639358977,https://twitter.com/skipbidder/status/725492364639358977
2016-04-20 14:17:22,PennyStockPlay1,,0,0,0,"Relmada Therapeutics #RLMD abuse resistant #opioid analgesic levorphanol provide corporate update of R&amp;D programs ",,,#RLMD #opioid,722791270909743105,https://twitter.com/PennyStockPlay1/status/722791270909743105
2016-03-31 07:12:05,kristianikolas,,0,0,0,"Levorphanol and methadone are some opioids that have long half lives and should be used with caution",,,,715436489656508416,https://twitter.com/kristianikolas/status/715436489656508416
2016-03-20 02:47:39,Rx_Ed,,0,1,1,"I have NEVER ordered levorphanol. Is there a unique instance in which that drug is superior to other opioids? I don't know!",,,,711383674172940293,https://twitter.com/Rx_Ed/status/711383674172940293
2016-03-18 21:41:54,NoNeedlessPain,,1,0,1,"Rotating opioids when using methadone? Fast Fact #240 LEVORPHANOL - the forgotten opioid http://www.mypcnow.org/#!blank/s5bm4",,,,710944341879984129,https://twitter.com/NoNeedlessPain/status/710944341879984129
2016-03-18 06:09:14,test_acct_3874,,0,0,0,"Research the humble Levorphanol. ",,,,710709629098057728,https://twitter.com/test_acct_3874/status/710709629098057728
2016-03-16 15:58:13,skipbidder,,1,0,0,"@JeffreyFudin Unfortunately, I've found that you seem to be right about the levorphanol price. 3 pharmacists have originally said they...",,@JeffreyFudin,,710133076538449920,https://twitter.com/skipbidder/status/710133076538449920
2016-03-16 01:45:13,skipbidder,,0,0,0,"@geekpharm Do you stock levorphanol? What price for 2 mg tabs? (Actual question, not trying to make a joke. Allegedly price came way down)",,@GeekPharm,,709918410751266816,https://twitter.com/skipbidder/status/709918410751266816
2016-03-14 19:11:18,JeffreyFudin,skipbidder,2,0,0,"@skipbidder @mlmcpherson, no, levorphanol costs a fortune now!!!",,@skipbidder @mlmcpherson,,709456890955063298,https://twitter.com/JeffreyFudin/status/709456890955063298
2016-03-14 16:30:54,skipbidder,skipbidder,1,0,0,"@JeffreyFudin @mlmcpherson ...Hospice &amp; Palliative Care Formulary when got home. Just learned that levorphanol available &amp; relatively cheap",,@JeffreyFudin @mlmcpherson,,709416525065797632,https://twitter.com/skipbidder/status/709416525065797632
2016-03-14 15:18:10,skipbidder,,1,0,0,"Hello #hpm -ers and PharmD friends. Anyone have resources for conversion from high dose methadone to levorphanol? @mlmcpherson @JeffreyFudin",,@mlmcpherson @JeffreyFudin,#hpm,709398221328490496,https://twitter.com/skipbidder/status/709398221328490496
2016-01-20 14:03:02,postgradmed,,0,0,0,"Our #Pain Management issue is online! Check it out at http://ow.ly/Xdnkc. Topics include #levorphanol #buprenorphine #ketorolac &amp; more!",,,#Pain #levorphanol #buprenorphine #ketorolac,689810369972404224,https://twitter.com/postgradmed/status/689810369972404224
2016-01-13 12:05:34,postgradmed,,0,0,1,"#Levorphanol use: past, present and future - read review at http://ow.ly/WSOEW #pain #opioid",,,#Levorphanol #pain #opioid,687244090405175296,https://twitter.com/postgradmed/status/687244090405175296
2015-12-04 12:35:53,JeffreyFudin,,0,1,0,"@snalamachu, #JeffGudin &amp; @JeffreyFudin team up for Levorphanol Use: Past, Present &amp; Future. Postgraduate Medicine.http://www.tandfonline.com/eprint/HfjxCMTsP2cEWCXca6dw/full …",,@snalamachu @JeffreyFudin,#JeffGudin,672756207023693824,https://twitter.com/JeffreyFudin/status/672756207023693824
2015-12-04 04:50:31,JeffreyFudin,,0,0,2,"#JeffGudin &amp; #JeffFudin strike again, + Sri Nalamachu.Levorphanol Use: Past, Present &amp; Future. Postgraduate Medicine.http://www.tandfonline.com/eprint/HfjxCMTsP2cEWCXca6dw/full",,,#JeffGudin #JeffFudin,672639094200082432,https://twitter.com/JeffreyFudin/status/672639094200082432
2015-11-17 13:36:59,JeffreyFudin,,0,2,3,"Levorphanol is back, but the cost may be a barrier. http://paindr.com/unique-levorphanol-dodges-move-from-forgotten-to-vanished/",,,,666610990927241216,https://twitter.com/JeffreyFudin/status/666610990927241216
2015-10-15 04:26:15,Drug_Porn3,,0,2,1,"Anyone in the 518 know where I could get levorphanol ? #Sub @Drug_porn",,@Drug_Porn,#Sub,654513593812185088,https://twitter.com/Drug_Porn3/status/654513593812185088
2015-10-07 21:46:12,OldRPh,,2,0,1,"Single pt daily: hydromorphone 16mg, levorphanol 18mg, oxycodone 75mg, AND fentanyl patches 100mcg I shit you not. Sickle Cell pain????",,,,651876201787691008,https://twitter.com/OldRPh/status/651876201787691008
2015-09-22 07:00:36,SanzibellLee,,0,0,0,"Photo: socialclaustrophobia: Damien Hirst (British, b. 1965), Levorphanol, 1995. Gloss household paint on... http://tmblr.co/Zps6fm1ukLXEz",,,,646217514213605376,https://twitter.com/SanzibellLee/status/646217514213605376
2015-09-18 07:02:46,wowgreat,,0,0,0,"Photo: socialclaustrophobia: Damien Hirst (British, b. 1965), Levorphanol, 1995. Gloss household paint on... http://tmblr.co/ZqLYXy1uT48J5",,,,644768507851247616,https://twitter.com/wowgreat/status/644768507851247616
2015-09-15 04:03:41,JeffreyFudin,DavidJuurlink,0,0,0,"@DavidJuurlink @AdaGiudiceTomps @SteveGelfand Levorphanol and DM are mirror images but effects are worlds apart. Oxy is not synthetic heroin",,@DavidJuurlink @AdaGiudiceTomps @SteveGelfand,,643636276726513664,https://twitter.com/JeffreyFudin/status/643636276726513664
2015-09-02 05:25:34,ThienPhamPharmD,,0,0,0,"Is levorphanol a better option than methadone? - PubMed - NCBI http://www.ncbi.nlm.nih.gov/pubmed/26307179",,,,638945843735715840,https://twitter.com/ThienPhamPharmD/status/638945843735715840
2015-08-28 01:48:30,painfreeED,,0,0,2,"Is levorphanol a better option than methadone? http://www.ncbi.nlm.nih.gov/m/pubmed/26307179/ thoughts? @LNelsonMD @DavidJuurlink @JMPerroneMD @poisonreview",,@LNelsonMD @DavidJuurlink @JMPerroneMD @poisonreview,,637079275414405120,https://twitter.com/painfreeED/status/637079275414405120
2015-08-27 10:06:39,painmanwise,,0,0,0,"Is levorphanol a better option than methadone? http://ift.tt/1JnW82e",,,,636842250354429952,https://twitter.com/painmanwise/status/636842250354429952
2015-08-20 23:17:14,Ranger5Publish,,0,0,0,"How to cure #writersblock : #levorphanol - only advised if you suffer extreme physical pain.",,,#writersblock #levorphanol,634504491748970496,https://twitter.com/Ranger5Publish/status/634504491748970496
2015-07-03 20:45:18,JaneArlington,,0,0,0,"Updates: Levorphanol Levorphanol /l?va?rf??n?l/ (Levo-Dromoran) is an opioid medication used to treat moderate... http://bit.ly/1GVxB0b",,,,617071639176425472,https://twitter.com/JaneArlington/status/617071639176425472
2015-06-25 18:24:41,TimJohnson4,,0,0,0,"Mexico says it seized nearly 3 tons of narcotic levorphanol near Merida ",,,,614137149227683841,https://twitter.com/TimJohnson4/status/614137149227683841
2015-05-12 23:20:51,MaisaCorp,,0,0,1,"$RLMD eceives a patent from the USPTO for broad coverage of levorphanol and other opioids, with validity expected until at least 2028",,,,598266618553176065,https://twitter.com/MaisaCorp/status/598266618553176065
2015-05-12 14:09:06,Briefingcom,,0,0,1,"$RLMD: Relmada Therapeutics receives a patent from the USPTO for broad coverage of levorphanol and other opioids,... http://bit.ly/1EzRsAR",,,,598127765347381248,https://twitter.com/Briefingcom/status/598127765347381248
2015-04-21 05:06:50,pawovaroxaho,,0,1,0,"Hey Deb, I got a chance to check out levomorphanan The closest thing we have is Levorphanol, the drug they no longer market in the US.",,,,590381152256528384,https://twitter.com/pawovaroxaho/status/590381152256528384
2015-03-14 20:15:12,decompositorbot,,0,0,0,"contents of honyock: 95% levorphanol, 5% chlorates. ",,,,576839011127439360,https://twitter.com/decompositorbot/status/576839011127439360
2015-02-08 21:24:51,jmckeownmd,,0,0,0,"Any #pain tweeps w clinical experience with levorphanol? Reading a paper, I knew absolutely zero. Sounds perfect 4 neuropathic. #opioids",,,#pain #opioids,564535354871795712,https://twitter.com/jmckeownmd/status/564535354871795712
2015-01-17 14:01:16,lwyrupbtch,rachelrmk,1,0,0,"@rachelrmk Lots of Levorphanol",,@rachelrmk,,556451189240631296,https://twitter.com/lwyrupbtch/status/556451189240631296
2015-01-07 17:45:09,autocompleterap,,0,0,0,"Aw, they stressin' me, pass me my nine Levorphanol and dextromethorphan son, I'm gonna get mine",,,,552883651042897920,https://twitter.com/autocompleterap/status/552883651042897920
2014-11-24 20:03:38,skipbidder,SchislerRandy,1,0,0,"@SchislerRandy There is a Fast Facts entry on Levorphanol http://www.eperc.mcw.edu/EPERC/FastFactsIndex/ff_240.htm Haven't RXed it myself. #hpm",,@SchislerRandy,#hpm,536973438582542336,https://twitter.com/skipbidder/status/536973438582542336
2014-11-06 19:27:25,ClatchardCraig,MrMalky,1,0,1,"@MrMalky Good for you! Of course the true connoisseur favours fentanyl. Or perhaps levorphanol...",,@MrMalky,,530441339394342912,https://twitter.com/ClatchardCraig/status/530441339394342912
2014-10-04 10:04:14,palliativewise,,0,0,0,"Levorphanol: revisiting an underutilized analgesic. http://1.usa.gov/1pzJnFv",,,,518340810786766849,https://twitter.com/palliativewise/status/518340810786766849
2014-10-04 06:55:01,CpaTwitts,,0,0,0,"Q.5. A Morphinan ring system is present in one of the following a) Pentazocin b) Pethidine c) Levorphanol d) Codiene",,,,518293192933146624,https://twitter.com/CpaTwitts/status/518293192933146624
2014-09-26 06:13:27,Saudi_Pharma_07,,0,2,1,"Which analgesic is contraindicated for use with rasagiline? A. Meperidine B. Diclofenac C. Levorphanol D. Morphine",,,,515383629921280000,https://twitter.com/Saudi_Pharma_07/status/515383629921280000
2014-07-21 04:45:17,decompositorbot,,0,0,0,"contents of levorphanol: 78% land-water, 22% automatists. ",,,,491081453527367680,https://twitter.com/decompositorbot/status/491081453527367680
2014-06-14 08:11:52,Ranger5Publish,BretEastonEllis,0,0,0,"@BretEastonEllis Dilaudid doesn't relieve pain as much as Levorphanol. Tell 27-year-old to get with the times, Ellis.",,@BretEastonEllis,,477725092768522240,https://twitter.com/Ranger5Publish/status/477725092768522240
2014-05-16 00:46:30,clinthe,,0,0,1,"Considering #levorphanol, #tapentadol, #transdermalbuprenorphine, or #NSAIDs for #elderly #chronicpain? http://bit.ly/1qGU3YG #medcomms",,,#levorphanol #tapentadol #transdermalbuprenorphine #NSAIDs #elderly #chronicpain #medcomms,467103764089167872,https://twitter.com/clinthe/status/467103764089167872
2014-04-03 02:55:23,Ranger5Publish,,0,0,0,"@RSDSA New treatment: Ketamine infusions, Ketamine nasal spray and for Level 10 days, Levorphanol. So far, so good.",,@RSDSA,,451553522920603648,https://twitter.com/Ranger5Publish/status/451553522920603648
2014-03-23 23:02:20,IgorPaniotov,,0,0,0,"New post: Levorphanol lyrical neurontin http://geo-rx.us/archives/20976/levorphanol-lyrical-neurontin/",,,,447870994787889152,https://twitter.com/IgorPaniotov/status/447870994787889152
2013-08-17 21:59:08,Cain_CREAM,,0,0,0,"I got the connect to levorphanol , shit 15x stronger than morphine . . One pill a probably kill you lmao &amp; iGot em on deck for this headache",,,,368854534627401728,https://twitter.com/Cain_CREAM/status/368854534627401728
2013-08-17 21:58:02,Cain_CREAM,,0,0,0,"Who you know can get they hands on levorphanol ? Nobody ! Its hospital use only &amp; its for certain pre-surgery matters &amp; iGot sum ! .",,,,368854257086115840,https://twitter.com/Cain_CREAM/status/368854257086115840
2013-08-02 20:12:47,StanleyDas1,,0,0,0,"http://lnkd.in/RP_Y_9 Hi Denise, This waht I was able to gather from wikipedia, Levorphanol (Levo-Dromoran) is an opioid medication...",,,,363391951137017856,https://twitter.com/StanleyDas1/status/363391951137017856
2013-08-02 16:58:16,paulcannol,,0,0,0,"Hm. Dextromethorphan is the enantiomer of the NMDA-blocker levorphanol. Go figure.",,,,363342999092084737,https://twitter.com/paulcannol/status/363342999092084737
2013-07-26 23:46:27,Omotayobadass_,kemiberry,1,0,0,"Trust me...one rephenol pill n u done “@kemiberry: @Syrus_blaQue am suggesting for u.Levorphanol”",,@kemiberry,,360909008086892544,https://twitter.com/Omotayobadass_/status/360909008086892544
2013-07-26 23:43:09,kemiberry,Omotayobadass_,1,0,0,"@Syrus_blaQue am suggesting for u.Levorphanol",,,,360908177673437185,https://twitter.com/kemiberry/status/360908177673437185
2013-07-06 20:19:06,TimGluckman,,0,0,1,"#Levorphanol, the forgotten #opioid http://www.ncbi.nlm.nih.gov/pubmed/17039381 Much stronger &amp; lasts longer &gt; #morphine &amp;vg oral efficacy http://en.wikipedia.org/wiki/Levorphanol",,,#Levorphanol #opioid #morphine,353609068646105088,https://twitter.com/TimGluckman/status/353609068646105088
2013-06-30 17:55:56,AskAmex,,0,0,0,"@levorphanol Ok Drew, I responded to your email. My response will appear in your Inbox in the Secure Message Center in a few minutes. ^B",,@levorphanol,,351398714901934084,https://twitter.com/AskAmex/status/351398714901934084
2013-06-29 19:53:32,AskAmex,levorphanol,0,0,0,"@levorphanol Topic/Sub Topic,address email to me - Beth &amp; include your Twitter handle &amp; I will review your account &amp; respond back to you.",,@levorphanol,,351065921328132097,https://twitter.com/AskAmex/status/351065921328132097
2013-06-29 19:53:26,AskAmex,levorphanol,0,0,0,"@levorphanol Sure,pls send me an email via: http://aexp.co/dMb - click on 'Ask A Question' to compose an email, select any",,@levorphanol,,351065895981948929,https://twitter.com/AskAmex/status/351065895981948929
2013-06-29 19:50:08,levorphanol,AskAmex,2,0,0,"@AskAmex yes thanks",,@AskAmex,,351065066533175297,https://twitter.com/levorphanol/status/351065066533175297
2013-06-29 19:12:57,AskAmex,levorphanol,1,0,0,"@levorphanol annual membership fee.I can review your account if you would like. ^B",,@levorphanol,,351055708206284801,https://twitter.com/AskAmex/status/351055708206284801
2013-06-29 19:12:50,AskAmex,levorphanol,0,0,0,"@levorphanol Certificates are now received 4 - 6 weeks from the statement date that falls in the month after the billing of the",,@levorphanol,,351055678913265664,https://twitter.com/AskAmex/status/351055678913265664
2013-06-29 18:52:36,levorphanol,AskAmex,2,0,0,"@AskAmex It's gone from the website and I have not received mine this year (arrived April 2012 last year).",,@AskAmex,,351050585530834944,https://twitter.com/levorphanol/status/351050585530834944
2013-06-29 18:38:22,AskAmex,levorphanol,0,0,0,"@levorphanol weekend. ^Beth",,@levorphanol,,351047002328547328,https://twitter.com/AskAmex/status/351047002328547328
2013-06-29 18:38:14,AskAmex,levorphanol,0,1,0,"@levorphanol flying Delta you also receive a 20% savings on in-flight purchases.Tweet back if I can assist any further,otherwise have a nice",,@levorphanol,,351046972280537088,https://twitter.com/AskAmex/status/351046972280537088
2013-06-29 18:37:59,AskAmex,levorphanol,1,0,0,"@levorphanol Good afternoon.Thx for tweeting.The Companion Certificate continues to be a feature of the Platinum Delta SkyMiles Card.When",,@levorphanol,,351046906710994946,https://twitter.com/AskAmex/status/351046906710994946
2013-06-29 18:28:31,levorphanol,,3,0,0,"@AskAmex What happened to the companion ticket benefit for Skymile platinum cards? Did it get cancelled?",,@AskAmex,,351044525046759424,https://twitter.com/levorphanol/status/351044525046759424
2013-06-25 05:34:16,slutty_things,,0,0,0,"slutty levorphanol",,,,349400125153615872,https://twitter.com/slutty_things/status/349400125153615872
2013-06-14 11:54:44,levorphanol,,0,0,0,"Maybe I can help you. I am Boba Fatt. #Bespin #AngryBirdsStarWars http://angrybirds.com/trophy/?sw=43",,,#Bespin #AngryBirdsStarWars,345509608808402945,https://twitter.com/levorphanol/status/345509608808402945
2013-04-22 22:51:24,afsuarmy,,0,0,0,"Photo: Damien Hirst - Levorphanol, 1995 #damienhirst #spots #afsu http://tmblr.co/Z1rdcvjJUyaH",,,#damienhirst #spots #afsu,326468308830408705,https://twitter.com/afsuarmy/status/326468308830408705
2013-04-22 22:51:22,X_AFSU,,0,0,0,"Damien Hirst - Levorphanol, 1995 #damienhirst #spots #afsu http://instagram.com/p/YbKVr7Fm_h/",,,#damienhirst #spots #afsu,326468298353016833,https://twitter.com/X_AFSU/status/326468298353016833
2013-04-09 20:40:13,thurston_tyler,,0,0,0,"Levorphanol &lt;&lt; this shit got me on a high..",,,,321724249305911297,https://twitter.com/thurston_tyler/status/321724249305911297
2013-04-08 12:24:29,slutty_things,,0,0,0,"slutty levorphanol",,,,321237107756654592,https://twitter.com/slutty_things/status/321237107756654592
2013-04-06 22:37:49,levorphanol,,0,0,0,"Do. Or do not. There is no fly. #AngryBirdsStarWars http://angrybirds.com/trophy/?sw=20",,,#AngryBirdsStarWars,320666680873324544,https://twitter.com/levorphanol/status/320666680873324544
2013-04-06 22:37:38,levorphanol,,0,0,0,"He's a card player, birdbrain, scoundrel. You'd like him. #LandoBird #AngryBirdsStarWars http://angrybirds.com/trophy/?sw=45",,,#LandoBird #AngryBirdsStarWars,320666638305353728,https://twitter.com/levorphanol/status/320666638305353728
2013-04-06 22:37:23,levorphanol,,0,0,0,"WWEEEOOOWWW! Chirp. #R2D2 #AngryBirdsStarWars http://angrybirds.com/trophy/?sw=24",,,#R2D2 #R2D2 #AngryBirdsStarWars,320666572232470529,https://twitter.com/levorphanol/status/320666572232470529
2013-04-06 22:37:18,levorphanol,,0,0,0,"You've never heard of the Mighty Falcon? #AngryBirdsStarWars http://angrybirds.com/trophy/?sw=7",,,#AngryBirdsStarWars,320666550547914752,https://twitter.com/levorphanol/status/320666550547914752
2013-04-06 22:37:08,levorphanol,,0,0,0,"I have you now! #LardVader #AngryBirdsStarWars http://angrybirds.com/trophy/?sw=17",,,#LardVader #AngryBirdsStarWars,320666508856549377,https://twitter.com/levorphanol/status/320666508856549377
2013-03-24 21:01:18,lockthecabinet,,0,0,0,"A #Prescription for Trouble: Levorphanol #Addiction - http://ow.ly/jlJQu #painkilleraddiction #Rxdrugabuse",,,#Prescription #Addiction #painkilleraddiction #Rxdrugabuse,315931352182693888,https://twitter.com/lockthecabinet/status/315931352182693888
2013-03-05 00:25:46,VladNikola,,0,0,0,"schools have to get rid of chemicals. and i need to cook meth. or maybe Levorphanol",,,,308735047916199936,https://twitter.com/VladNikola/status/308735047916199936
2013-02-22 11:23:08,Andrea_Algieri,,1,0,0,"Me in Damien Hirst...Levorphanol, 1995! #FB #FACEBOOK creativer Cover! #Cool #Graphic #HandMade #Art",,,#FB #FACEBOOK #Cool #Graphic #HandMade #Art,304914214500319233,https://twitter.com/Andrea_Algieri/status/304914214500319233
2013-02-05 17:01:55,tyronenosaurus,,0,0,0,"fentanyl hydromorphone levorphanol meperedine methadone morphine oxymorphone",,,,298838880780681216,https://twitter.com/tyronenosaurus/status/298838880780681216
2012-12-22 09:37:12,LadyUndefinable,,0,0,1,"Fentanyl, Buprenorphine, Levorphanol, Hydromorphone, Morphine.",,,,282419508608655361,https://twitter.com/LadyUndefinable/status/282419508608655361
2012-11-21 11:29:28,_zivanna_,Hirnnaht,0,0,1,"@levorphanol Love for you:-):-):-) ",,@levorphanol,,271213734263939072,https://twitter.com/_zivanna_/status/271213734263939072
2012-08-14 20:54:00,JobsAtCoreMed,,0,0,0,"Word of the Day for August 14, 2012: Levallorphan Tartrate: The N-allyl analogue of levorphanol, antagonistic to... http://fb.me/sV9FdruX",,,,235479408838852610,https://twitter.com/JobsAtCoreMed/status/235479408838852610
2012-07-25 23:36:51,naplex_facts,,0,0,0,"C II drugs i never heard of. propoxyphene, diphenoxylate, glutethimide, levorphanol",,,,228272634197049344,https://twitter.com/naplex_facts/status/228272634197049344
2012-07-13 11:16:47,__alfarooq__,,4,1,0,"A) Methadone B) Controlled-release morphine C) Levorphanol D) Transdermal fentanyl E) Dihydromorphone #دوائي",,,,223737736677433345,https://twitter.com/__alfarooq__/status/223737736677433345
2012-07-09 11:58:32,SignsSymptoms,,0,0,0,"More: LEVORPHANOL TARTRATE dosing http://symptomsexplained.com/drug-dosing/levorphanol-tartrate-dosing/",,,,222298690310782978,https://twitter.com/SignsSymptoms/status/222298690310782978
2012-06-13 04:13:06,ezzy_yan,,0,0,0,"Step 3- morphine,hydromorphone, methadone, levorphanol, fentanyl, oxycodone +/- non opioid analgesic n adjuvants",,,,212759474434342912,https://twitter.com/ezzy_yan/status/212759474434342912
2012-04-24 16:55:45,distantcities,patrickxwest,1,0,0,"@patrickxwest I'm off painkillers and on an anti-convulsant. Tramadol or Levorphanol are OK. Codeine works, but I don't like it.",,@patrickxwest,,194832010127224832,https://twitter.com/distantcities/status/194832010127224832
2012-04-22 07:06:50,hbPain,,0,0,0,"Another new ER formula!: As I was looking for news of Levorphanol, ran across this. It appears they have a new ... http://bit.ly/IiUVZU",,,,193959026030166016,https://twitter.com/hbPain/status/193959026030166016
2012-02-23 15:47:18,ElizBlanchardMD,,0,0,0,"No current clinical trials listed for levorphanol on http://cancer.gov Need remains for new therapies and pain trials #cancerpain",,,#cancerpain,172709122209349632,https://twitter.com/ElizBlanchardMD/status/172709122209349632
2012-02-23 15:33:35,equijada,ElizBlanchardMD,1,0,0,"@blanchardeliz I haven't used levorphanol. Generally use methadone if wanting NMDA receptor antagonist properties #hpm",,@BlanchardEliz,#hpm,172705670234251264,https://twitter.com/equijada/status/172705670234251264
2012-02-23 14:04:53,ElizBlanchardMD,,1,0,0,"Is levorphanol underused or best saved for refractory pain? #cancer pain #hpm",,,#cancer #hpm,172683347968016385,https://twitter.com/ElizBlanchardMD/status/172683347968016385
2011-11-27 16:36:21,pharmreviewer,,0,0,0,"Looking for Levorphanol...: I have heard such great things about this med, but it just isn't prescribed here in the US. http://bit.ly/tw9QJi",,,,140831334913417216,https://twitter.com/pharmreviewer/status/140831334913417216
2011-07-18 05:30:25,denisebyram,,0,0,0,"Health effects from smoking cigarettes: In Health effects from smoking cigarettes Schroder Prinzhorn similar to levorphanol albeit pe...",,,,92828550301876224,https://twitter.com/denisebyram/status/92828550301876224
2011-06-22 16:00:13,pharmareport,,0,0,0,"In Focus: Levorphanol Tablets [Shortage] http://goo.gl/fb/ZNg1P",,,,83564960852090880,https://twitter.com/pharmareport/status/83564960852090880
2011-06-20 08:33:29,BTetteh,,0,0,0,"Now u are looking in the BNF..shame on you..:p RT @Abiukpebs: @BTetteh @moffiegurl lmao, oleku, levorphanol.... etc",,@BTetteh @moffiegurl,,82727760669310976,https://twitter.com/BTetteh/status/82727760669310976
2011-03-02 07:17:09,GeneWikiPulse,,0,0,0,"#Meodipt linked #TLR4 to #Fentanyl #Levorphanol http://bit.ly/hNcouo",,,#Meodipt #TLR4 #Fentanyl #Levorphanol,42845883909414912,https://twitter.com/GeneWikiPulse/status/42845883909414912
2010-12-01 02:11:24,hbPain,,0,0,0,"Roxane Levorphanol Unavailable?: Anyone know why LEVO-DROMORAN (levorphanol) is on infinite back-order by all Ph... http://bit.ly/ekfmPs",,,,9791644106752001,https://twitter.com/hbPain/status/9791644106752001
2010-08-03 11:18:50,quebec_news,,0,0,0,"Buy Celecoxib - Levorphanol lyrica #neurontin New Richmond, Quebec =&gt; http://buycelecoxib.net/l/40710/le46 http://bit.ly/aDF8xl",,,#neurontin,20214041235,https://twitter.com/quebec_news/status/20214041235
2010-05-24 18:56:51,bayviewpharmacy,,0,0,0,"Levorphanol 2mg Tablet Shortage - Bayview Pharmacy Can Help! http://hub.am/93HmEp",,,,14640962858,https://twitter.com/bayviewpharmacy/status/14640962858
2010-05-20 14:40:31,In_Cognitus,,0,0,0,"last played: 543 – Porcelain Levorphanol: http://www.last.fm/music/543 http://bit.ly/bb7sb2 #music",,,#music,14365321370,https://twitter.com/In_Cognitus/status/14365321370
2010-04-22 18:45:47,TopRxInc,,0,0,0,"Current Drug Shortages: Levorphanol 2mg Tablets: From: FDA Drug Shortages - 4/22/2010 1:33:30 PM - Product an... http://tinyurl.com/zdl7bt",,,,12654704632,https://twitter.com/TopRxInc/status/12654704632
2010-03-02 23:08:09,OxymorphOwned,,0,0,0,"w00t, no more narcotic withdrawal... got my refill of Opana ER...along with some levorphanol. Chronic pain rapes your fucking soul...",,,,9896007576,https://twitter.com/OxymorphOwned/status/9896007576
2009-10-28 11:35:03,JoeGor,dangor8,0,0,0,"@dangor8 Dextromethorphan is the dextrorotatory enantiomer of the methyl ether of levorphanol, an opioid analgesic. C18H25NO",,@dangor8,,5228007960,https://twitter.com/JoeGor/status/5228007960
2009-10-20 23:02:12,lifecds,,0,0,0,"These are just a few types of opiates that lifecds.com can help you detox from: Heroin,Codeine,Levorphanol,Meperidine",,,,5029848847,https://twitter.com/lifecds/status/5029848847
2009-06-04 20:26:18,mtsource,,0,0,0,"New Blog Entry, ""Levo Dromoran (Levorphanol) - updated on RxList"" - Visit http://www.mtsource.us to read more.",,,,2033969456,https://twitter.com/mtsource/status/2033969456
2009-04-05 03:26:18,Dgalexander,,0,0,0,"@rianjs But dextromethorphan's left handed sibling levorphanol will get the job done without making you feel like a speed freak.",,@rianjs,,1455183693,https://twitter.com/Dgalexander/status/1455183693
2007-11-06 13:29:08,MissRFTC,,0,0,0,"Found in Nyquil: Dextromethorphan HBr. A cough suppressant. In the body it becomes dextrorphan, a cough suppressant, and levorphanol, a ...",,,,392371852,https://twitter.com/MissRFTC/status/392371852
