date,username,to,replies,retweets,favorites,text,geo,mentions,hashtags,id,permalink
2020-03-04 01:06:32,maryisfabulous_,,1,0,0,"They also suggested Quillichew XR, Aptensio XR, and even Vyvanse. Like, what do you have against Ritalin LA, to deny a PA and suggest short acting Ritalin??? ",,,,1235008693214810112,https://twitter.com/maryisfabulous_/status/1235008693214810112
2020-02-20 22:16:24,gabbyriley7,iwasmmueller88,0,0,0,"My son takes Quillichew and it just won’t get below $55 a month. ",,,,1230617222332084224,https://twitter.com/gabbyriley7/status/1230617222332084224
2020-02-20 19:50:49,moonliIIies,LoveIitchi,1,0,0,"quillichew er",,,,1230580586021965824,https://twitter.com/moonliIIies/status/1230580586021965824
2020-02-20 16:28:53,moonliIIies,grrrlbrarian,2,0,0,"quillichew er",,,,1230529769537556480,https://twitter.com/moonliIIies/status/1230529769537556480
2020-02-04 21:31:11,moonliIIies,lesbianselkie,1,0,1,"i looked it up!! it's quillichew er. i'm going to try to get it switched though bc it's super expensive and hard to find (i had to drive 40 minutes to find a pharmacy that had it in stock)",,,,1224807640540139520,https://twitter.com/moonliIIies/status/1224807640540139520
2020-01-03 15:12:08,XianJaneway,lovelokest,1,0,3,"Amphetamine/Adderall family: -Vyvanse -Evekeo -Dexedrine -Adderall XL Methylphenidate/Ritalin family: -Concerta -Daytrana -Quillivant /Quillichew -Ritalin LA -Jornay (a VERY new one you can take at night!)",,,,1213115834991874049,https://twitter.com/XianJaneway/status/1213115834991874049
2019-11-28 14:39:29,noelaanisse,issa_mae67,1,0,0,"Quillichew ER. It was $168 for TWO weeks I already had a hard time getting the prior auth for the kapvay which he isn’t taking anymore. We are switching to that one &amp; I called OptumRx but they denied it so I just picked it up for the two weeks until I can take him back to dr",,,,1200061655721431041,https://twitter.com/noelaanisse/status/1200061655721431041
2019-11-05 19:16:15,PharmCoug,,1,0,1,"Quillichew I pick you! ",,,,1191796386557284352,https://twitter.com/PharmCoug/status/1191796386557284352
2019-10-20 18:48:19,C_M_Hoffman,C_M_Hoffman,0,0,0,"Most get either Amphetamine-based (Adzenys, Dexedrine, Dyanavel, Evekeo, ProCentra, VYVANSE, Zenzedi) OR Methylphenidate-based (Aptensio, CONCERTA, Cotempla, Daytrana, Metadate, Methylin, QuilliChew, Quillivant, Ritalin) The ones in all caps I know friends have used effectively.",,,,1185991151746203658,https://twitter.com/C_M_Hoffman/status/1185991151746203658
2019-08-03 20:04:49,JerseyGirlsOne,pickerbubba,0,0,2,"You don’t know how right you are...one of the biggest threats 2 this country is the prevalence of Ritalin type drugs Daytrana, Quillivant XR, Aptensio XR, Metadate ER, QuilliChew ER, Cotempla XR-ODT, Concerta, Methylin and SSRI’s like Prozac, etc.",,,,1157744150055284736,https://twitter.com/JerseyGirlsOne/status/1157744150055284736
2019-07-25 04:07:41,EffectsSides,,0,0,1,"QuilliChew (Methylphenidate) SIDE EFFECTS Common! https://youtu.be/Sm_ltzpomqw via @YouTube #QuilliChew #Methylphenidate #SIDE EFFECTS #Common!",,@YouTube,#QuilliChew #Methylphenidate #SIDE #Common,1154241789034946561,https://twitter.com/EffectsSides/status/1154241789034946561
2019-06-16 03:17:41,PGYoung1964,keithellison,0,0,1,"Quillivant or Quillichew (methylphenidate HCl) is over $500 a month and it's scarce--factory in Puerto Rico was devastated after hurricane. Not as huge of a cost compared to others, but some kids can't learn w/o it.",,,,1140096077351145472,https://twitter.com/PGYoung1964/status/1140096077351145472
2019-05-08 19:40:03,LauraLAL,,0,0,4,"quillichew sounds like it should be a hedgehog-esque pokemon but really it's a chewable form of methylphenidate and that's considerably less fun",,,,1126210170818912256,https://twitter.com/LauraLAL/status/1126210170818912256
2019-04-19 15:26:54,rachelbook,,0,0,0,"@cRcKosher hi, is quillichew (chewable prescription med) kosher for pesach?",,@cRcKosher,,1119261095296942080,https://twitter.com/rachelbook/status/1119261095296942080
2019-02-27 19:09:02,FDADrugShortage,,0,0,0,"Methylphenidate Hydrochloride (QUILLICHEW ER) Extended-Release Chewable Tablets (Updated - Currently in Shortage): Drug Shortage http://j.mp/2ECyy72",,,,1100835216518668288,https://twitter.com/FDADrugShortage/status/1100835216518668288
2019-02-22 05:45:11,spunkiscientist,,1,0,1,"I FINALLY GOT MY PRESCRIPTION FOR QUILLICHEW!!!!!! STARTING TOMORROW IM TREATING MY ADHD!!!!!!!!!!!!!!!! ",,,,1098820978879184896,https://twitter.com/spunkiscientist/status/1098820978879184896
2019-01-21 21:53:18,KerryDAllen,,0,0,0,"@pfizer what’s the deal with your back order on quillichew!!?? Your prices are outrageous and then you screw with kids who rely on your product? You are the epitome of what is wrong with our system.",,@pfizer,,1087468201510912000,https://twitter.com/KerryDAllen/status/1087468201510912000
2019-01-03 22:33:18,PlanetZooted,,0,0,0,"I took 60 mgs of vyvanse and 30mgs of quillichew and some how fell asleep on that shit, I wake up and I feel like I chugged a whole pot of shroom tea, my legs are wobbling and shit lmfao I don’t like this",,,,1080955290047209472,https://twitter.com/PlanetZooted/status/1080955290047209472
2018-12-14 02:43:56,markwwilsonmd,,0,0,0,"Argh, Quillivant XR is once again not available at most pharmacies (in NY). Is that the same with Quillichew?",,,,1073408216309133312,https://twitter.com/markwwilsonmd/status/1073408216309133312
2018-10-23 01:36:28,EvilElleon,HeidiDKingston,0,0,1,"We’ve been able to get by with Quillichew, but it doesn’t last nearly as long. My 8yr old is pretty much out of med by 4pm or so. Quillivant would last until mid evening. Now my 5yr old has been diagnosed with ADHD, and I just want our miracle drug back!",,,,1054547069669687296,https://twitter.com/EvilElleon/status/1054547069669687296
2018-10-09 17:56:05,HealthAlrts,,0,0,0,"Methylphenidate Hydrochloride (QUILLICHEW ER) Extended-Release Chewable Tablets (Updated - Currently in Shortage) http://dlvr.it/Qmpj7z",,,,1049720166219575296,https://twitter.com/HealthAlrts/status/1049720166219575296
2018-10-09 17:48:34,FDADrugShortage,,0,0,0,"Methylphenidate Hydrochloride (QUILLICHEW ER) Extended-Release Chewable Tablets (Updated - Currently in Shortage): Drug Shortage http://j.mp/2Czj6ZF",,,,1049718275771269120,https://twitter.com/FDADrugShortage/status/1049718275771269120
2018-09-07 13:32:46,johnflipside,,0,0,0,"Cory SprinklerCus Bookmark. Any of these will simulate for Methylphenidate: Ritalin, Concerta, Aptensio, Biphentin, Daytrana, Equasym, Medikinet, Metadate, Methylin, QuilliChew, Quillivant, Tranquilyn. I suggest you get off the crack pipe, leave that to Maxine &amp; Nancy.",,,,1038057489202171906,https://twitter.com/johnflipside/status/1038057489202171906
2018-05-22 19:44:18,HealthAlrts,,0,0,0,"Methylphenidate Hydrochloride (QUILLICHEW ER) Extended-Release Chewable Tablets (Updated - Currently in Shortage) http://dlvr.it/QTl8tL",,,,999013098253045761,https://twitter.com/HealthAlrts/status/999013098253045761
2018-05-21 15:22:29,AlcuinBramerton,,0,1,0,"#Neuroscience: #HannahCritchlow: The human brain undergoes a great deal of plasticity until the mid-20s. It's a terrible idea to take any kind of mind-altering drug before this age. https://bit.ly/2x5sgv8 #1ab #ADHD #ASD #Autism #Methylphenidate #Ritalin #QuilliChew #Dyanavel #ÿ",,,#Neuroscience #HannahCritchlow #1ab #ADHD #ASD #Autism #Methylphenidate #Ritalin #QuilliChew #Dyanavel,998584823064219648,https://twitter.com/AlcuinBramerton/status/998584823064219648
2018-03-21 03:30:43,markwwilsonmd,markwwilsonmd,1,0,0,"is ODT. She hates the taste of the Quillichew (even if Quillichew and Quillivant (which she also hated) weren't having manufacturing problems.",,,,976300041697570816,https://twitter.com/markwwilsonmd/status/976300041697570816
2018-03-20 23:19:29,markwwilsonmd,,7,0,0,"Does anyone have experience with Cotempla XR? I have a veeeeery sensory sensitive 4th grader who I may need to use this with (Quillichew, already a tenuous situation taste-wise, is having manufacturing problems, and she hates caps that sprinkle; not sure about Daytrana yet).",,,,976236817929383939,https://twitter.com/markwwilsonmd/status/976236817929383939
2018-03-08 19:28:01,ElmoraPharmacy,,1,0,0,"Quillivant XR OS on BO for months. Trying to switch pt to Quillichew since that therapy is working for him. PA sent 3/2, denied 3/7. Xfered to 3 diff departments at @OptumRx to figure out why this is an issue. no resolution, as ususal.",,@OptumRx,,971829911362179072,https://twitter.com/ElmoraPharmacy/status/971829911362179072
2018-03-02 01:29:20,MeganBu09154194,,0,0,0,"Lori I contacted the Pfizer location program and they found the quillichew for me about 20 miles from my house. It is not readily available",,,,969384125856731137,https://twitter.com/MeganBu09154194/status/969384125856731137
2018-03-01 19:24:07,MeganBu09154194,,0,0,0,"That's ok! We finally found the quillichew but still can't find the liquid. Did your dr find a liquid alternative??",,,,969292216882655233,https://twitter.com/MeganBu09154194/status/969292216882655233
2018-03-01 10:36:11,Benjami17015275,CB618444,1,2,3,"How Many Of These Young Communists Like Hogg Are On Concerta, Daytrana, Methylin, Ritalin, Ritalin LA, Metadate ER, Aptensio XR, Cotempla XR-ODT, QuilliChew ER, and Quillivant XR. We Want To Know. #NRA #GunControl #HoggWash #KoolAid #LiberalismIsAMentalDisorder",,,#NRA #GunControl #HoggWash #KoolAid #LiberalismIsAMentalDisorder,969159358759276544,https://twitter.com/Benjami17015275/status/969159358759276544
2018-02-26 19:14:52,deniseschimm,,0,1,2,"We've been dealing with nightmare since November: Quillivant and QuilliChew Shortage Disrupts ADHD Treatment https://www.additudemag.com/quillivant-quillichew-shortage-adhd-treatment/ via @",,,,968202723714793474,https://twitter.com/deniseschimm/status/968202723714793474
2018-02-25 06:07:47,Sith_Nurse,Mb1Jen,0,0,0,"We were able to get the QuilliChew. I miss Quillivant so much!",,,,967642261507977216,https://twitter.com/Sith_Nurse/status/967642261507977216
2018-02-22 14:04:04,Sith_Nurse,gbunny,1,0,1,"We called their ADHD hotline and found out we could get QuilliChew from them directly and shipped to our home. The people we spoke to were very friendly and helpful.",,,,966674955877445632,https://twitter.com/Sith_Nurse/status/966674955877445632
2018-02-15 12:11:15,WIEmergencyPrep,,0,0,0,"[FDA Drug Shortages] Methylphenidate Hydrochloride (QUILLICHEW ER) Extended-Release Chewable Tablets (Updated - Currently in Shortage) http://dlvr.it/QGSQbN",,,,964109850945888258,https://twitter.com/WIEmergencyPrep/status/964109850945888258
2018-02-15 12:11:15,WYEmergencyPrep,,0,0,0,"[FDA Drug Shortages] Methylphenidate Hydrochloride (QUILLICHEW ER) Extended-Release Chewable Tablets (Updated - Currently in Shortage) http://dlvr.it/QGSQbF",,,,964109850270560261,https://twitter.com/WYEmergencyPrep/status/964109850270560261
2018-02-15 12:11:15,AREmergencyPrep,,0,0,0,"[FDA Drug Shortages] Methylphenidate Hydrochloride (QUILLICHEW ER) Extended-Release Chewable Tablets (Updated - Currently in Shortage) http://dlvr.it/QGSQbG",,,,964109850195062785,https://twitter.com/AREmergencyPrep/status/964109850195062785
2018-02-15 12:11:13,FLEmergencyPrep,,0,0,0,"[FDA Drug Shortages] Methylphenidate Hydrochloride (QUILLICHEW ER) Extended-Release Chewable Tablets (Updated - Currently in Shortage) http://dlvr.it/QGSQTS",,,,964109844314710016,https://twitter.com/FLEmergencyPrep/status/964109844314710016
2018-02-15 12:11:13,SDEmergencyPrep,,0,0,0,"[FDA Drug Shortages] Methylphenidate Hydrochloride (QUILLICHEW ER) Extended-Release Chewable Tablets (Updated - Currently in Shortage) http://dlvr.it/QGSQRc",,,,964109842838315011,https://twitter.com/SDEmergencyPrep/status/964109842838315011
2018-02-15 12:11:11,OKEmergencyPrep,,0,0,0,"[FDA Drug Shortages] Methylphenidate Hydrochloride (QUILLICHEW ER) Extended-Release Chewable Tablets (Updated - Currently in Shortage) http://dlvr.it/QGSQRy",,,,964109835762507776,https://twitter.com/OKEmergencyPrep/status/964109835762507776
2018-02-15 12:11:11,VAEmergencyPrep,,0,0,0,"[FDA Drug Shortages] Methylphenidate Hydrochloride (QUILLICHEW ER) Extended-Release Chewable Tablets (Updated - Currently in Shortage) http://dlvr.it/QGSQRw",,,,964109833984077824,https://twitter.com/VAEmergencyPrep/status/964109833984077824
2018-02-15 12:11:11,ALEmergencyPrep,,0,0,0,"[FDA Drug Shortages] Methylphenidate Hydrochloride (QUILLICHEW ER) Extended-Release Chewable Tablets (Updated - Currently in Shortage) http://dlvr.it/QGSQRF",,,,964109833266855936,https://twitter.com/ALEmergencyPrep/status/964109833266855936
2018-02-15 12:11:11,NDEmergencyPrep,,0,0,0,"[FDA Drug Shortages] Methylphenidate Hydrochloride (QUILLICHEW ER) Extended-Release Chewable Tablets (Updated - Currently in Shortage) http://dlvr.it/QGSQR5",,,,964109833195565056,https://twitter.com/NDEmergencyPrep/status/964109833195565056
2018-02-15 12:11:10,NJEmergencyPrep,,0,0,0,"[FDA Drug Shortages] Methylphenidate Hydrochloride (QUILLICHEW ER) Extended-Release Chewable Tablets (Updated - Currently in Shortage) http://dlvr.it/QGSQQq",,,,964109830381223937,https://twitter.com/NJEmergencyPrep/status/964109830381223937
2018-02-15 12:11:10,HIEmergencyPrep,,0,0,0,"[FDA Drug Shortages] Methylphenidate Hydrochloride (QUILLICHEW ER) Extended-Release Chewable Tablets (Updated - Currently in Shortage) http://dlvr.it/QGSQQd",,,,964109829387165696,https://twitter.com/HIEmergencyPrep/status/964109829387165696
2018-02-15 12:11:10,AZEmergencyPrep,,0,0,0,"[FDA Drug Shortages] Methylphenidate Hydrochloride (QUILLICHEW ER) Extended-Release Chewable Tablets (Updated - Currently in Shortage) http://dlvr.it/QGSQPV",,,,964109828372152320,https://twitter.com/AZEmergencyPrep/status/964109828372152320
2018-02-15 12:11:09,PAEmergencyPrep,,0,0,0,"[FDA Drug Shortages] Methylphenidate Hydrochloride (QUILLICHEW ER) Extended-Release Chewable Tablets (Updated - Currently in Shortage) http://dlvr.it/QGSQPB",,,,964109827969437698,https://twitter.com/PAEmergencyPrep/status/964109827969437698
2018-02-15 12:11:09,WAEmergencyPrep,,0,0,0,"[FDA Drug Shortages] Methylphenidate Hydrochloride (QUILLICHEW ER) Extended-Release Chewable Tablets (Updated - Currently in Shortage) http://dlvr.it/QGSQP8",,,,964109827822665728,https://twitter.com/WAEmergencyPrep/status/964109827822665728
2018-02-15 12:11:09,NHEmergencyPrep,,0,0,0,"[FDA Drug Shortages] Methylphenidate Hydrochloride (QUILLICHEW ER) Extended-Release Chewable Tablets (Updated - Currently in Shortage) http://dlvr.it/QGSQLX",,,,964109826270703617,https://twitter.com/NHEmergencyPrep/status/964109826270703617
2018-02-15 12:11:09,KSEmergencyPrep,,0,0,0,"[FDA Drug Shortages] Methylphenidate Hydrochloride (QUILLICHEW ER) Extended-Release Chewable Tablets (Updated - Currently in Shortage) http://dlvr.it/QGSQLJ",,,,964109824186204160,https://twitter.com/KSEmergencyPrep/status/964109824186204160
2018-02-15 12:11:08,CAEmergencyPrep,,0,0,0,"[FDA Drug Shortages] Methylphenidate Hydrochloride (QUILLICHEW ER) Extended-Release Chewable Tablets (Updated - Currently in Shortage) http://dlvr.it/QGSQL4",,,,964109824022560768,https://twitter.com/CAEmergencyPrep/status/964109824022560768
2018-02-15 12:11:08,TXEmergencyPrep,,0,0,0,"[FDA Drug Shortages] Methylphenidate Hydrochloride (QUILLICHEW ER) Extended-Release Chewable Tablets (Updated - Currently in Shortage) http://dlvr.it/QGSQL9",,,,964109824010067968,https://twitter.com/TXEmergencyPrep/status/964109824010067968
2018-02-15 12:11:08,WVEmergencyPrep,,0,0,0,"[FDA Drug Shortages] Methylphenidate Hydrochloride (QUILLICHEW ER) Extended-Release Chewable Tablets (Updated - Currently in Shortage) http://dlvr.it/QGSQLL",,,,964109824005873665,https://twitter.com/WVEmergencyPrep/status/964109824005873665
2018-02-15 12:11:08,INEmergencyPrep,,0,0,0,"[FDA Drug Shortages] Methylphenidate Hydrochloride (QUILLICHEW ER) Extended-Release Chewable Tablets (Updated - Currently in Shortage) http://dlvr.it/QGSQKP",,,,964109820956622848,https://twitter.com/INEmergencyPrep/status/964109820956622848
2018-02-15 12:11:06,ILEmergencyPrep,,0,0,0,"[FDA Drug Shortages] Methylphenidate Hydrochloride (QUILLICHEW ER) Extended-Release Chewable Tablets (Updated - Currently in Shortage) http://dlvr.it/QGSQKX",,,,964109814140825600,https://twitter.com/ILEmergencyPrep/status/964109814140825600
2018-02-15 12:11:06,OHEmergencyPrep,,0,0,0,"[FDA Drug Shortages] Methylphenidate Hydrochloride (QUILLICHEW ER) Extended-Release Chewable Tablets (Updated - Currently in Shortage) http://dlvr.it/QGSQKH",,,,964109813817917440,https://twitter.com/OHEmergencyPrep/status/964109813817917440
2018-02-15 12:11:06,KYEmergencyPrep,,0,0,0,"[FDA Drug Shortages] Methylphenidate Hydrochloride (QUILLICHEW ER) Extended-Release Chewable Tablets (Updated - Currently in Shortage) http://dlvr.it/QGSQJp",,,,964109813599711233,https://twitter.com/KYEmergencyPrep/status/964109813599711233
2018-02-15 12:11:06,MAEmergencyPrep,,0,0,0,"[FDA Drug Shortages] Methylphenidate Hydrochloride (QUILLICHEW ER) Extended-Release Chewable Tablets (Updated - Currently in Shortage) http://dlvr.it/QGSQJt",,,,964109813541044225,https://twitter.com/MAEmergencyPrep/status/964109813541044225
2018-02-15 12:11:06,DEEmergencyPrep,,0,0,0,"[FDA Drug Shortages] Methylphenidate Hydrochloride (QUILLICHEW ER) Extended-Release Chewable Tablets (Updated - Currently in Shortage) http://dlvr.it/QGSQJc",,,,964109813411016705,https://twitter.com/DEEmergencyPrep/status/964109813411016705
2018-02-15 12:11:06,TNEmergencyPrep,,0,0,0,"[FDA Drug Shortages] Methylphenidate Hydrochloride (QUILLICHEW ER) Extended-Release Chewable Tablets (Updated - Currently in Shortage) http://dlvr.it/QGSQJZ",,,,964109813268414465,https://twitter.com/TNEmergencyPrep/status/964109813268414465
2018-02-15 12:11:06,OREmergencyPrep,,0,0,0,"[FDA Drug Shortages] Methylphenidate Hydrochloride (QUILLICHEW ER) Extended-Release Chewable Tablets (Updated - Currently in Shortage) http://dlvr.it/QGSQJY",,,,964109813243248640,https://twitter.com/OREmergencyPrep/status/964109813243248640
2018-02-15 12:11:06,DCEmergencyPrep,,0,0,0,"[FDA Drug Shortages] Methylphenidate Hydrochloride (QUILLICHEW ER) Extended-Release Chewable Tablets (Updated - Currently in Shortage) http://dlvr.it/QGSQJJ",,,,964109813239111680,https://twitter.com/DCEmergencyPrep/status/964109813239111680
2018-02-15 12:11:06,NVEmergencyPrep,,0,0,0,"[FDA Drug Shortages] Methylphenidate Hydrochloride (QUILLICHEW ER) Extended-Release Chewable Tablets (Updated - Currently in Shortage) http://dlvr.it/QGSQJd",,,,964109813239005184,https://twitter.com/NVEmergencyPrep/status/964109813239005184
2018-02-15 12:11:06,MNEmergencyPrep,,0,0,0,"[FDA Drug Shortages] Methylphenidate Hydrochloride (QUILLICHEW ER) Extended-Release Chewable Tablets (Updated - Currently in Shortage) http://dlvr.it/QGSQJP",,,,964109812949663744,https://twitter.com/MNEmergencyPrep/status/964109812949663744
2018-02-15 12:11:06,MSEmergencyPrep,,0,0,0,"[FDA Drug Shortages] Methylphenidate Hydrochloride (QUILLICHEW ER) Extended-Release Chewable Tablets (Updated - Currently in Shortage) http://dlvr.it/QGSQJ1",,,,964109812903522304,https://twitter.com/MSEmergencyPrep/status/964109812903522304
2018-02-15 12:11:06,NMEmergencyPrep,,0,0,0,"[FDA Drug Shortages] Methylphenidate Hydrochloride (QUILLICHEW ER) Extended-Release Chewable Tablets (Updated - Currently in Shortage) http://dlvr.it/QGSQH3",,,,964109811838197760,https://twitter.com/NMEmergencyPrep/status/964109811838197760
2018-02-15 12:11:06,RIEmergencyPrep,,0,0,0,"[FDA Drug Shortages] Methylphenidate Hydrochloride (QUILLICHEW ER) Extended-Release Chewable Tablets (Updated - Currently in Shortage) http://dlvr.it/QGSQH8",,,,964109811460669441,https://twitter.com/RIEmergencyPrep/status/964109811460669441
2018-02-15 12:11:05,UTEmergencyPrep,,0,0,0,"[FDA Drug Shortages] Methylphenidate Hydrochloride (QUILLICHEW ER) Extended-Release Chewable Tablets (Updated - Currently in Shortage) http://dlvr.it/QGSQGp",,,,964109810949021697,https://twitter.com/UTEmergencyPrep/status/964109810949021697
2018-02-15 12:11:05,MDEmergencyPrep,,0,0,0,"[FDA Drug Shortages] Methylphenidate Hydrochloride (QUILLICHEW ER) Extended-Release Chewable Tablets (Updated - Currently in Shortage) http://dlvr.it/QGSQGm",,,,964109810781233154,https://twitter.com/MDEmergencyPrep/status/964109810781233154
2018-02-15 12:11:05,MTEmergencyPrep,,0,0,0,"[FDA Drug Shortages] Methylphenidate Hydrochloride (QUILLICHEW ER) Extended-Release Chewable Tablets (Updated - Currently in Shortage) http://dlvr.it/QGSQGl",,,,964109810760278016,https://twitter.com/MTEmergencyPrep/status/964109810760278016
2018-02-15 12:11:05,AKEmergencyPrep,,0,0,0,"[FDA Drug Shortages] Methylphenidate Hydrochloride (QUILLICHEW ER) Extended-Release Chewable Tablets (Updated - Currently in Shortage) http://dlvr.it/QGSQGh",,,,964109810647015426,https://twitter.com/AKEmergencyPrep/status/964109810647015426
2018-02-15 12:11:05,IDEmergencyPrep,,0,0,0,"[FDA Drug Shortages] Methylphenidate Hydrochloride (QUILLICHEW ER) Extended-Release Chewable Tablets (Updated - Currently in Shortage) http://dlvr.it/QGSQGd",,,,964109810613420032,https://twitter.com/IDEmergencyPrep/status/964109810613420032
2018-02-15 12:11:05,NCEmergencyPrep,,0,0,0,"[FDA Drug Shortages] Methylphenidate Hydrochloride (QUILLICHEW ER) Extended-Release Chewable Tablets (Updated - Currently in Shortage) http://dlvr.it/QGSQGc",,,,964109810592448512,https://twitter.com/NCEmergencyPrep/status/964109810592448512
2018-02-15 12:11:05,MOEmergencyPrep,,0,0,0,"[FDA Drug Shortages] Methylphenidate Hydrochloride (QUILLICHEW ER) Extended-Release Chewable Tablets (Updated - Currently in Shortage) http://dlvr.it/QGSQGg",,,,964109810533744640,https://twitter.com/MOEmergencyPrep/status/964109810533744640
2018-02-15 12:11:05,VTEmergencyPrep,,0,0,0,"[FDA Drug Shortages] Methylphenidate Hydrochloride (QUILLICHEW ER) Extended-Release Chewable Tablets (Updated - Currently in Shortage) http://dlvr.it/QGSQGW",,,,964109810521133056,https://twitter.com/VTEmergencyPrep/status/964109810521133056
2018-02-15 12:11:05,GAEmergencyPrep,,0,0,0,"[FDA Drug Shortages] Methylphenidate Hydrochloride (QUILLICHEW ER) Extended-Release Chewable Tablets (Updated - Currently in Shortage) http://dlvr.it/QGSQGb",,,,964109810512797696,https://twitter.com/GAEmergencyPrep/status/964109810512797696
2018-02-15 12:11:05,LAEmergencyPrep,,0,0,0,"[FDA Drug Shortages] Methylphenidate Hydrochloride (QUILLICHEW ER) Extended-Release Chewable Tablets (Updated - Currently in Shortage) http://dlvr.it/QGSQG8",,,,964109809908776960,https://twitter.com/LAEmergencyPrep/status/964109809908776960
2018-02-15 12:11:05,HealthAlrts,,0,0,0,"Methylphenidate Hydrochloride (QUILLICHEW ER) Extended-Release Chewable Tablets (Updated - Currently in Shortage) http://dlvr.it/QGSQG6 #FDA",,,#FDA,964109809908772864,https://twitter.com/HealthAlrts/status/964109809908772864
2018-02-08 23:00:22,PsychiatryAdv,,1,0,0,"Due to a manufacturing delay, there is a shortage of ADHD meds Quillivant XR and Quillichew ER, according to the @US_FDA.",,@US_FDA,,961736490811318272,https://twitter.com/PsychiatryAdv/status/961736490811318272
2018-02-02 03:50:10,adhdmomma,,0,0,0,"An article about the shortage of Quillivant and Quillichew medications: ",,,,959272707408920576,https://twitter.com/adhdmomma/status/959272707408920576
2018-01-30 03:02:48,adhdrockwall,,0,0,0,"“Two popular ADHD medications, Quillivant XR and QuilliChew ER, are currently in short supply across the United... https://fb.me/HaSPfFbE",,,,958173622639742984,https://twitter.com/adhdrockwall/status/958173622639742984
2018-01-30 03:02:25,adhdrockwall,,0,0,0,"Quillivant and QuilliChew Shortage Disrupts ADHD Treatment Across the U.S. https://fb.me/34vmdfXx8",,,,958173525315129344,https://twitter.com/adhdrockwall/status/958173525315129344
2018-01-29 19:00:19,PsychiatryAdv,,0,0,0,"Due to a manufacturing delay, there is a shortage of ADHD meds Quillivant XR and Quillichew ER, according to the @US_FDA.",,@US_FDA,,958052204144943104,https://twitter.com/PsychiatryAdv/status/958052204144943104
2018-01-29 18:16:25,ADDitudeMag,,0,1,1,"Quillivant and QuilliChew Shortage Disrupts ADHD Treatment Across the U.S. - January 29, 2018 Two popular ADHD medications, Quillivant XR and QuilliChew ER, are currently in short supply across the United States due to a manufacturing issue first iden... ",,,,958041156293681152,https://twitter.com/ADDitudeMag/status/958041156293681152
2018-01-25 13:00:03,ForestLanePedi,,0,0,0,"The ADHD medications Quillivant and Quillichew are currently on backorder due to manufacturing problems. If you... https://fb.me/4bPP3Ftuw",,,,956511987781062658,https://twitter.com/ForestLanePedi/status/956511987781062658
2018-01-23 18:02:14,HaddonfieldPeds,,0,0,0,"Parents of children with ADD/ADHD may have found out that both Quillivant XR and QuilliChew ER are in shortage.... ",,,,955863256454836226,https://twitter.com/HaddonfieldPeds/status/955863256454836226
2018-01-23 17:55:04,TSHP_org,,0,0,1,"ADHD Meds Shortage According to FDA, Quillivant XR and Quillichew ER (methlytphenidate) from Pfizer are in a shortage situation due to manufacturing delays http://ow.ly/EKSN30hXab9",,,,955861456125349888,https://twitter.com/TSHP_org/status/955861456125349888
2018-01-22 19:29:50,GAEmergencyPrep,,0,0,0,"[FDA Drug Shortages] Methylphenidate Hydrochloride (QUILLICHEW ER) Extended-Release Chewable Tablets (New - Currently in Shortage) http://dlvr.it/QCJBtY",,,,955522914295562240,https://twitter.com/GAEmergencyPrep/status/955522914295562240
2018-01-22 19:29:50,VAEmergencyPrep,,0,0,0,"[FDA Drug Shortages] Methylphenidate Hydrochloride (QUILLICHEW ER) Extended-Release Chewable Tablets (New - Currently in Shortage) http://dlvr.it/QCJBtX",,,,955522914027151360,https://twitter.com/VAEmergencyPrep/status/955522914027151360
2018-01-22 19:29:49,WVEmergencyPrep,,0,0,0,"[FDA Drug Shortages] Methylphenidate Hydrochloride (QUILLICHEW ER) Extended-Release Chewable Tablets (New - Currently in Shortage) http://dlvr.it/QCJBtT",,,,955522913137975297,https://twitter.com/WVEmergencyPrep/status/955522913137975297
2018-01-22 19:29:49,MNEmergencyPrep,,0,0,0,"[FDA Drug Shortages] Methylphenidate Hydrochloride (QUILLICHEW ER) Extended-Release Chewable Tablets (New - Currently in Shortage) http://dlvr.it/QCJBtR",,,,955522912626270208,https://twitter.com/MNEmergencyPrep/status/955522912626270208
2018-01-22 19:29:49,NCEmergencyPrep,,0,0,0,"[FDA Drug Shortages] Methylphenidate Hydrochloride (QUILLICHEW ER) Extended-Release Chewable Tablets (New - Currently in Shortage) http://dlvr.it/QCJBtL",,,,955522912127102976,https://twitter.com/NCEmergencyPrep/status/955522912127102976
2018-01-22 19:29:49,SDEmergencyPrep,,0,0,0,"[FDA Drug Shortages] Methylphenidate Hydrochloride (QUILLICHEW ER) Extended-Release Chewable Tablets (New - Currently in Shortage) http://dlvr.it/QCJBtK",,,,955522911565041664,https://twitter.com/SDEmergencyPrep/status/955522911565041664
2018-01-22 19:29:49,ILEmergencyPrep,,0,0,0,"[FDA Drug Shortages] Methylphenidate Hydrochloride (QUILLICHEW ER) Extended-Release Chewable Tablets (New - Currently in Shortage) http://dlvr.it/QCJBtG",,,,955522911275749377,https://twitter.com/ILEmergencyPrep/status/955522911275749377
2018-01-22 19:29:49,KSEmergencyPrep,,0,0,0,"[FDA Drug Shortages] Methylphenidate Hydrochloride (QUILLICHEW ER) Extended-Release Chewable Tablets (New - Currently in Shortage) http://dlvr.it/QCJBtF",,,,955522911162458112,https://twitter.com/KSEmergencyPrep/status/955522911162458112
2018-01-22 19:29:49,TNEmergencyPrep,,0,0,0,"[FDA Drug Shortages] Methylphenidate Hydrochloride (QUILLICHEW ER) Extended-Release Chewable Tablets (New - Currently in Shortage) http://dlvr.it/QCJBtC",,,,955522910961115136,https://twitter.com/TNEmergencyPrep/status/955522910961115136
2018-01-22 19:29:49,HIEmergencyPrep,,0,0,0,"[FDA Drug Shortages] Methylphenidate Hydrochloride (QUILLICHEW ER) Extended-Release Chewable Tablets (New - Currently in Shortage) http://dlvr.it/QCJBt8",,,,955522909874765824,https://twitter.com/HIEmergencyPrep/status/955522909874765824
2018-01-22 19:29:46,HealthAlrts,,0,0,0,"Methylphenidate Hydrochloride (QUILLICHEW ER) Extended-Release Chewable Tablets (New - Currently in Shortage) http://dlvr.it/QCJBsS #FDA",,,#FDA,955522898441072640,https://twitter.com/HealthAlrts/status/955522898441072640
2018-01-22 19:29:46,WYEmergencyPrep,,0,0,0,"[FDA Drug Shortages] Methylphenidate Hydrochloride (QUILLICHEW ER) Extended-Release Chewable Tablets (New - Currently in Shortage) http://dlvr.it/QCJBsQ",,,,955522897249882112,https://twitter.com/WYEmergencyPrep/status/955522897249882112
2018-01-22 19:29:45,AZEmergencyPrep,,0,0,0,"[FDA Drug Shortages] Methylphenidate Hydrochloride (QUILLICHEW ER) Extended-Release Chewable Tablets (New - Currently in Shortage) http://dlvr.it/QCJBsD",,,,955522894787850240,https://twitter.com/AZEmergencyPrep/status/955522894787850240
2018-01-22 19:29:45,VTEmergencyPrep,,0,0,0,"[FDA Drug Shortages] Methylphenidate Hydrochloride (QUILLICHEW ER) Extended-Release Chewable Tablets (New - Currently in Shortage) http://dlvr.it/QCJBs8",,,,955522894192242688,https://twitter.com/VTEmergencyPrep/status/955522894192242688
2018-01-22 19:29:45,CAEmergencyPrep,,0,0,0,"[FDA Drug Shortages] Methylphenidate Hydrochloride (QUILLICHEW ER) Extended-Release Chewable Tablets (New - Currently in Shortage) http://dlvr.it/QCJBs7",,,,955522894087401473,https://twitter.com/CAEmergencyPrep/status/955522894087401473
2018-01-22 19:29:45,MTEmergencyPrep,,0,0,0,"[FDA Drug Shortages] Methylphenidate Hydrochloride (QUILLICHEW ER) Extended-Release Chewable Tablets (New - Currently in Shortage) http://dlvr.it/QCJBs4",,,,955522893441454080,https://twitter.com/MTEmergencyPrep/status/955522893441454080
2018-01-22 19:29:45,OHEmergencyPrep,,0,0,0,"[FDA Drug Shortages] Methylphenidate Hydrochloride (QUILLICHEW ER) Extended-Release Chewable Tablets (New - Currently in Shortage) http://dlvr.it/QCJBs0",,,,955522893101715456,https://twitter.com/OHEmergencyPrep/status/955522893101715456
2018-01-22 19:29:45,MOEmergencyPrep,,0,0,0,"[FDA Drug Shortages] Methylphenidate Hydrochloride (QUILLICHEW ER) Extended-Release Chewable Tablets (New - Currently in Shortage) http://dlvr.it/QCJBrz",,,,955522892933943296,https://twitter.com/MOEmergencyPrep/status/955522892933943296
2018-01-22 19:29:45,MSEmergencyPrep,,0,0,0,"[FDA Drug Shortages] Methylphenidate Hydrochloride (QUILLICHEW ER) Extended-Release Chewable Tablets (New - Currently in Shortage) http://dlvr.it/QCJBrx",,,,955522892862603264,https://twitter.com/MSEmergencyPrep/status/955522892862603264
2018-01-22 19:29:44,NDEmergencyPrep,,0,0,0,"[FDA Drug Shortages] Methylphenidate Hydrochloride (QUILLICHEW ER) Extended-Release Chewable Tablets (New - Currently in Shortage) http://dlvr.it/QCJBrw",,,,955522892330024960,https://twitter.com/NDEmergencyPrep/status/955522892330024960
2018-01-22 19:29:44,NJEmergencyPrep,,0,0,0,"[FDA Drug Shortages] Methylphenidate Hydrochloride (QUILLICHEW ER) Extended-Release Chewable Tablets (New - Currently in Shortage) http://dlvr.it/QCJBrt",,,,955522892099346432,https://twitter.com/NJEmergencyPrep/status/955522892099346432
2018-01-22 19:29:44,NMEmergencyPrep,,0,0,0,"[FDA Drug Shortages] Methylphenidate Hydrochloride (QUILLICHEW ER) Extended-Release Chewable Tablets (New - Currently in Shortage) http://dlvr.it/QCJBrs",,,,955522892019548161,https://twitter.com/NMEmergencyPrep/status/955522892019548161
2018-01-22 19:29:44,NVEmergencyPrep,,0,0,0,"[FDA Drug Shortages] Methylphenidate Hydrochloride (QUILLICHEW ER) Extended-Release Chewable Tablets (New - Currently in Shortage) http://dlvr.it/QCJBrr",,,,955522891998666752,https://twitter.com/NVEmergencyPrep/status/955522891998666752
2018-01-22 19:29:44,PAEmergencyPrep,,0,0,0,"[FDA Drug Shortages] Methylphenidate Hydrochloride (QUILLICHEW ER) Extended-Release Chewable Tablets (New - Currently in Shortage) http://dlvr.it/QCJBrp",,,,955522891721818112,https://twitter.com/PAEmergencyPrep/status/955522891721818112
2018-01-22 19:29:44,UTEmergencyPrep,,0,0,0,"[FDA Drug Shortages] Methylphenidate Hydrochloride (QUILLICHEW ER) Extended-Release Chewable Tablets (New - Currently in Shortage) http://dlvr.it/QCJBrk",,,,955522891210153984,https://twitter.com/UTEmergencyPrep/status/955522891210153984
2018-01-22 19:29:44,RIEmergencyPrep,,0,0,0,"[FDA Drug Shortages] Methylphenidate Hydrochloride (QUILLICHEW ER) Extended-Release Chewable Tablets (New - Currently in Shortage) http://dlvr.it/QCJBrd",,,,955522890350321664,https://twitter.com/RIEmergencyPrep/status/955522890350321664
2018-01-22 19:29:44,TXEmergencyPrep,,0,0,0,"[FDA Drug Shortages] Methylphenidate Hydrochloride (QUILLICHEW ER) Extended-Release Chewable Tablets (New - Currently in Shortage) http://dlvr.it/QCJBrc",,,,955522889939271680,https://twitter.com/TXEmergencyPrep/status/955522889939271680
2018-01-22 19:29:44,AREmergencyPrep,,0,0,0,"[FDA Drug Shortages] Methylphenidate Hydrochloride (QUILLICHEW ER) Extended-Release Chewable Tablets (New - Currently in Shortage) http://dlvr.it/QCJBrW",,,,955522889356230656,https://twitter.com/AREmergencyPrep/status/955522889356230656
2018-01-22 19:29:43,IDEmergencyPrep,,0,0,0,"[FDA Drug Shortages] Methylphenidate Hydrochloride (QUILLICHEW ER) Extended-Release Chewable Tablets (New - Currently in Shortage) http://dlvr.it/QCJBrS",,,,955522888244711424,https://twitter.com/IDEmergencyPrep/status/955522888244711424
2018-01-22 19:29:42,OKEmergencyPrep,,0,0,0,"[FDA Drug Shortages] Methylphenidate Hydrochloride (QUILLICHEW ER) Extended-Release Chewable Tablets (New - Currently in Shortage) http://dlvr.it/QCJBrG",,,,955522883761070080,https://twitter.com/OKEmergencyPrep/status/955522883761070080
2018-01-22 19:29:42,ALEmergencyPrep,,0,0,0,"[FDA Drug Shortages] Methylphenidate Hydrochloride (QUILLICHEW ER) Extended-Release Chewable Tablets (New - Currently in Shortage) http://dlvr.it/QCJBr7",,,,955522882964152320,https://twitter.com/ALEmergencyPrep/status/955522882964152320
2018-01-22 19:29:42,KYEmergencyPrep,,0,0,0,"[FDA Drug Shortages] Methylphenidate Hydrochloride (QUILLICHEW ER) Extended-Release Chewable Tablets (New - Currently in Shortage) http://dlvr.it/QCJBr4",,,,955522882028765184,https://twitter.com/KYEmergencyPrep/status/955522882028765184
2018-01-22 19:29:42,AKEmergencyPrep,,0,0,0,"[FDA Drug Shortages] Methylphenidate Hydrochloride (QUILLICHEW ER) Extended-Release Chewable Tablets (New - Currently in Shortage) http://dlvr.it/QCJBr2",,,,955522881789640704,https://twitter.com/AKEmergencyPrep/status/955522881789640704
2018-01-22 19:29:42,NHEmergencyPrep,,0,0,0,"[FDA Drug Shortages] Methylphenidate Hydrochloride (QUILLICHEW ER) Extended-Release Chewable Tablets (New - Currently in Shortage) http://dlvr.it/QCJBqv",,,,955522880921518080,https://twitter.com/NHEmergencyPrep/status/955522880921518080
2018-01-22 19:29:41,DEEmergencyPrep,,0,0,0,"[FDA Drug Shortages] Methylphenidate Hydrochloride (QUILLICHEW ER) Extended-Release Chewable Tablets (New - Currently in Shortage) http://dlvr.it/QCJBqm",,,,955522879721947136,https://twitter.com/DEEmergencyPrep/status/955522879721947136
2018-01-22 19:29:41,INEmergencyPrep,,0,0,0,"[FDA Drug Shortages] Methylphenidate Hydrochloride (QUILLICHEW ER) Extended-Release Chewable Tablets (New - Currently in Shortage) http://dlvr.it/QCJBqk",,,,955522879562514432,https://twitter.com/INEmergencyPrep/status/955522879562514432
2018-01-22 19:29:41,LAEmergencyPrep,,0,0,0,"[FDA Drug Shortages] Methylphenidate Hydrochloride (QUILLICHEW ER) Extended-Release Chewable Tablets (New - Currently in Shortage) http://dlvr.it/QCJBqh",,,,955522878723604480,https://twitter.com/LAEmergencyPrep/status/955522878723604480
2018-01-22 19:29:40,WAEmergencyPrep,,0,0,0,"[FDA Drug Shortages] Methylphenidate Hydrochloride (QUILLICHEW ER) Extended-Release Chewable Tablets (New - Currently in Shortage) http://dlvr.it/QCJBqV",,,,955522875393433600,https://twitter.com/WAEmergencyPrep/status/955522875393433600
2018-01-22 19:29:40,DCEmergencyPrep,,0,0,0,"[FDA Drug Shortages] Methylphenidate Hydrochloride (QUILLICHEW ER) Extended-Release Chewable Tablets (New - Currently in Shortage) http://dlvr.it/QCJBqQ",,,,955522874479034368,https://twitter.com/DCEmergencyPrep/status/955522874479034368
2018-01-22 19:29:40,MDEmergencyPrep,,0,0,0,"[FDA Drug Shortages] Methylphenidate Hydrochloride (QUILLICHEW ER) Extended-Release Chewable Tablets (New - Currently in Shortage) http://dlvr.it/QCJBqP",,,,955522874420285441,https://twitter.com/MDEmergencyPrep/status/955522874420285441
2018-01-22 19:29:40,FLEmergencyPrep,,0,0,0,"[FDA Drug Shortages] Methylphenidate Hydrochloride (QUILLICHEW ER) Extended-Release Chewable Tablets (New - Currently in Shortage) http://dlvr.it/QCJBqH",,,,955522873220739072,https://twitter.com/FLEmergencyPrep/status/955522873220739072
2018-01-22 19:29:40,OREmergencyPrep,,0,0,0,"[FDA Drug Shortages] Methylphenidate Hydrochloride (QUILLICHEW ER) Extended-Release Chewable Tablets (New - Currently in Shortage) http://dlvr.it/QCJBqF",,,,955522872646119429,https://twitter.com/OREmergencyPrep/status/955522872646119429
2018-01-22 19:29:38,WIEmergencyPrep,,0,0,0,"[FDA Drug Shortages] Methylphenidate Hydrochloride (QUILLICHEW ER) Extended-Release Chewable Tablets (New - Currently in Shortage) http://dlvr.it/QCJBpq",,,,955522866610450432,https://twitter.com/WIEmergencyPrep/status/955522866610450432
2018-01-22 19:29:38,MAEmergencyPrep,,0,0,0,"[FDA Drug Shortages] Methylphenidate Hydrochloride (QUILLICHEW ER) Extended-Release Chewable Tablets (New - Currently in Shortage) http://dlvr.it/QCJBpn",,,,955522866266521600,https://twitter.com/MAEmergencyPrep/status/955522866266521600
2018-01-22 19:03:26,g_orl,,0,0,0,"Methylphenidate Hydrochloride (QUILLICHEW ER) Extended-Release Chewable Tablets (New – Currently in Shortage) https://cancersfakianakis.wordpress.com/2018/01/22/methylphenidate-hydrochloride-quillichew-er-extended-release-chewable-tablets-new-currently-in-shortage/",,,,955516271801626625,https://twitter.com/g_orl/status/955516271801626625
2018-01-07 15:14:48,tighegur,,0,0,3,"And they apparently can’t make enough Quillivant and Quillichew to end this several-month-long backorder. I can’t tell you how many pharmacies I’ve called trying to find it for patients. Get your shit together Pfizer. https://twitter.com/sannewman/status/950001982730842113",,,,950022914514014208,https://twitter.com/tighegur/status/950022914514014208
2017-12-23 13:58:08,BioCalifornia,,0,1,0,"New patent for Pfizer Inc drug QUILLICHEW ER http://bit.ly/2BUHW2V",,,,944567804711157761,https://twitter.com/BioCalifornia/status/944567804711157761
2017-12-23 13:01:20,DrugPatentWatch,,0,0,1,"New patent for Pfizer Inc drug QUILLICHEW ER https://www.drugpatentwatch.com/blog/new-patent-for-pfizer-inc-drug-quillichew-er-2/",,,,944553512314302464,https://twitter.com/DrugPatentWatch/status/944553512314302464
2017-11-07 05:17:34,amplia2mente,,0,0,0,"Quillichew ER (Methylphenidate Hydrochloride Extended-release Chewable Tablets) - updated on RxList http://ift.tt/2n8D6rb",,,,927766957134434304,https://twitter.com/amplia2mente/status/927766957134434304
2017-08-18 15:37:46,WendelaDeWit,realDonaldTrump,0,0,0,"Trump: Hope you listen, focus, learn, understand. Have you tried Quillichew ER tablets? Adderall? Ritalin?",,,,898569618771464192,https://twitter.com/WendelaDeWit/status/898569618771464192
2017-05-16 21:34:25,michell3576,,0,0,0,"Has anyone taken Quillichew Er for ADD or ADHD? If so how is it working for you?",,,,864594912897060866,https://twitter.com/michell3576/status/864594912897060866
2017-04-22 17:19:13,MHemphillMD,,1,0,1,"Sesion on new drugs: ""QuilliChew ER"" extended release methylphenidate. How much more like candy can they make it sound? #OAFP2017",,,#OAFP2017,855833380402941952,https://twitter.com/MHemphillMD/status/855833380402941952
2017-03-27 04:11:04,ProSynapses,,0,0,0,"Quillichew ER (Methylphenidate Hydrochloride Extended-release Chewable Tablets): Side Effects, Interactions,… http://dlvr.it/NkVh27",,,,846212952785006593,https://twitter.com/ProSynapses/status/846212952785006593
2017-03-09 05:13:13,amplia2mente,,0,0,0,"Quillichew ER (Methylphenidate Hydrochloride Extended-release Chewable Tablets) - updated on RxList http://ift.tt/2n8D6rb",,,,839705610199437312,https://twitter.com/amplia2mente/status/839705610199437312
2016-11-30 16:02:32,weegiegeek,tkingdot,0,0,0,"Especially those last two. Quillivant is clearly QuilliChew's evolution.",,,,803992616975081472,https://twitter.com/weegiegeek/status/803992616975081472
2016-11-01 04:43:14,4rxcard,,0,0,0,"Quillichew ER (Methylphenidate Hydrochloride Extended-release Chewable Tablets) - updated on RxList http://dlvr.it/MZ6NnD",,,,793312420017995776,https://twitter.com/4rxcard/status/793312420017995776
2016-08-04 20:51:12,augustoperez04,,0,0,0,"no pharmacy has Quillichew available ",,,,761303495026806786,https://twitter.com/augustoperez04/status/761303495026806786
2016-05-20 13:00:10,MedicalLetter,,0,0,1,"QuilliChew ER - Extended-Release Chewable Methylphenidate Tablets http://bit.ly/1OAjthO #ADHD",,,#ADHD,733643480313040897,https://twitter.com/MedicalLetter/status/733643480313040897
2016-04-22 22:55:34,h_c_services,,0,0,0,"#GoodRx New Quillichew ER is the first chewable option for ADHD. Read Blog: http://owler.us/abc5pJ",,,#GoodRx,723646456188440576,https://twitter.com/h_c_services/status/723646456188440576
2016-04-22 11:30:12,TheGetRidOfCrew,,0,0,0,"New Quillichew ER is the first chewable option for ADHD http://www.goodrx.com/blog/new-quillichew-er-is-the-first-chewable-option-for-adhd/",,,,723473979537674240,https://twitter.com/TheGetRidOfCrew/status/723473979537674240
2016-04-22 11:07:11,GoodRx,,0,0,2,"New Quillichew ER offers a new way to take your ADHD medication http://www.goodrx.com/blog/new-quillichew-er-is-the-first-chewable-option-for-adhd/",,,,723468185895362560,https://twitter.com/GoodRx/status/723468185895362560
2016-04-09 16:30:02,DrugPatentWatch,,0,0,0,"New patent for #Pfizer Inc #drug QUILLICHEW ER http://bit.ly/1VeWDDx via @DrugPatentWatch #pharma",,@DrugPatentWatch,#Pfizer #drug #pharma,718838389198483456,https://twitter.com/DrugPatentWatch/status/718838389198483456
2016-01-26 02:17:22,ComplexPharm,,0,0,0,"Pfizer Receives FDA Approval for QuilliChew ER (methylphenidate hydrochloride) Extended-Release Chewable Tablets http://bit.ly/1NCoj0O #…",,,,691807107805483009,https://twitter.com/ComplexPharm/status/691807107805483009
2016-01-06 23:10:02,GrowingChildPed,,0,0,0,"FDA Clears Chewable Methylphenidate (QuilliChew) for ADHD &gt;&gt; http://vrl.ht/770E0",,,,684874593308286976,https://twitter.com/GrowingChildPed/status/684874593308286976
2015-12-25 23:20:52,addboymike,,0,0,0,"QuilliChew ER, Chewable ADHD Med., FDA Approved http://goo.gl/alerts/og01 #GoogleAlerts Addboy Blog &amp; eBooks - http://addsolutionscenter.blogspot.com/",,,#GoogleAlerts,680528668884627458,https://twitter.com/addboymike/status/680528668884627458
2015-12-25 14:30:33,pharma_next,,0,0,0," Pharma News Updates Pfizer got U.S. FDA Approval of New QuilliChew ER™ extended-release chewable tablets CII ",,,,680395207699869697,https://twitter.com/pharma_next/status/680395207699869697
2015-12-18 16:14:47,justfoodtweets,,0,0,0,"#aspartame- QuilliChew ER, New Chewable ADHD Medication, Approved by the FDA - ADDitude (bl... http://bit.ly/1lWN2CE - - - -#aminosweet",,,#aspartame #aminosweet,677884725009113089,https://twitter.com/justfoodtweets/status/677884725009113089
2015-12-17 13:59:49,arturotozzi,,0,3,1,"FDA clears chewable methylphenidate (QuilliChew) for #ADHD http://wb.md/1QdI1SK"" #neurology",,,#ADHD #neurology,677488372194111488,https://twitter.com/arturotozzi/status/677488372194111488
2015-12-15 23:30:27,LendingUmbrella,,0,0,0,"FDA Clears Chewable Methylphenidate (QuilliChew) for ADHD http://ln.is/login.medscape.com/l/iDSBd",,,,676907199604645893,https://twitter.com/LendingUmbrella/status/676907199604645893
2015-12-14 17:32:57,DrAsaMarokus,,0,0,1,"FDA Clears Chewable Methylphenidate (QuilliChew) for ADHD http://www.medscape.com/viewarticle/855572?src=sttwit",,,,676454844853456896,https://twitter.com/DrAsaMarokus/status/676454844853456896
2015-12-14 14:42:31,jameslarossa,,0,0,0,"@Medscape .. FDA CLEARS CHEWABLE METHYLPHENIDATE (QUILLICHEW) FOR ADHD..http://medworksmedia.com/fda-clears-chewable-methylphenidate-quillichew-for-adhd/",,@Medscape,,676411954810896384,https://twitter.com/jameslarossa/status/676411954810896384
2015-12-14 12:01:15,Lulapharmacy,,0,0,0,"Pfizer today announced that the U.S. Food and Drug Administration (FDA) has approved QuilliChew ER chewable tablets. http://fb.me/6PBeHDuRl",,,,676371370243002368,https://twitter.com/Lulapharmacy/status/676371370243002368
2015-12-13 21:16:16,SeenaPharmacy,,0,0,0,"Pfizer today announced that the U.S. Food and Drug Administration (FDA) has approved QuilliChew ER chewable tablets. http://fb.me/7J2waIZ87",,,,676148656098164737,https://twitter.com/SeenaPharmacy/status/676148656098164737
2015-12-13 21:16:15,SaveMoreDrugsRX,,0,0,0,"Pfizer today announced that the U.S. Food and Drug Administration (FDA) has approved QuilliChew ER chewable tablets. http://fb.me/4FOfqP32T",,,,676148652197326848,https://twitter.com/SaveMoreDrugsRX/status/676148652197326848
2015-12-13 21:16:15,LittleDrugPharm,,0,0,1,"Pfizer today announced that the U.S. Food and Drug Administration (FDA) has approved QuilliChew ER chewable tablets. http://fb.me/7HGGltHSI",,,,676148652046467073,https://twitter.com/LittleDrugPharm/status/676148652046467073
2015-12-13 21:16:11,GraftonDrug,,0,0,0,"Pfizer today announced that the U.S. Food and Drug Administration (FDA) has approved QuilliChew ER chewable tablets. ",,,,676148636007407617,https://twitter.com/GraftonDrug/status/676148636007407617
2015-12-13 21:16:10,eldondrug,,0,0,0,"Pfizer today announced that the U.S. Food and Drug Administration (FDA) has approved QuilliChew ER chewable tablets. http://fb.me/2murscCgp",,,,676148631725056002,https://twitter.com/eldondrug/status/676148631725056002
2015-12-13 21:16:10,SangoPharmacy,,0,0,0,"Pfizer today announced that the U.S. Food and Drug Administration (FDA) has approved QuilliChew ER chewable tablets. http://fb.me/vrcOitz9",,,,676148629237841920,https://twitter.com/SangoPharmacy/status/676148629237841920
2015-12-13 21:16:10,magnoliarx,,0,0,0,"Pfizer today announced that the U.S. Food and Drug Administration (FDA) has approved QuilliChew ER chewable tablets. http://fb.me/yr6TQcRo",,,,676148628835180544,https://twitter.com/magnoliarx/status/676148628835180544
2015-12-13 21:16:09,MountIPharmacy,,0,0,0,"Pfizer today announced that the U.S. Food and Drug Administration (FDA) has approved QuilliChew ER chewable tablets. http://fb.me/7305v5XpW",,,,676148625613971456,https://twitter.com/MountIPharmacy/status/676148625613971456
2015-12-13 21:01:18,ValleyDrug,,0,0,0,"Pfizer today announced that the U.S. Food and Drug Administration (FDA) has approved QuilliChew ER chewable tablets. http://fb.me/48Ka8eo60",,,,676144890527526912,https://twitter.com/ValleyDrug/status/676144890527526912
2015-12-13 21:01:12,BVDrug,,0,0,0,"Pfizer today announced that the U.S. Food and Drug Administration (FDA) has approved QuilliChew ER chewable tablets. http://fb.me/4m8C6wcZo",,,,676144866133438465,https://twitter.com/BVDrug/status/676144866133438465
2015-12-13 21:01:10,VVPharmacy,,0,0,0,"Pfizer today announced that the U.S. Food and Drug Administration (FDA) has approved QuilliChew ER chewable tablets. http://fb.me/3AS4Uw6S8",,,,676144856604016640,https://twitter.com/VVPharmacy/status/676144856604016640
2015-12-13 21:01:08,MtViewPharmacy,,0,0,0,"Pfizer today announced that the U.S. Food and Drug Administration (FDA) has approved QuilliChew ER chewable tablets. http://fb.me/57LzqxHv0",,,,676144848475394048,https://twitter.com/MtViewPharmacy/status/676144848475394048
2015-12-13 21:01:08,RRPharmacy1,,0,0,0,"Pfizer today announced that the U.S. Food and Drug Administration (FDA) has approved QuilliChew ER chewable tablets. http://fb.me/7zJOk7rpY",,,,676144847649157120,https://twitter.com/RRPharmacy1/status/676144847649157120
2015-12-13 16:06:34,bruceweide,,0,0,0,"Pfizer Receives U.S. FDA Approval of New QuilliChew ER™ (methylphenidate hydrochloride)... http://fb.me/4fKZkO0Pr",,,,676070719378333696,https://twitter.com/bruceweide/status/676070719378333696
2015-12-13 09:14:22,frotheggwhite,,0,0,0,"“Pfizer Receives U.S. FDA Approval of New QuilliChew ER™ (methylphenidate hydrochloride) extended-release chewable…” http://htn.to/G3efqTxFjN",,,,675966984476090368,https://twitter.com/frotheggwhite/status/675966984476090368
2015-12-13 06:58:51,LendingUmbrella,,0,0,0,"FDA Clears Chewable Methylphenidate (QuilliChew) for ADHD http://ln.is/login.medscape.com/l/kHuw3",,,,675932882066669568,https://twitter.com/LendingUmbrella/status/675932882066669568
2015-12-13 04:15:12,HealioAdolMed,,0,0,0,"#FDA approves QuilliChew ER for pediatric #ADHD: http://goo.gl/jUpzIY",,,#FDA #ADHD,675891697474273280,https://twitter.com/HealioAdolMed/status/675891697474273280
2015-12-13 04:15:12,IDinChildren,,0,0,0,"#FDA approves QuilliChew ER for pediatric #ADHD: http://goo.gl/jUpzIY",,,#FDA #ADHD,675891697059045378,https://twitter.com/IDinChildren/status/675891697059045378
2015-12-12 21:31:07,RivergatePharm,,0,0,0,"Pfizer today announced that the U.S. Food and Drug Administration (FDA) has approved QuilliChew ER chewable tablets. http://fb.me/6XnqZGPps",,,,675790006326308864,https://twitter.com/RivergatePharm/status/675790006326308864
2015-12-12 19:01:10,RuweRx,,0,0,0,"Pfizer today announced that the U.S. Food and Drug Administration (FDA) has approved QuilliChew ER chewable tablets. http://fb.me/7HhCasJKD",,,,675752267132362753,https://twitter.com/RuweRx/status/675752267132362753
2015-12-12 19:01:09,NorlandPharmacy,,0,0,0,"Pfizer today announced that the U.S. Food and Drug Administration (FDA) has approved QuilliChew ER chewable tablets. http://fb.me/7T1D3zFTa",,,,675752264137637888,https://twitter.com/NorlandPharmacy/status/675752264137637888
2015-12-12 19:01:08,tsmgRX,,0,0,0,"Pfizer today announced that the U.S. Food and Drug Administration (FDA) has approved QuilliChew ER chewable tablets. http://fb.me/2oxzbKWFt",,,,675752262136893440,https://twitter.com/tsmgRX/status/675752262136893440
2015-12-12 19:01:08,UpharmDetroit,,0,0,0,"Pfizer today announced that the U.S. Food and Drug Administration (FDA) has approved QuilliChew ER chewable tablets. http://fb.me/4op8O3q3S",,,,675752262048866304,https://twitter.com/UpharmDetroit/status/675752262048866304
2015-12-12 19:01:08,ChapmanRx,,0,0,0,"Pfizer today announced that the U.S. Food and Drug Administration (FDA) has approved QuilliChew ER chewable tablets. http://fb.me/7BnAiCHgZ",,,,675752261268688896,https://twitter.com/ChapmanRx/status/675752261268688896
2015-12-12 19:01:08,fcpharmacy,,0,0,0,"Pfizer today announced that the U.S. Food and Drug Administration (FDA) has approved QuilliChew ER chewable tablets. http://fb.me/48QpZsLQm",,,,675752261243568129,https://twitter.com/fcpharmacy/status/675752261243568129
2015-12-12 19:01:08,TWCPharmacy,,0,0,0,"Pfizer today announced that the U.S. Food and Drug Administration (FDA) has approved QuilliChew ER chewable tablets. http://fb.me/4xQAld3m8",,,,675752259968507904,https://twitter.com/TWCPharmacy/status/675752259968507904
2015-12-12 19:01:08,IndependentDrug,,0,0,0,"Pfizer today announced that the U.S. Food and Drug Administration (FDA) has approved QuilliChew ER chewable tablets. http://fb.me/7CGUjPjhw",,,,675752259595198464,https://twitter.com/IndependentDrug/status/675752259595198464
2015-12-12 18:21:19,TallaTrialogue,,0,2,0,"Unbelievable !!! The FDA approved Pfizer's “QuilliChew ER” chewable methylphenidate for #ADHD in children as... http://fb.me/sFtQ8LNv",,,#ADHD,675742242523373568,https://twitter.com/TallaTrialogue/status/675742242523373568
2015-12-12 18:01:38,GrantCountyDrug,,0,0,0,"Pfizer today announced that the U.S. Food and Drug Administration (FDA) has approved QuilliChew ER chewable tablets. http://fb.me/79eCKXHMv",,,,675737286672293888,https://twitter.com/GrantCountyDrug/status/675737286672293888
2015-12-12 18:01:37,hpprxnc,,0,0,0,"Pfizer today announced that the U.S. Food and Drug Administration (FDA) has approved QuilliChew ER chewable tablets. http://fb.me/4aWEafKHu",,,,675737284621266944,https://twitter.com/hpprxnc/status/675737284621266944
2015-12-12 17:31:07,JoekerRPh,,0,0,0,"Pfizer today announced that the U.S. Food and Drug Administration (FDA) has approved QuilliChew ER chewable tablets. ",,,,675729609393053696,https://twitter.com/JoekerRPh/status/675729609393053696
2015-12-12 17:31:07,FCRXMarion,,0,0,0,"Pfizer today announced that the U.S. Food and Drug Administration (FDA) has approved QuilliChew ER chewable tablets. http://fb.me/3IBxYzzgF",,,,675729609263087619,https://twitter.com/FCRXMarion/status/675729609263087619
2015-12-12 17:31:07,DevinesPharmacy,,0,0,0,"Pfizer today announced that the U.S. Food and Drug Administration (FDA) has approved QuilliChew ER chewable tablets. http://fb.me/2THHe6H6V",,,,675729608910704641,https://twitter.com/DevinesPharmacy/status/675729608910704641
2015-12-12 17:31:07,FciaLaAurora,,0,0,0,"Pfizer today announced that the U.S. Food and Drug Administration (FDA) has approved QuilliChew ER chewable tablets. http://fb.me/4wx2ZGzbI",,,,675729607790850048,https://twitter.com/FciaLaAurora/status/675729607790850048
2015-12-12 17:16:05,GreenwoodRx,,0,0,0,"Pfizer today announced that the U.S. Food and Drug Administration (FDA) has approved QuilliChew ER chewable tablets. http://fb.me/2dzrmNtjW",,,,675725825682092032,https://twitter.com/GreenwoodRx/status/675725825682092032
2015-12-12 17:15:37,cobbsrx,,0,0,0,"Pfizer today announced that the U.S. Food and Drug Administration (FDA) has approved QuilliChew ER chewable tablets. http://fb.me/4mWxejRao",,,,675725708723900416,https://twitter.com/cobbsrx/status/675725708723900416
2015-12-12 17:05:25,Mad_In_America,,2,6,3,"The FDA approved Pfizer's “QuilliChew ER” chewable methylphenidate for #ADHD in children as young as six.",,,#ADHD,675723139360362496,https://twitter.com/Mad_In_America/status/675723139360362496
2015-12-12 16:46:07,Woodsprings,,0,0,0,"Pfizer today announced that the U.S. Food and Drug Administration (FDA) has approved QuilliChew ER chewable tablets. http://fb.me/5zj4Znnfs",,,,675718283543334912,https://twitter.com/Woodsprings/status/675718283543334912
2015-12-12 15:46:07,GThrifty,,0,0,0,"Pfizer today announced that the U.S. Food and Drug Administration (FDA) has approved QuilliChew ER chewable tablets. http://fb.me/VlgvT22b",,,,675703183545643011,https://twitter.com/GThrifty/status/675703183545643011
2015-12-12 15:00:41,MedicineToGo,,0,0,0,"Pfizer today announced that the U.S. Food and Drug Administration (FDA) has approved QuilliChew ER chewable tablets. http://fb.me/1ZXOxlzPv",,,,675691748908269569,https://twitter.com/MedicineToGo/status/675691748908269569
2015-12-12 15:00:39,MPSofWNY,,0,0,0,"Pfizer today announced that the U.S. Food and Drug Administration (FDA) has approved QuilliChew ER chewable tablets. http://fb.me/48YR5WMmG",,,,675691740674813952,https://twitter.com/MPSofWNY/status/675691740674813952
2015-12-12 15:00:38,TjoliRPh,,0,0,0,"Pfizer today announced that the U.S. Food and Drug Administration (FDA) has approved QuilliChew ER chewable tablets. http://fb.me/6UZIVjyPo",,,,675691737218752512,https://twitter.com/TjoliRPh/status/675691737218752512
2015-12-12 15:00:37,marcroms,,0,0,0,"Pfizer today announced that the U.S. Food and Drug Administration (FDA) has approved QuilliChew ER chewable tablets. http://fb.me/83kEKpNJ8",,,,675691734635028480,https://twitter.com/marcroms/status/675691734635028480
2015-12-12 15:00:37,medfastpharmacy,,0,0,0,"Pfizer today announced that the U.S. Food and Drug Administration (FDA) has approved QuilliChew ER chewable tablets. http://fb.me/4S7eHqBkx",,,,675691732735025154,https://twitter.com/medfastpharmacy/status/675691732735025154
2015-12-12 15:00:37,HopkintonDrug,,0,0,0,"Pfizer today announced that the U.S. Food and Drug Administration (FDA) has approved QuilliChew ER chewable tablets. http://fb.me/5Ikrn4RSE",,,,675691732319797248,https://twitter.com/HopkintonDrug/status/675691732319797248
2015-12-12 15:00:37,MedicineMartLex,,0,0,0,"Pfizer today announced that the U.S. Food and Drug Administration (FDA) has approved QuilliChew ER chewable tablets. http://fb.me/7HXFQinJ7",,,,675691731451531264,https://twitter.com/MedicineMartLex/status/675691731451531264
2015-12-12 13:01:08,PXYhtPharmacy,,0,0,0,"Pfizer today announced that the U.S. Food and Drug Administration (FDA) has approved QuilliChew ER chewable tablets. http://fb.me/6YsdPkqcH",,,,675661663417290752,https://twitter.com/PXYhtPharmacy/status/675661663417290752
2015-12-12 13:01:08,TaylorsDrugS,,0,0,0,"Pfizer today announced that the U.S. Food and Drug Administration (FDA) has approved QuilliChew ER chewable tablets. http://fb.me/3GnWXrvkc",,,,675661661894787072,https://twitter.com/TaylorsDrugS/status/675661661894787072
2015-12-12 10:30:37,Newpointe_RX,,0,0,0,"Pfizer today announced that the U.S. Food and Drug Administration (FDA) has approved QuilliChew ER chewable tablets. http://fb.me/DdRnBzmA",,,,675623784624320512,https://twitter.com/Newpointe_RX/status/675623784624320512
2015-12-12 10:00:37,lintonpharmacy,,0,0,0,"Pfizer today announced that the U.S. Food and Drug Administration (FDA) has approved QuilliChew ER chewable tablets. http://fb.me/70w2cwvsY",,,,675616234260586496,https://twitter.com/lintonpharmacy/status/675616234260586496
2015-12-12 01:31:37,AumRx,,0,0,0,"Pfizer today announced that the U.S. Food and Drug Administration (FDA) has approved QuilliChew ER chewable tablets. http://fb.me/4fCFN5O2z",,,,675488142535876608,https://twitter.com/AumRx/status/675488142535876608
2015-12-12 01:31:37,DavenportPharma,,0,0,0,"Pfizer today announced that the U.S. Food and Drug Administration (FDA) has approved QuilliChew ER chewable tablets. http://fb.me/7CslBY6If",,,,675488141034332160,https://twitter.com/DavenportPharma/status/675488141034332160
2015-12-12 01:31:37,JCRPharmD,,0,0,0,"Pfizer today announced that the U.S. Food and Drug Administration (FDA) has approved QuilliChew ER chewable tablets. http://fb.me/2vSr9dYHY",,,,675488140296134656,https://twitter.com/JCRPharmD/status/675488140296134656
2015-12-12 01:01:33,LaBoticaRx,,0,0,0,"Pfizer today announced that the U.S. Food and Drug Administration (FDA) has approved QuilliChew ER chewable tablets. http://fb.me/4x6vmUoRO",,,,675480575168405504,https://twitter.com/LaBoticaRx/status/675480575168405504
2015-12-12 01:01:07,UptownPharmacy,,0,0,0,"Pfizer today announced that the U.S. Food and Drug Administration (FDA) has approved QuilliChew ER chewable tablets. http://fb.me/3QTdoC0on",,,,675480465063694336,https://twitter.com/UptownPharmacy/status/675480465063694336
2015-12-12 01:01:07,FoxDrugTorrance,,0,0,0,"Pfizer today announced that the U.S. Food and Drug Administration (FDA) has approved QuilliChew ER chewable tablets. http://fb.me/tYoEgcld",,,,675480464912728064,https://twitter.com/FoxDrugTorrance/status/675480464912728064
2015-12-11 20:01:43,openmindscircle,,0,0,0,"FDA Clears Chewable Methylphenidate (QuilliChew) For ADHD - See: http://ow.ly/VLdqN",,,,675405119878402049,https://twitter.com/openmindscircle/status/675405119878402049
2015-12-11 11:00:37,DrAzizRx,,0,0,0,"Pfizer today announced that the U.S. Food and Drug Administration (FDA) has approved QuilliChew ER chewable tablets. http://fb.me/41jYHXxne",,,,675268946010972160,https://twitter.com/DrAzizRx/status/675268946010972160
2015-12-11 11:00:36,GarciaPharmacy,,0,0,0,"Pfizer today announced that the U.S. Food and Drug Administration (FDA) has approved QuilliChew ER chewable tablets. http://fb.me/7ytZcjBaI",,,,675268944471674882,https://twitter.com/GarciaPharmacy/status/675268944471674882
2015-12-11 11:00:36,NewClintonPharm,,0,0,0,"Pfizer today announced that the U.S. Food and Drug Administration (FDA) has approved QuilliChew ER chewable tablets. http://fb.me/WJCqLvly",,,,675268944450732032,https://twitter.com/NewClintonPharm/status/675268944450732032
2015-12-11 11:00:36,AFamilyPharmacy,,0,0,0,"Pfizer today announced that the U.S. Food and Drug Administration (FDA) has approved QuilliChew ER chewable tablets. http://fb.me/2vRBJHckK",,,,675268944282976256,https://twitter.com/AFamilyPharmacy/status/675268944282976256
2015-12-10 14:32:47,phpeducation,,0,2,1,"FDA Clears Chewable Methylphenidate (QuilliChew) for ADHD http://www.medscape.com/viewarticle/855572",,,,674959952667021314,https://twitter.com/phpeducation/status/674959952667021314
2015-12-10 11:31:09,TugValleyP,,0,0,0,"Pfizer today announced that the U.S. Food and Drug Administration (FDA) has approved QuilliChew ER chewable tablets. http://fb.me/TJE4BPV8",,,,674914243783823361,https://twitter.com/TugValleyP/status/674914243783823361
2015-12-10 11:13:34,eledelesteban,,0,0,0,"FDA Clears Chewable Methylphenidate (QuilliChew) for ADHD ",,,,674909816729567232,https://twitter.com/eledelesteban/status/674909816729567232
2015-12-10 01:58:08,IDinChildren,,0,1,0,"FDA approves QuilliChew ER for pediatric ADHD http://goo.gl/jUpzIY",,,,674770038537265153,https://twitter.com/IDinChildren/status/674770038537265153
2015-12-10 00:22:40,TrackingHC,,0,0,0,"Pfizer Receives U.S. FDA Approval of New QuilliChew ER (methylphenidate hydrochloride) extended-release chewable tablets $PFE",,,,674746011659538433,https://twitter.com/TrackingHC/status/674746011659538433
2015-12-09 22:13:38,ADD_ADHD_News,,0,0,0,"FDA approves QuilliChew ER for pediatric ADHD: Pfizer recently announced FDA approval of its QuilliChew ER for... http://bit.ly/1Q0SeC6",,,,674713541731942400,https://twitter.com/ADD_ADHD_News/status/674713541731942400
2015-12-09 21:58:20,GoHealio,,0,0,0,"FDA approves QuilliChew ER for pediatric #ADHD: http://goo.gl/jUpzIY",,,#ADHD,674709691981815809,https://twitter.com/GoHealio/status/674709691981815809
2015-12-09 21:58:20,IDinChildren,,0,2,1,"FDA approves QuilliChew ER for pediatric #ADHD: http://goo.gl/jUpzIY",,,#ADHD,674709690870288384,https://twitter.com/IDinChildren/status/674709690870288384
2015-12-09 20:16:25,jdruginc,,0,0,0,"Pfizer today announced that the U.S. Food and Drug Administration (FDA) has approved QuilliChew ER chewable tablets. http://fb.me/6UErkIO8u",,,,674684042290270208,https://twitter.com/jdruginc/status/674684042290270208
2015-12-09 20:16:21,SaveRiteRx,,0,0,1,"Pfizer today announced that the U.S. Food and Drug Administration (FDA) has approved QuilliChew ER chewable tablets. http://fb.me/4TLnj4VhT",,,,674684028105158656,https://twitter.com/SaveRiteRx/status/674684028105158656
2015-12-09 18:46:37,CrescentPharm,,0,0,0,"Pfizer today announced that the U.S. Food and Drug Administration (FDA) has approved QuilliChew ER chewable tablets. http://fb.me/1VONETiKJ",,,,674661442705035264,https://twitter.com/CrescentPharm/status/674661442705035264
2015-12-09 18:46:36,StilwellPharm,,0,0,0,"Pfizer today announced that the U.S. Food and Drug Administration (FDA) has approved QuilliChew ER chewable tablets. http://fb.me/6PiZ0wHBq",,,,674661440553373698,https://twitter.com/StilwellPharm/status/674661440553373698
2015-12-09 18:46:36,rogersvillerx,,0,0,0,"Pfizer today announced that the U.S. Food and Drug Administration (FDA) has approved QuilliChew ER chewable tablets. http://fb.me/71pjc0Vn7",,,,674661440280764416,https://twitter.com/rogersvillerx/status/674661440280764416
2015-12-09 18:31:40,GarciaPharmacy,,0,0,0,"Pfizer today announced that the U.S. Food and Drug Administration (FDA) has approved QuilliChew ER chewable tablets. http://fb.me/2kkXk2I56",,,,674657683325198336,https://twitter.com/GarciaPharmacy/status/674657683325198336
2015-12-09 18:31:38,schwietermanrx,,0,0,0,"Pfizer today announced that the U.S. Food and Drug Administration (FDA) has approved QuilliChew ER chewable tablets. http://fb.me/6WVOizLbS",,,,674657673468616704,https://twitter.com/schwietermanrx/status/674657673468616704
2015-12-09 18:31:36,HealthRidge,,0,0,0,"Pfizer today announced that the U.S. Food and Drug Administration (FDA) has approved QuilliChew ER chewable tablets. http://fb.me/2ij3kvAbO",,,,674657665172262912,https://twitter.com/HealthRidge/status/674657665172262912
2015-12-09 18:31:36,GranbyPharmacy,,0,0,1,"Pfizer today announced that the U.S. Food and Drug Administration (FDA) has approved QuilliChew ER chewable tablets. http://fb.me/3Xfn46rJM",,,,674657664685776896,https://twitter.com/GranbyPharmacy/status/674657664685776896
2015-12-09 18:29:34,BMCNY1,,0,0,0,"FDA Clears Chewable Methylphenidate (QuilliChew) for ADHD http://www.medscape.com/viewarticle/855572?src=sttwit",,,,674657151391031296,https://twitter.com/BMCNY1/status/674657151391031296
2015-12-09 18:16:41,powerspharmacy,,0,0,0,"Pfizer today announced that the U.S. Food and Drug Administration (FDA) has approved QuilliChew ER chewable tablets. http://fb.me/6WFp80rPI",,,,674653909990965248,https://twitter.com/powerspharmacy/status/674653909990965248
2015-12-09 18:16:40,samshealthmart,,0,0,0,"Pfizer today announced that the U.S. Food and Drug Administration (FDA) has approved QuilliChew ER chewable tablets. http://fb.me/3Cyt185QH",,,,674653906899742720,https://twitter.com/samshealthmart/status/674653906899742720
2015-12-09 17:46:38,Shermanpharm,,0,0,0,"Pfizer today announced that the U.S. Food and Drug Administration (FDA) has approved QuilliChew ER chewable tablets. http://fb.me/4gzqNalVi",,,,674646347337830400,https://twitter.com/Shermanpharm/status/674646347337830400
2015-12-09 17:46:36,MedicineShoppeK,,0,0,0,"Pfizer today announced that the U.S. Food and Drug Administration (FDA) has approved QuilliChew ER chewable tablets. http://fb.me/6PI7TTX9N",,,,674646341428125696,https://twitter.com/MedicineShoppeK/status/674646341428125696
2015-12-09 17:31:07,Eagle_Highland,,0,0,0,"Pfizer today announced that the U.S. Food and Drug Administration (FDA) has approved QuilliChew ER chewable tablets. http://fb.me/7DgCtS3fn",,,,674642445397680128,https://twitter.com/Eagle_Highland/status/674642445397680128
2015-12-09 17:31:07,Phillipsrx,,0,0,0,"Pfizer today announced that the U.S. Food and Drug Administration (FDA) has approved QuilliChew ER chewable tablets. http://fb.me/7A59bJJ2s",,,,674642445112614912,https://twitter.com/Phillipsrx/status/674642445112614912
2015-12-09 16:31:09,PaoliApothecary,,0,0,0,"Pfizer today announced that the U.S. Food and Drug Administration (FDA) has approved QuilliChew ER chewable tablets. http://fb.me/7DoPmLe1P",,,,674627353776115712,https://twitter.com/PaoliApothecary/status/674627353776115712
2015-12-09 13:16:50,pharmatutor,,1,0,0,"USFDA Approve QuilliChew ER chewable tablets: Pfizer announced that the U.S. Food and Drug Administration (FD... http://bit.ly/1lu68ji",,,,674578449869111296,https://twitter.com/pharmatutor/status/674578449869111296
2015-12-09 05:44:29,hlthnews,,0,0,0,"Pfizer Receives FDA Approval for QuilliChew ER (methylphenidate hydrochloride) Extended-Release Chewable Tablets http://ow.ly/VEeGL",,,,674464612759281664,https://twitter.com/hlthnews/status/674464612759281664
2015-12-09 00:08:07,ConcordeMedica,,0,0,0,"ADHDNews: FDA Clears Chewable Methylphenidate (QuilliChew) for ADHDFDA Clears Chewable Methylphenidate (QuilliC... http://ht.ly/38PvLS",,,,674379963676688384,https://twitter.com/ConcordeMedica/status/674379963676688384
2015-12-08 22:11:16,MedscapePsych,,0,3,4,"FDA clears chewable methylphenidate (QuilliChew) for #ADHD http://wb.md/1QdI1SK",,,#ADHD,674350558233300993,https://twitter.com/MedscapePsych/status/674350558233300993
2015-12-08 22:11:16,MedscapePharm,,0,2,1,"FDA clears chewable methylphenidate (QuilliChew) for #ADHD http://wb.md/1QdI1SK",,,#ADHD,674350558174535681,https://twitter.com/MedscapePharm/status/674350558174535681
2015-12-08 22:11:16,MedscapePeds,,0,0,0,"FDA clears chewable methylphenidate (QuilliChew) for #ADHD http://wb.md/1QdI1SK",,,#ADHD,674350558132625408,https://twitter.com/MedscapePeds/status/674350558132625408
2015-12-08 22:11:16,MedscapeNeuro,,0,0,0,"FDA clears chewable methylphenidate (QuilliChew) for #ADHD http://wb.md/1QdI1SK",,,#ADHD,674350558090649600,https://twitter.com/MedscapeNeuro/status/674350558090649600
2015-12-08 22:11:16,MedscapeIM,,0,0,0,"FDA clears chewable methylphenidate (QuilliChew) for #ADHD http://wb.md/1QdI1SK",,,#ADHD,674350558082236417,https://twitter.com/MedscapeIM/status/674350558082236417
2015-12-08 22:11:16,MedscapeNurses,,0,1,0,"FDA clears chewable methylphenidate (QuilliChew) for #ADHD http://wb.md/1QdI1SK",,,#ADHD,674350557943894016,https://twitter.com/MedscapeNurses/status/674350557943894016
2015-12-08 22:11:16,MedscapeFM,,0,0,0,"FDA clears chewable methylphenidate (QuilliChew) for #ADHD http://wb.md/1QdI1SK",,,#ADHD,674350557901946880,https://twitter.com/MedscapeFM/status/674350557901946880
2015-12-08 22:11:16,MedscapeStudent,,0,0,0,"FDA clears chewable methylphenidate (QuilliChew) for #ADHD http://wb.md/1QdI1SK",,,#ADHD,674350557268611072,https://twitter.com/MedscapeStudent/status/674350557268611072
2015-12-08 22:11:16,Medscape,,0,3,2,"FDA clears chewable methylphenidate (QuilliChew) for #ADHD",,,#ADHD,674350557239242752,https://twitter.com/Medscape/status/674350557239242752
2015-12-08 21:43:30,DrugscomNew,,0,0,0,"Pfizer Receives FDA Approval for #QuilliChew ER (methylphenidate hydrochloride) Extended-Release Chewable Tablets - ",,,#QuilliChew,674343571831451648,https://twitter.com/DrugscomNew/status/674343571831451648
2015-12-08 21:43:30,Drugscom,,0,5,2,"Pfizer Receives FDA Approval for #QuilliChew ER (methylphenidate hydrochloride) Extended-Release Chewable Tablets - http://bit.ly/1NJK36q",,,#QuilliChew,674343570652860416,https://twitter.com/Drugscom/status/674343570652860416
2015-12-08 21:35:40,MediscionSA,,0,0,0,"FDA Clears Chewable Methylphenidate (QuilliChew) for ADHD http://bit.ly/1OSbQoC",,,,674341598059081728,https://twitter.com/MediscionSA/status/674341598059081728
2015-12-08 17:25:34,BousaidImad,,0,0,0,"Pfizer Receives FDA Approval of QuilliChew ER http://ift.tt/1R7Ybx8",,,,674278659381923840,https://twitter.com/BousaidImad/status/674278659381923840
2015-12-08 17:23:18,iCaffeine,,0,0,0,"Move over Quillivant XR, here comes QuilliChew ER. http://bit.ly/1m8IR6O | via @JohnGeverMPT",,@JohnGeverMPT,,674278089803718656,https://twitter.com/iCaffeine/status/674278089803718656
2015-12-08 17:10:40,PharmaCommons,,0,0,0,"Pfizer Receives FDA Approval of QuilliChew ER http://bit.ly/1RCn6YR",,,,674274907899998212,https://twitter.com/PharmaCommons/status/674274907899998212
2015-12-08 16:43:14,DesiluSki,,0,0,0,"FDA Clears Chewable Methylphenidate (QuilliChew) for ADHD http://fb.me/7BjZOIXo7",,,,674268006487298048,https://twitter.com/DesiluSki/status/674268006487298048
2015-12-08 14:42:00,PlexusVentures,,0,0,0,"@Pfizer Receives FDA Approval for #QuilliChew ER #Chewable #Tablets http://www.drugs.com/newdrugs/pfizer-receives-fda-approval-quillichew-er-methylphenidate-hydrochloride-extended-release-chewable-4308.html via @drugscom #ADHD",,@pfizer @Drugscom,#QuilliChew #Chewable #Tablets #ADHD,674237497283620864,https://twitter.com/PlexusVentures/status/674237497283620864
2015-12-08 13:58:33,MedPipeline,,0,0,0,"#Pfizer Receives FDA Approval for #QuilliChew ER (#methylphenidate hydrochloride) Extended-Release Chewable Tablets http://www.drugs.com/newdrugs/pfizer-receives-fda-approval-quillichew-er-methylphenidate-hydrochloride-extended-release-chewable-4308.html",,,#Pfizer #QuilliChew #methylphenidate,674226561659363328,https://twitter.com/MedPipeline/status/674226561659363328
2015-12-08 13:25:29,Ckconners,,1,6,7,"FDA Clears Chewable Methylphenidate (QuilliChew) for ADHD http://www.medscape.com/viewarticle/855572 increase illicit drug use among students? @AllenFrancesMD",,@AllenFrancesMD,,674218238377664513,https://twitter.com/Ckconners/status/674218238377664513
2015-12-08 12:03:21,psychoneurology,,0,0,0,"ADHD/Med: FDA Clears Chewable Methylphenidate (QuilliChew) for ADHDFDA Clears Chewable Methylphenidate (QuilliC... http://ht.ly/38NUNr",,,,674197569099182081,https://twitter.com/psychoneurology/status/674197569099182081
2015-12-08 12:03:00,AlyeskaDawn,,0,0,1,"FDA Clears Chewable Methylphenidate (QuilliChew) for ADHD http://www.medscape.com/viewarticle/855572?osversion=9.1&amp;devicetype=iphone&amp;appversion=5.2.1&amp;src=iphone&amp;ref=carouselarticle?src=sttwit",,,,674197481798832128,https://twitter.com/AlyeskaDawn/status/674197481798832128
2015-12-08 09:33:33,Drugdevelopmen,,0,0,0,"FDA Clears Chewable Methylphenidate (QuilliChew) for ADHD - Medscape http://dlvr.it/CxxWZb",,,,674159872691204096,https://twitter.com/Drugdevelopmen/status/674159872691204096
2015-12-08 08:31:04,Drugdevelopmen,,0,0,0,"FDA Clears Chewable Methylphenidate (QuilliChew) for ADHD - Medscape http://dlvr.it/CxvvPj",,,,674144145909243904,https://twitter.com/Drugdevelopmen/status/674144145909243904
2015-12-08 07:15:41,ahmedja1966,,0,1,2,"FDA Clears Chewable Methylphenidate (QuilliChew) for ADHD http://www.medscape.com/viewarticle/855572",,,,674125175059644418,https://twitter.com/ahmedja1966/status/674125175059644418
2015-12-08 07:15:36,chanivito,,0,0,0,"FDA Clears Chewable Methylphenidate (QuilliChew) for ADHD http://bit.ly/1lq6EyU",,,,674125157254885376,https://twitter.com/chanivito/status/674125157254885376
2015-12-08 07:15:34,healthconducive,,0,0,0,"FDA Clears Chewable Methylphenidate (QuilliChew) for ADHD http://tinyurl.com/ouhy6vo",,,,674125149604438017,https://twitter.com/healthconducive/status/674125149604438017
2015-12-08 06:03:23,streamofphi,,0,0,0,"FDA Clears Chewable Methylphenidate (QuilliChew) for ADHDFDA Clears Chewable Methylphenidate (QuilliChew) for ... http://bit.ly/1XXXs0C",,,,674106980869386240,https://twitter.com/streamofphi/status/674106980869386240
2015-12-08 06:03:22,Medical4110,,0,0,0,"ADHD News: FDA Clears Chewable Methylphenidate (QuilliChew) for ADHDFDA Clears Chewable Methylphenidate (Quill... http://bit.ly/1lpXO4l",,,,674106977186811904,https://twitter.com/Medical4110/status/674106977186811904
2015-12-08 06:03:22,Health_CK,,0,0,0,"FDA Clears Chewable Methylphenidate (QuilliChew) for ADHDFDA Clears Chewable Methylphenidate (QuilliChew... http://bit.ly/1XXXs0C #adhd",,,#adhd,674106976876412928,https://twitter.com/Health_CK/status/674106976876412928
2015-12-08 05:11:24,hlthnews,,0,0,0,"Pfizer Receives FDA Approval for QuilliChew ER (methylphenidate hydrochloride) Extended-Release Chewable Tablets http://ow.ly/VBujz",,,,674093900634701824,https://twitter.com/hlthnews/status/674093900634701824
2015-12-08 03:07:31,ADHDernl,,0,0,0,"FDA Clears Chewable Methylphenidate (QuilliChew) for ADHD - Medscape: FDA Clears Chewable Methylphenidate (Qui... http://bit.ly/1lpFGaG",,,,674062725161484289,https://twitter.com/ADHDernl/status/674062725161484289
2015-12-08 00:37:42,GeofryDryer,,0,0,0,"Pfizer Receives FDA Approval for QuilliChew ER (methylphenidate hydrochloride) Extended-Release Chewable Tablets: http://ift.tt/1N7RvLo",,,,674025021350797313,https://twitter.com/GeofryDryer/status/674025021350797313
2015-12-08 00:32:09,eramoscampoy,,0,0,0,"FDA Clears Chewable Methylphenidate (QuilliChew) for ADHD http://wb.md/1PSkx5C",,,,674023626069250048,https://twitter.com/eramoscampoy/status/674023626069250048
2015-12-07 23:30:38,lilnursemo,,0,0,0,"FDA Clears Chewable Methylphenidate (QuilliChew) for ADHD http://www.medscape.com/viewarticle/855572?nlid=92883_3663&amp;src=wnl_edit_newsal&amp;uac=124400FR&amp;impID=914121&amp;faf=1?src=sttwit",,,,674008141407739905,https://twitter.com/lilnursemo/status/674008141407739905
2015-12-07 23:24:59,michellekatzmsn,,0,0,0,"@US_FDA Clears Chewable Methylphenidate (QuilliChew) for #ADHD http://www.medscape.com/viewarticle/855572?nlid=92883_3663&amp;src=wnl_edit_newsal&amp;uac=206425EZ&amp;impID=914121&amp;faf=1?src=sttwit",,@US_FDA,#ADHD,674006722944434176,https://twitter.com/michellekatzmsn/status/674006722944434176
2015-12-07 22:50:37,ADD_ADHD_News,,0,0,0,"FDA Clears Chewable Methylphenidate (QuilliChew) for ADHD: FDA Clears Chewable Methylphenidate (QuilliChew) fo... http://bit.ly/1TUZOwD",,,,673998071710126081,https://twitter.com/ADD_ADHD_News/status/673998071710126081
2015-12-07 22:45:02,DatZoom_PRs,,0,0,0,"Pfizer Receives U.S. FDA Approval of New QuilliChew ER™ (methylphenidate hydrochloride) extended-release c ... - https://www.datzoom.com/us/pfizer-receives-u-s-fda-approval-of-new-quillichew-er-methylphenidate-hydrochloride-extended-release-chewable-tablets-cii/",,,,673996665725059076,https://twitter.com/DatZoom_PRs/status/673996665725059076
2015-12-07 20:28:30,Agent99XXX,,0,0,0,"Chewable Stimulant OK'd for ADHD #QuilliChew ",,,#QuilliChew,673962306448027649,https://twitter.com/Agent99XXX/status/673962306448027649
2015-12-07 19:25:06,taxinversion,,0,0,0,"Pfizer Receives U.S. FDA Approval of New QuilliChew ER™ (methylphenidate hydrochloride) extended-release chewa... http://on.pfizer.com/1TUgBA7",,,,673946351462318080,https://twitter.com/taxinversion/status/673946351462318080
2015-12-07 18:54:08,DonnaYoungDC,,0,1,0,"#FDA OK's $PFE's #QuilliChew ER (methylphenidate hydrochloride) chewable tablets CII for #ADHD 6yrs &amp; up http://www.pfizer.com/news/press-release/press-release-detail/pfizer_receives_u_s_fda_approval_of_new_quillichew_er_methylphenidate_hydrochloride_extended_release_chewable_tablets_cii?linkId=19384409 … #pharma",,,#FDA #QuilliChew #ADHD #pharma,673938561612324864,https://twitter.com/DonnaYoungDC/status/673938561612324864
