date,username,to,replies,retweets,favorites,text,geo,mentions,hashtags,id,permalink
2020-03-07 14:11:56,BSeay05,,0,0,0,"The newest medication to treat Narcolepsy - Pitolisant (Wakix) is a histamine agonist. The only narcolepsy treatment that is not a Schedule 4 medication! #SleepMed #GASP20",,,#SleepMed #GASP20,1236293510472634368,https://twitter.com/BSeay05/status/1236293510472634368
2020-03-04 17:18:25,alexhaagaard,grucieloo,0,0,1,"I think they actually are finally starting to trial it in the US (sadly not in Canada yet) - the drug’s brand name is Wakix / generic name is pitolisant, so it may be worth looking into, to see if you can find a trial location near you!",,,,1235253274003099649,https://twitter.com/alexhaagaard/status/1235253274003099649
2020-02-28 18:42:59,wendywoos74,,0,0,0,"So this is for all the PWN out there. What has been your experience with Pitolosant (Wakix). Been taking it for approx 6 weeks on highest dose and it seems to have stopped being as effective as originally was. Along with seemingly millions of side effects.#Narcolepsy #sleepyhead",,,#Narcolepsy #sleepyhead,1233462619631226881,https://twitter.com/wendywoos74/status/1233462619631226881
2020-02-24 16:32:15,Anilkc74560568,,0,0,0,"#praderwilli #praderwillisyndrome Using Anecdotal Social Media Data to Improve Drug Development for PWS Thanks Maria Picone (talking in the video) @trendcommunity and Lara Pullen #raredisease #rarediseaseday #Pitolisant #WAKIX ",,@trendcommunity,#praderwilli #praderwillisyndrome #raredisease #rarediseaseday #Pitolisant #WAKIX,1231980166634754050,https://twitter.com/Anilkc74560568/status/1231980166634754050
2020-02-22 15:40:45,JamesEKrause,,0,0,1,"That is spelled pitolisant, bud. We know about H1 and H2 blockers, but this H3 CNS stuff is new to most. And WAKIX is all caps, btw.",,,,1231242430093111296,https://twitter.com/JamesEKrause/status/1231242430093111296
2020-02-22 15:38:26,JamesEKrause,,2,0,4,"Wakix (pitolosant) approval for excessive daytime sleepiness in narcolepsy. This is an H3 inverse agonist, and a Pharm D bud of mine just informed me that he filled his first script this week. ",,,,1231241846149537792,https://twitter.com/JamesEKrause/status/1231241846149537792
2020-02-17 22:24:10,CraterBrain,,0,0,0,"FDA approves Wakix for the treatment of narcolepsy https://buff.ly/3bN2Jaj",,,,1229532014442840065,https://twitter.com/CraterBrain/status/1229532014442840065
2020-02-17 22:22:24,SleepyHeadCtrl,,0,0,0,"FDA approves Wakix for the treatment of narcolepsy https://buff.ly/3bN2Jaj",,,,1229531571268526088,https://twitter.com/SleepyHeadCtrl/status/1229531571268526088
2020-02-17 15:12:22,Sochimes,,0,0,0,"FDA approves Wakix for the treatment of narcolepsy ",,,,1229423348263915520,https://twitter.com/Sochimes/status/1229423348263915520
2020-02-13 14:46:10,RVAmelissa,,0,0,0,"The #FDA finally approves a med specifically for #Narcolepsy! At $7K/month, I’ll need to sleep on it. Literally. All day. Narcolepsy: #stepchild #thanksbutnothanks #Wakix",,,#FDA #Narcolepsy #stepchild #thanksbutnothanks #Wakix,1227967204160950273,https://twitter.com/RVAmelissa/status/1227967204160950273
2020-02-13 01:22:24,melissamcewen,,1,0,0,"Hypersomnia drugs are often stimulants which are controlled substances and often a PITA to access and have side effects. People with narcolepsy in the US can get Wakix which is the first treatment that's not a controlled substance.",,,,1227764929454903296,https://twitter.com/melissamcewen/status/1227764929454903296
2020-02-03 01:43:00,DrugPatentWatch,,0,0,0,"New patent expiration for Harmony drug WAKIX (via DrugPatentWatch) ",,,,1224146234639880193,https://twitter.com/DrugPatentWatch/status/1224146234639880193
2020-01-31 17:15:29,AdisJournals,,0,0,2,"Published today in CNS Drugs, an independently written Adis Drug Review on pitolisant (WAKIX®) in #narcolepsy with or without cataplexy. https://link.springer.com/article/10.1007/s40263-020-00703-x#",,,#narcolepsy,1223293737192869899,https://twitter.com/AdisJournals/status/1223293737192869899
2020-01-30 19:06:38,CrimsonKas,,1,0,0,"Maybe they realized it was in their best interest to not make this so difficult while I ponder switching to Wakix. Stay tuned as Adventures in Narcolepsy continue.",,,,1222959322788921348,https://twitter.com/CrimsonKas/status/1222959322788921348
2020-01-28 20:00:46,Big4BioPhilly,,0,0,0,"Harmony will help commercialize its first drug WAKIX® (pitolisant) tablets, which was approved in August 2019, with the debt facility from OrbiMed. ",,,,1222248168718508032,https://twitter.com/Big4BioPhilly/status/1222248168718508032
2020-01-19 19:31:02,SleepyistMike,kylena7292,0,0,0,"I have not tried Wakix. Really want to.",,,,1218979194916335618,https://twitter.com/SleepyistMike/status/1218979194916335618
2020-01-19 03:27:33,kylena7292,SleepyistMike,1,0,0,"And have u also tried the equally new other medication Wakix?",,,,1218736725528322048,https://twitter.com/kylena7292/status/1218736725528322048
2020-01-04 12:10:36,schuetler777,EmilyUnbound,0,0,0,"I want to try the new medication ""pitolisant"" wakix",,,,1213432538280185856,https://twitter.com/schuetler777/status/1213432538280185856
2020-01-03 17:03:04,johnp_driscoll,,0,0,1,"WAKIX (Pitolisant) Safety and Efficacy Data Published in #sleep",,,#sleep,1213143751729827840,https://twitter.com/johnp_driscoll/status/1213143751729827840
2020-01-02 19:26:54,schuetler777,heeydevon,0,0,1,"Do you take modafinil or something else? I gone try ""wakix"" pitolisant for the first time. ",,,,1212817562834264066,https://twitter.com/schuetler777/status/1212817562834264066
2020-01-02 18:09:00,schuetler777,thegoddessrises,1,0,1,"I gone try something new ""wakix"" pitolisant. Hopefully that works. ",,,,1212797958204329990,https://twitter.com/schuetler777/status/1212797958204329990
2019-12-29 16:11:03,drfranktarazi,,0,3,5,"In 2019, #FDA approved 11 new drugs for #brain disorders. #Zulresso (#PPD), #Wakix &amp; #Sunsoi (#narcolepsy), #Reyvow &amp; #Ubrelvy (#migraines), #Mayzent (#MS), #Xcopri (#epilepsy), #Caplyta (#schizophrenia), #Dayvigo (#insomina), #Nourianz (#Parkinsons), &amp; #Vyondys53 for #DMD!",,,#FDA #brain #Zulresso #PPD #Wakix #Sunsoi #narcolepsy #Reyvow #Ubrelvy #migraines #Mayzent #MS #Xcopri #epilepsy #Caplyta #schizophrenia #Dayvigo #insomina #Nourianz #Parkinsons #Vyondys53 #DMD,1211318724562706432,https://twitter.com/drfranktarazi/status/1211318724562706432
2019-12-27 15:03:25,PANTHERxRare,,0,1,2,"PANTHERx® Rare Pharmacy announces that it has been selected by Harmony to distribute WAKIX® (pitolisant). Read the full announcement on our blog: https://hubs.ly/H0mmM2M0",,,,1210576927444082690,https://twitter.com/PANTHERxRare/status/1210576927444082690
2019-12-03 11:23:09,SportSleepDoc,qeastman,0,0,1,"It's a special cover done by Harmony Bioscience...makers of Wakix for narcolepsy.",,,,1201824187238830080,https://twitter.com/SportSleepDoc/status/1201824187238830080
2019-11-28 13:31:00,Sahosdental,,0,0,0,"WAKIX (Pitolisant) Safety and Efficacy Data Published in SLEEP ",,,,1200044420923633665,https://twitter.com/Sahosdental/status/1200044420923633665
2019-11-26 19:04:55,videologodirect,,0,0,0,"WAKIX 4.5MG FILM-COATED TABLETS 30 TA ",,,,1199403677129302016,https://twitter.com/videologodirect/status/1199403677129302016
2019-11-26 11:07:54,assetchemist,,0,0,0,"WAKIX 4.5MG FILM-COATED TABLETS 30 TA https://www.dockpharmacy.com/product/wakix-4-5mg-film-coated-tablets-30-ta/",,,,1199283635091910656,https://twitter.com/assetchemist/status/1199283635091910656
2019-11-25 12:13:17,preipopharma,,0,3,0,"Harmony Biosciences Announces Publication Of Data In Sleep From Two Clinical Studies Of WAKIX® (pitolisant) http://www.preipopharma.com/press-releases/Harmony-Biosciences-Announces-Publication-Of-Data-In-Sleep-From-Two-Clinical-Studies-Of-WAKIX®-(pitolisant) #preIPO #biotech #pharmaceuticals",,,#preIPO #biotech #pharmaceuticals,1198937701413732352,https://twitter.com/preipopharma/status/1198937701413732352
2019-11-24 13:56:56,CherylDynan,,0,0,0,"Harmony Biosciences Announces Publication Of Data In Sleep From Two Clinical Studies Of WAKIX® (pitolisant) | BioSpace https://www.biospace.com/article/releases/harmony-biosciences-announces-publication-of-data-in-sleep-from-two-clinical-studies-of-wakix-pitolisant-/?TrackID=16 #jobs",,,#jobs,1198601394523127808,https://twitter.com/CherylDynan/status/1198601394523127808
2019-11-22 01:08:17,NarcolepsyNtwrk,,0,1,7,"Harmony Biosciences published two clinical studies on WAKIX® (pitolisant). These studies evaluated the long-term safety and efficacy of the medication, as well as its human abuse potential. https://www.biospace.com/article/releases/harmony-biosciences-announces-publication-of-data-in-sleep-from-two-clinical-studies-of-wakix-pitolisant-/",,,,1197683185120878597,https://twitter.com/NarcolepsyNtwrk/status/1197683185120878597
2019-11-21 17:29:45,wakenarcolepsy,,0,1,8,"Harmony Biosciences has published two informative clinical studies evaluating the long-term safety and efficacy, as well as the human abuse potential of WAKIX® (pitolisant). They have been published in SLEEP. https://www.biospace.com/article/releases/harmony-biosciences-announces-publication-of-data-in-sleep-from-two-clinical-studies-of-wakix-pitolisant-/",,,,1197567790070157312,https://twitter.com/wakenarcolepsy/status/1197567790070157312
2019-11-20 20:15:56,SaeedBaygi,,0,0,0,"Harmony Biosciences Announces Publication Of #Data In Sleep From Two Clinical Studies Of WAKIX® (pitolisant) BioSpace http://twib.in/l/ABrz8BrykKok",,,#Data,1197247223744155648,https://twitter.com/SaeedBaygi/status/1197247223744155648
2019-11-18 18:02:04,MontefioreWake,,0,0,0,"The new #wakefulness drug #pitolisant (#Wakix) shows a low risk of abuse, a very important patient safety indicator. http://ow.ly/QDYx50x6fXb",,,#wakefulness #pitolisant #Wakix,1196488758524284929,https://twitter.com/MontefioreWake/status/1196488758524284929
2019-11-15 04:02:12,lindy_lou_whoo,lindy_lou_whoo,0,0,1,"I know that you understand this, but I mentioned it just-in-case a reader doesn’t mistakenly assume that Wakix is a ‘cure’ for Narcolepsy or that it makes all of your symptoms go away. ",,,,1195190236562673665,https://twitter.com/lindy_lou_whoo/status/1195190236562673665
2019-11-14 21:36:03,Sleepy_Shannon3,,6,0,25,"After an initial denial from my ins to cover new #narcolepsy med #wakix that I have been taking on #earlyaccess since April, I got the call... United Healthcare has approved my appeal for this rx so I can continue treatment!!! Wahoo!!! #raredisease #sleep #careaboutrare",,,#narcolepsy #wakix #earlyaccess #raredisease #sleep #careaboutrare,1195093057936527362,https://twitter.com/Sleepy_Shannon3/status/1195093057936527362
2019-11-14 05:43:28,Ufc26,,2,0,0,"@SportSleepDoc What percentage of patients do you believe wakix will replace Xyrem for. And or Sunosi. Do you think Sunosi will be popular among sleep medicine docs. And what is the patient population for this drug. Isn’t Ritalin just as good? Thank you",,@SportSleepDoc,,1194853332445257728,https://twitter.com/Ufc26/status/1194853332445257728
2019-11-12 10:33:21,EURegulatory,,0,0,0,"Human medicines European public assessment report (EPAR): Wakix, pitolisant, Narcolepsy, Date of authorisation: 31/03/2016, Revision: 7, Status: Authorised: https://ift.tt/36YPnVI #pharma #regulatory",,,#pharma #regulatory,1194201507396239360,https://twitter.com/EURegulatory/status/1194201507396239360
2019-10-23 14:50:02,michaelgrandner,,2,2,11,"In a new paper in @ResearchSleep journal, the new wakefulness drug pitolisant (""wakix"") shows a pretty low risk of abuse, an important patient safety indicator. ",,@ResearchSleep,,1187018346530779143,https://twitter.com/michaelgrandner/status/1187018346530779143
2019-10-23 14:00:37,Sleepy_Shannon3,,3,0,17,"#wakix delivery the morn I return from celebrating it’s release by #HarmonyBiosciences in the US! Ecstatic that the yellow warning, “Caution:New drug limited by Federal law as an investigational drug”will NOT be on the next AND that many #narcolepsy patients will now have access!",,,#wakix #HarmonyBiosciences #narcolepsy,1187005910662692865,https://twitter.com/Sleepy_Shannon3/status/1187005910662692865
2019-10-21 15:19:04,epocrates,,0,0,0,"#NewMonographMonday Wakix (pitolisant), approved for narcolepsy http://bit.ly/2MZDdTv",,,#NewMonographMonday,1186300877231022080,https://twitter.com/epocrates/status/1186300877231022080
2019-10-17 15:00:31,FallAsleep420,,0,0,0,"Drug Trials Snapshots: WAKIX #sleep",,,#sleep,1184846658246451200,https://twitter.com/FallAsleep420/status/1184846658246451200
2019-10-17 13:31:00,Sahosdental,,0,0,0,"Drug Trials Snapshots: WAKIX http://www.sleepreviewmag.com/2019/10/drug-trials-snapshots-wakix/",,,,1184824130618712064,https://twitter.com/Sahosdental/status/1184824130618712064
2019-10-13 05:52:20,wake_up_bill,,0,0,0,"All Veterans need to know immediately which VA Hospitals, Clinics & Facilities #WAKIX (pitolisant) will be offered &amp; when! #VADurham @starsandstripes @ArmyTimes @AirForceAssoc @AmericanLegion @VFWHQ @SenThomTillis @RepRichHudson @theheraldsun @newsobserver @DeptVetAffairs",,@starsandstripes @ArmyTimes @AirForceAssoc @AmericanLegion @VFWHQ @SenThomTillis @RepRichHudson @theheraldsun @newsobserver @DeptVetAffairs,#WAKIX #VADurham,1183259151545389056,https://twitter.com/wake_up_bill/status/1183259151545389056
2019-10-06 19:26:33,cswitwer,,0,0,1,"Watching last night’s @nbcsnl we fast-forwarded thru commercials. Saw the @BIKTARVY ad fly by. Thought it was an #SNL parody ad. Wife: “No. They’re just running out of names.” #BigPharma #ibsrela #gvoke #nourianz #wakix",,@nbcsnl @BIKTARVY,#SNL #BigPharma #ibsrela #gvoke #nourianz #wakix,1180927339821035520,https://twitter.com/cswitwer/status/1180927339821035520
2019-09-30 20:30:17,whambamboogie,NCEugene,1,0,1,"Thanks for the link. Since I’m in Europe, I had the chance of trying Wakix a few years ago. It made me sweat/pee so much, I finally gave it up, but it helps a lot of people, especially with cataplexy.",,,,1178769052107513859,https://twitter.com/whambamboogie/status/1178769052107513859
2019-09-30 13:44:43,preipopharma,,0,0,0,"Harmony Biosciences To Present Clinical Data On WAKIX® (pitolisant) At Upcoming World Sleep 2019 http://www.preipopharma.com/press-releases/Harmony-Biosciences-To-Present-Clinical-Data-On-WAKIX®-(pitolisant)-At-Upcoming-World-Sleep-2019 #preIPO #biotech #pharmaceuticals",,,#preIPO #biotech #pharmaceuticals,1178666991286022145,https://twitter.com/preipopharma/status/1178666991286022145
2019-09-29 17:38:00,neurology_live,,0,0,3,"At the World Sleep 2019 meeting in Vancouver, Canada, Harmony Biosciences will presented data for its recently FDA-approved agent, pitolisant (Wakix), with data highlighting abuse potential, efficacy in high-burden patients with #narcolepsy, and safety.",,,#narcolepsy,1178363308006506497,https://twitter.com/neurology_live/status/1178363308006506497
2019-09-27 16:02:28,MontefioreWake,,0,0,1,"This article from the Journal Sleep (@ResearchSleep) discusses the long-term effects (12-months) of treatment with #Pitolisant or #Wakix http://ow.ly/RuGD50whP2u",,@ResearchSleep,#Pitolisant #Wakix,1177614491015667714,https://twitter.com/MontefioreWake/status/1177614491015667714
2019-09-27 04:11:25,PeterTodd_,mitdoc,1,0,1,"I think the Harmony data intimated Wakix helps consolidate night time sleep too as well as promoting daytime wakefulness but the effect may be small compared with oxybate",,,,1177435551089053696,https://twitter.com/PeterTodd_/status/1177435551089053696
2019-09-24 22:26:40,SportSleepDoc,,0,0,5,"Thank you @HarmonyBiosci for allowing me to talk about #narcolepsy, a patient group I'm passionate about, and #Wakix, a treatment option that is going to make a big difference for these patients. It's fun to have new/unique options! @_WorldSleep #Sleep #LooksMuchYoungerInPerson",,@HarmonyBiosci @_WorldSleep,#narcolepsy #Wakix #Sleep #LooksMuchYoungerInPerson,1176624016225910786,https://twitter.com/SportSleepDoc/status/1176624016225910786
2019-09-24 21:04:59,SportSleepDoc,,0,0,6,"So excited to see this many @_WorldSleep members interested in #Wakix and #narcolepsy. @HarmonyBiosci",,@_WorldSleep @HarmonyBiosci,#Wakix #narcolepsy,1176603459753271296,https://twitter.com/SportSleepDoc/status/1176603459753271296
2019-09-24 16:04:01,SportSleepDoc,,0,0,0,"Come see me at #WorldSleep2019 at 12:30 in room 118-120, and let's talk #narcolepsy and an exciting new therapy #Wakix! @HarmonyBiosci #sleep – at Vancouver Convention Centre West",,@HarmonyBiosci,#WorldSleep2019 #narcolepsy #Wakix #sleep,1176527719150030852,https://twitter.com/SportSleepDoc/status/1176527719150030852
2019-09-24 14:01:00,neurology_live,,0,2,0,"#WorldSleep: new data for the recently FDA-approved agent, pitolisant (Wakix), in an oral presentation and a number of posters highlighting abuse potential, efficacy in high-burden patients with #narcolepsy, and safety data. https://www.neurologylive.com/clinical-focus/new-pitolisant-narcolepsy-data-presented-world-sleep-2019",,,#WorldSleep #narcolepsy,1176496759154937856,https://twitter.com/neurology_live/status/1176496759154937856
2019-09-23 22:10:00,neurology_live,,0,0,0,"#WorldSleep: new data for the recently FDA-approved agent, pitolisant (Wakix), in an oral presentation and a number of posters highlighting abuse potential, efficacy in high-burden patients with #narcolepsy, and safety data. https://www.neurologylive.com/clinical-focus/new-pitolisant-narcolepsy-data-presented-world-sleep-2019",,,#WorldSleep #narcolepsy,1176257431929856000,https://twitter.com/neurology_live/status/1176257431929856000
2019-09-23 13:54:39,SportSleepDoc,,1,0,8,"Come see me tomorrow #WorldSleep2019 in 12:30-2:00pm, room 118-120. Thorpy and I will conclude the presentation with a guided nap for all weary participants. @HarmonyBiosci #narcolepsy #Wakix #pitolisant – at Vancouver Convention Centre West",,@HarmonyBiosci,#WorldSleep2019 #narcolepsy #Wakix #pitolisant,1176132773612085248,https://twitter.com/SportSleepDoc/status/1176132773612085248
2019-09-22 21:54:46,BrandonPetersMD,MaireadLawless,1,0,0,"Wakix is so new that I have not formed a clinical opinion yet. I hope more of my patients try it out and give me their feedback. It seems promising.",,,,1175891211854311424,https://twitter.com/BrandonPetersMD/status/1175891211854311424
2019-09-22 20:32:32,MaireadLawless,BrandonPetersMD,1,0,0,"What alternatives are you having successes with? My son is now weaning off Xyrem. Age 14 he was on full adult dose but efficacy reduced over time. Also bad effect on mood....How are you finding Baclofen or Wakix?",,,,1175870515187212292,https://twitter.com/MaireadLawless/status/1175870515187212292
2019-09-20 20:47:11,Sleepy_Shannon3,,0,0,10,"I was honored to have represented the patient community on this amazing grant review committee to award much needed funds to help the #Narcolepsy community! Even more excited that Harmony Biosciences new treatment, Wakix,will be available in the US soon! ",,,#Narcolepsy,1175149427385913351,https://twitter.com/Sleepy_Shannon3/status/1175149427385913351
2019-09-18 21:03:09,NarcolepsyZzzzz,,0,0,6,"Researchers will present on new #narcolepsy drug #pitolisant (WAKIX) at #WorldSleep2019 (via @SleepReview):",,@SleepReview,#narcolepsy #pitolisant #WorldSleep2019,1174428671177871360,https://twitter.com/NarcolepsyZzzzz/status/1174428671177871360
2019-09-16 20:07:55,FDA_Drug_Info,,0,0,2,"New Drug Trials Snapshot available for WAKIX (pitolisant): https://go.usa.gov/xVPUJ.",,,,1173689993975554048,https://twitter.com/FDA_Drug_Info/status/1173689993975554048
2019-09-15 17:17:30,ChemDiv,,0,0,0,"FDA Approves Wakix -- https://bit.ly/2kBelaG",,,,1173284719368331265,https://twitter.com/ChemDiv/status/1173284719368331265
2019-09-15 11:10:51,KapitalLink_360,,0,0,0,"Reposted from official_wakix - ON GOG - #Uniabuja_Malo #NorthNow #regrann @University of Abuja https://www.instagram.com/p/B2bgA9DAiys/?igshid=ezva03eq95pd",,,#Uniabuja_Malo #NorthNow #regrann,1173192449293815808,https://twitter.com/KapitalLink_360/status/1173192449293815808
2019-09-12 20:04:42,forcepharma,,0,0,0,"Drug Trials Snapshots: WAKIX | FDA ",,,,1172239634899853312,https://twitter.com/forcepharma/status/1172239634899853312
2019-09-07 20:21:32,tripdatabase,,0,0,0,"New2Trip: Pitolisant (Wakix) for treatment of narcolepsy in adults ",,,,1170431932099944448,https://twitter.com/tripdatabase/status/1170431932099944448
2019-09-02 07:01:57,DrAlister,,1,2,2,"Is WAKIX the best named drug to be approved this year? For #pharmacology geeks it is pitolisant an H3 receptor antagonist/inverse agonist",,,#pharmacology,1168418767891832832,https://twitter.com/DrAlister/status/1168418767891832832
2019-08-30 18:55:15,allbright1,,0,0,0,"FDA Approves Wakix For Excessive Daytime Sleepiness In Adults With Narcolepsy - MPR ",,,,1167511113925320705,https://twitter.com/allbright1/status/1167511113925320705
2019-08-29 15:00:02,SelectPHL,,0,0,1,"Harmony Biosciences in Montgomery County, PA raised $50 million just a week after receiving their first FDA approval for Wakix, a treatment for excessive daytime sleepiness associated with narcolepsy. #GreaterHere #InnovatePHL #HealthCarePHL http://bit.ly/327fzdB",,,#GreaterHere #InnovatePHL #HealthCarePHL,1167089530194862083,https://twitter.com/SelectPHL/status/1167089530194862083
2019-08-27 19:56:01,MedPagePolicy,,0,2,3,"The @US_FDA approved #Wakix to treat excessive daytime sleepiness in adults with narcolepsy, drugmaker Harmony Biosciences said. #narcolepsy @FDA_Drug_Info",,@US_FDA @FDA_Drug_Info,#Wakix #narcolepsy,1166439241120919552,https://twitter.com/MedPagePolicy/status/1166439241120919552
2019-08-26 20:05:36,Big4BioPhilly,,0,0,0,"This latest investment will go towards commerically launching Harmony's narcolepsy drug Wakix, which recently gained FDA approval, in 2019's fourth quarter. ",,,,1166079267739824129,https://twitter.com/Big4BioPhilly/status/1166079267739824129
2019-08-25 13:08:00,MarieMyungOkLee,,0,0,0,"Love double meaning of ""novel""; various friends have suggested I join them using Provigil, a narcolepsy drug that supposedly helps you write faster: ""Harmony Bioscience's novel narcolepsy drug pitolisant (Wakix) gained FDA approval for treating excessive daytime sleepiness.""",,,,1165611787510829058,https://twitter.com/MarieMyungOkLee/status/1165611787510829058
2019-08-24 03:29:28,cmaxinsight,,0,0,1,"#FDA Approved Drugs in #August2019 #CmaxInsight #Pretomanid #Inrebic #Xenleta #Turalio #Wakix #Rinvoq #Rozlytrek #TBAlliance #ImpactBiomedicines #NabriyaTherapeutics #DaiichiSankyo #BioprojectPharma #Abbvie #Genentech https://www.cmaxinsight.com/infographics-detail.php?bid=8",,,#FDA #August2019 #CmaxInsight #Pretomanid #Inrebic #Xenleta #Turalio #Wakix #Rinvoq #Rozlytrek #TBAlliance #ImpactBiomedicines #NabriyaTherapeutics #DaiichiSankyo #BioprojectPharma #Abbvie #Genentech,1165103805014265856,https://twitter.com/cmaxinsight/status/1165103805014265856
2019-08-23 18:34:11,SportSleepDoc,,1,1,17,"Within the last month: #Sunosi available for #narcolepsy patients #Wakix approved for narcolepsy patients Neuro #sleep specialists do not have to maintain their primary specialty to keep their sleep specialist certification. That's more change than I've seen in 15 yrs.",,,#Sunosi #narcolepsy #Wakix #sleep,1164969097890803712,https://twitter.com/SportSleepDoc/status/1164969097890803712
2019-08-22 16:45:04,NeuroAdvisor,,0,0,1,"The @US_FDA approved Wakix for the treatment of #excessivedaytimesleepiness in adult patients with #narcolepsy.",,@US_FDA,#excessivedaytimesleepiness #narcolepsy,1164579251259092995,https://twitter.com/NeuroAdvisor/status/1164579251259092995
2019-08-22 00:11:15,Drugscom,,0,4,4,"Two first-in-class agents cross the FDA finish line this week: Xenleta for community-acquired bacterial pneumonia and Wakix for adult narcolepsy. See two new JAK inhibitors Rinvoq and Inrebic, plus Genentech’s Rozlytrek is a targeted drug for rare tumors. https://www.drugs.com/newsletters/weekly/weekly-news-round-up-august-21-2019-1429.html",,,,1164329148313026560,https://twitter.com/Drugscom/status/1164329148313026560
2019-08-21 22:41:02,MedPipeline,,0,0,0,"Weekly Drug News Round-Up: August 21, 2019 http://Drugs.com: Two first-in-class agents cross the FDA finish line: #Xenleta for CABP and Wakix for adult narcolepsy. Two new JAK inhibitors #Rinvoq and Inrebic, plus Genentech’s cancer agent #Rozlytrek",,,#Xenleta #Rinvoq #Rozlytrek,1164306442674941952,https://twitter.com/MedPipeline/status/1164306442674941952
2019-08-21 19:00:46,PsychiatryAdv,,0,0,0,"The @US_FDA approved Wakix for the treatment of #excessivedaytimesleepiness in adult patients with #narcolepsy.",,@US_FDA,#excessivedaytimesleepiness #narcolepsy,1164251010828775426,https://twitter.com/PsychiatryAdv/status/1164251010828775426
2019-08-21 17:50:10,MedPipeline,,0,0,0,"Wakix (pitolisant) is a histamine-3 (H₃) receptor antagonist/inverse agonist for narcolepsy (not controlled). Increases histamine in brain to promote wakefulness. FDA Approves Wakix (pitolisant), a First-in-Class Medication for Adults w/ Narcolepsy ",,,,1164233245401239552,https://twitter.com/MedPipeline/status/1164233245401239552
2019-08-21 16:03:00,Abby10Smalls,Quantumup1,0,2,2,"Of course enthusiasm for Wakix is high. Who wants to wake in the middle of the night to take a second dose of #Xyrem. $JAZZ has to buy $AVDL soon or risk losing out to a competing bidder.",,,#Xyrem,1164206276404006913,https://twitter.com/Abby10Smalls/status/1164206276404006913
2019-08-21 12:44:50,BrainSightsApp,,0,0,0,"FDA Approves Wakix For Excessive Daytime Sleepiness In Adults With Narcolepsy - Neurology Advisor via BrainSights https://www.neurologyadvisor.com/topics/sleep-disorders/fda-approves-wakix-for-excessive-daytime-sleepiness-in-adults-with-narcolepsy/",,,,1164156404653002752,https://twitter.com/BrainSightsApp/status/1164156404653002752
2019-08-21 11:01:31,delve_insight,,0,0,0,"The #FDA has approved #WAKIX (#pitolisant) to treat #excessivedaytimesleepiness (#EDS) in adult patients with #narcolepsy.",,,#FDA #WAKIX #pitolisant #excessivedaytimesleepiness #EDS #narcolepsy,1164130405936615424,https://twitter.com/delve_insight/status/1164130405936615424
2019-08-20 17:52:08,MDEdgeTweets,,0,0,0,"The FDA has approved pitolisant (Wakix) for excessive daytime sleepiness among patients with #narcolepsy. https://www.mdedge.com/clinicalneurologynews/article/206754/sleep-medicine/fda-approves-wakix-excessive-daytime-sleepiness",,,#narcolepsy,1163871349712084993,https://twitter.com/MDEdgeTweets/status/1163871349712084993
2019-08-20 17:51:07,ClinNeuroNews,,0,0,4,"The FDA has approved pitolisant (Wakix) for excessive daytime sleepiness among patients with #narcolepsy. https://www.mdedge.com/clinicalneurologynews/article/206754/sleep-medicine/fda-approves-wakix-excessive-daytime-sleepiness",,,#narcolepsy,1163871093930811393,https://twitter.com/ClinNeuroNews/status/1163871093930811393
2019-08-20 17:51:07,MDedgeNeurology,,0,0,3,"The FDA has approved pitolisant (Wakix) for excessive daytime sleepiness among patients with #narcolepsy.",,,#narcolepsy,1163871093687500801,https://twitter.com/MDedgeNeurology/status/1163871093687500801
2019-08-20 16:44:28,Jersey_ShoreRx,,0,0,0,"The medication is titrated over three weeks however it may take up to eight weeks to see results of this medication. Wakix is not safe for everyone and can interact with several medications. Talk with your healthcare provider if you have questions about this medication. ⁣",,,,1163854321236303874,https://twitter.com/Jersey_ShoreRx/status/1163854321236303874
2019-08-20 16:44:27,Jersey_ShoreRx,,1,0,0,"People with EDS often feel tired during the day and have trouble staying focused and awake even if they got a full nights rest. Wakix is available in tablets and is taken once a day after waking up.",,,,1163854318493216773,https://twitter.com/Jersey_ShoreRx/status/1163854318493216773
2019-08-20 16:44:26,Jersey_ShoreRx,,1,0,0," Pharma News ⁣ ⁣ The FDA has approved a new medication for narcolepsy called Wakix (pitolisant) to Harmony Biosciences. The medication is approved to treat excessive daytime sleepiness (EDS) in adults with narcolepsy. ",,,,1163854314525401088,https://twitter.com/Jersey_ShoreRx/status/1163854314525401088
2019-08-20 12:42:28,DrDarrenRFlower,,0,0,0,"FDA has recently approved pitolisant (brand name: wakix), an inverse agonist of the H3 receptor, to treat daytime sleepiness in adult narcoleptics. https://lnkd.in/ePz9Xqc",,,,1163793422559383558,https://twitter.com/DrDarrenRFlower/status/1163793422559383558
2019-08-19 18:54:31,hazey_minds,,0,0,0,"FDA approved four days ago from what it looks a non controlled substance called Wakix that helps narcolepsy with cataplexy patients like myself. I need this shit",,,,1163524662049071108,https://twitter.com/hazey_minds/status/1163524662049071108
2019-08-19 14:45:28,ThePharmaLetter,,0,0,0,"Following US approval, Wakix faces competition in narcolepsy market, says analyst https://www.thepharmaletter.com/article/following-us-approval-wakix-faces-competition-in-narcolepsy-market-says-analyst @JazzPharma #pharma",,@JazzPharma,#pharma,1163461989131313153,https://twitter.com/ThePharmaLetter/status/1163461989131313153
2019-08-19 14:02:05,Pharmamarketeer,,0,0,0,"Harmony Biosciences gets US FDA approval for Wakix for treatment of excessive daytime sleepiness in adult with narcolepsy http://dlvr.it/RBV7DL",,,,1163451068002344962,https://twitter.com/Pharmamarketeer/status/1163451068002344962
2019-08-19 13:34:27,Pharmamarketeer,,0,0,0,"Harmony Biosciences gets US FDA approval for Wakix for treatment of excessive daytime sleepiness in adult with narcolepsy - ",,,,1163444114689536007,https://twitter.com/Pharmamarketeer/status/1163444114689536007
2019-08-19 13:02:19,vundi_dr,,0,0,0,"Harmony Biosciences scores first approval in narcolepsy med Wakix ",,,,1163436029623357441,https://twitter.com/vundi_dr/status/1163436029623357441
2019-08-19 11:39:23,medicaldialogs,,0,0,1,"Harmony Biosciences Announces FDA Approval Of WAKIX (pitolisant), A First-In-Class Medication For The Treatment Of Excessive Daytime Sleepiness In Adult Patients With Narcolepsy #harmonybioscience @US_FDA #wakix #pitolisant #sleeping #Narcolepsy https://business.medicaldialogues.in/harmony-biosciences-announces-fda-approval-of-wakix-pitolisant-a-first-in-class-medication-for-the-treatment-of-excessive-daytime-sleepiness-in-adult-patients-with-narcolepsy/",,@US_FDA,#harmonybioscience #wakix #pitolisant #sleeping #Narcolepsy,1163415157692743681,https://twitter.com/medicaldialogs/status/1163415157692743681
2019-08-19 11:20:53,Pharma_GD,,0,1,0,"Following #FDA approval, #Wakix will gain a small share of the #narcolepsy market, valued at $1.5bn in 2018 in the seven major markets. #HarmonyBiosciences",,,#FDA #Wakix #narcolepsy #HarmonyBiosciences,1163410501038223361,https://twitter.com/Pharma_GD/status/1163410501038223361
2019-08-19 02:55:01,MedscapePharm,,0,1,4," FDA OK’s Wakix for #narcolepsy. http://ms.spr.ly/6018T3dEA",,,#narcolepsy,1163283196051677189,https://twitter.com/MedscapePharm/status/1163283196051677189
2019-08-19 02:36:17,Ufc26,,1,0,0,"@BrandonPetersMD Do you think wakix will be more effective than Xyrem for eds?",,@BrandonPetersMD,,1163278482513809409,https://twitter.com/Ufc26/status/1163278482513809409
2019-08-18 18:29:16,NarcolepsyZzzzz,,0,0,3,"Good news for narcoleptics! A new #narcolepsy drug has been approved by the @US_FDA. ""FDA Okays Pitolisant (Wakix) for Narcolepsy"" (via @Medscape) — Wakix is the first and only non-scheduled treatment approved for patients with narcolepsy in the USA: ",,@US_FDA @Medscape,#narcolepsy,1163155921775845377,https://twitter.com/NarcolepsyZzzzz/status/1163155921775845377
2019-08-18 02:00:54,PHLBizJournal,,0,0,0,"Harmony Biosciences gets FDA OK for its narcolepsy drug Wakix. ",,,,1162907191000666112,https://twitter.com/PHLBizJournal/status/1162907191000666112
2019-08-17 16:02:00,medpagetoday,,0,2,1,"The @US_FDA has approved a first-in-class medication for #narcolepsy. #Wakix #medwtitter #meded #medstudent #medstudenttwitter",,@US_FDA,#narcolepsy #Wakix #medwtitter #meded #medstudent #medstudenttwitter,1162756473212014593,https://twitter.com/medpagetoday/status/1162756473212014593
2019-08-17 14:39:59,TrialsiteN,,0,0,0,"@HarmonyBiosci Announces FDA Approval of Wakix for Excessive Daytime Sleepiness in Adults with #Narcolepsy @wakenarcolepsy",,@HarmonyBiosci @wakenarcolepsy,#Narcolepsy,1162735830772768769,https://twitter.com/TrialsiteN/status/1162735830772768769
2019-08-17 11:05:27,pharmastate,,0,0,0,"Pharma Industry News @17 August 2019 | PharmaState - Sun Pharma &amp; CMS tie-up - AbbVie RA drug receives approval - Novo Nordisk sued #PharmaIndustryNews #PharmaState #Mallinckrodt #Inrebic #Wakix #NPPA #NovoNordisk #Lupin #AbbVie #SunPharma",,@17,#PharmaIndustryNews #PharmaState #Mallinckrodt #Inrebic #Wakix #NPPA #NovoNordisk #Lupin #AbbVie #SunPharma,1162681842090332160,https://twitter.com/pharmastate/status/1162681842090332160
2019-08-17 07:00:56,PHLBizJournal,,0,0,0,"Harmony Biosciences gets FDA OK for its narcolepsy drug Wakix. ",,,,1162620308932780033,https://twitter.com/PHLBizJournal/status/1162620308932780033
2019-08-16 19:03:39,Sleep_NP,,0,0,0,"Harmony Biosciences Announces FDA Approval of WAKIX | American Pharmaceutical Review - The Review of American Pharmaceutical Business &amp; Technology https://www.americanpharmaceuticalreview.com/1315-News/363569-Harmony-Biosciences-Announces-FDA-Approval-of-WAKIX/ via @American Pharmaceutical Review",,@American,,1162439797622923264,https://twitter.com/Sleep_NP/status/1162439797622923264
2019-08-16 15:21:00,MDMagazine,,0,0,0,"The US Food and Drug Administration (FDA) approved WAKIX (pitolisant) as the first treatment for patients with narcolepsy that is not scheduled as a controlled substance by the US Drug Enforcement Administration (DEA). ",,,,1162383764908937217,https://twitter.com/MDMagazine/status/1162383764908937217
2019-08-16 14:33:37,preipopharma,,0,1,0,"Harmony Biosciences Announces FDA Approval Of WAKIX® (Pitolisant), A First-In-Class Medication For The Treatment Of Excessive Daytime Sleepiness In Adult Patients With #Narcolepsy --- http://sumo.ly/13iyR --- #preIPO #biotech #pharmaceuticals",,,#Narcolepsy #preIPO #biotech #pharmaceuticals,1162371841241112576,https://twitter.com/preipopharma/status/1162371841241112576
2019-08-16 13:22:58,NarcolepsyNtwrk,,0,2,11,"We are very pleased that there will be a new medication for narcolepsy available soon! Harmony Biosciences announced that the FDA approved WAKIX (pitolisant). It will be available in the US in the 4th Quarter in 2019. ",,,,1162354062035169281,https://twitter.com/NarcolepsyNtwrk/status/1162354062035169281
2019-08-16 12:55:01,MedscapeNeuro,,0,0,2,"FDA OK’s Wakix for #narcolepsy. http://ms.spr.ly/6018T3dEm",,,#narcolepsy,1162347026316779520,https://twitter.com/MedscapeNeuro/status/1162347026316779520
2019-08-16 12:46:10,noosadel,,0,0,0,"#FDA Approves Wakix (pitolisant), a First-in-Class Medication for the Treatment of Excessive Daytime Sleepiness in Adult Patients with Narcolepsy",,,#FDA,1162344800408035329,https://twitter.com/noosadel/status/1162344800408035329
2019-08-16 12:30:29,SelectPHL,,0,0,0,"The FDA approved the Plymouth Meeting-based Harmony Biosciences sleep disorder drug called Wakix, which will treat excessive daytime sleepiness associated with narcolepsy. #GreaterHere #HealthCarePHL http://bit.ly/2ZegDyQ",,,#GreaterHere #HealthCarePHL,1162340854012493825,https://twitter.com/SelectPHL/status/1162340854012493825
2019-08-16 12:24:25,taylor_strategy,,0,1,0,"Such exciting news for Harmony Biosciences, LLC! ""WAKIX will be commercially available to healthcare professionals and appropriate patients in the U.S. in the fourth quarter of 2019."" http://ow.ly/j31850vzoBG",,,,1162339327260680193,https://twitter.com/taylor_strategy/status/1162339327260680193
2019-08-16 11:03:27,DM1research,,1,3,6,"Harmony Biosciences' Wakix approved by FDA for excessive daytime sleepiness associated with narcolepsy; plans to test drug in myotonic dystrophy https://www.bizjournals.com/philadelphia/news/2019/08/15/fda-approves-harmony-biosciences-sleep-disorder.html",,,,1162318951029891072,https://twitter.com/DM1research/status/1162318951029891072
2019-08-16 11:01:47,PHLBizJournal,,0,0,0,"Harmony Biosciences gets FDA OK for its narcolepsy drug Wakix. https://www.bizjournals.com/philadelphia/news/2019/08/15/fda-approves-harmony-biosciences-sleep-disorder.html?ana=TRUEANTHEMTWT_PL&amp;utm_campaign=trueAnthem%3A+Trending+Content&amp;utm_content=5d568d18a341320001ab287b&amp;utm_medium=trueAnthem&amp;utm_source=twitter",,,,1162318533210062849,https://twitter.com/PHLBizJournal/status/1162318533210062849
2019-08-16 10:30:53,PharmaTechFocus,,0,0,1,"FDA approves first non-controlled substance narcolepsy drug #firstnarcolepsydrug #Wakix #Harmonybiosciences #narcolepsytreatments",,,#firstnarcolepsydrug #Wakix #Harmonybiosciences #narcolepsytreatments,1162310753656999936,https://twitter.com/PharmaTechFocus/status/1162310753656999936
2019-08-16 09:48:02,cafepharma,,0,0,0,"Harmony crosses finish line with Wakix for narcolepsy http://dlvr.it/RBKlvW",,,,1162299972991111168,https://twitter.com/cafepharma/status/1162299972991111168
2019-08-16 09:23:10,GMPnewsNet,,0,0,0,"FDA Approved WAKIX® for the Treatment of Excessive Daytime Sleepiness - https://is.gd/3c6XTn",,,,1162293714519302144,https://twitter.com/GMPnewsNet/status/1162293714519302144
2019-08-16 08:48:03,PBIForum,,0,0,0,"Wakix approved for narcolepsy patients in US http://dlvr.it/RBKcRS",,,,1162284875132489731,https://twitter.com/PBIForum/status/1162284875132489731
2019-08-16 08:23:22,ThePharmaLetter,,0,0,0,"Novel #narcolepsy med to challenge blockbuster #Xyrem in #USA https://www.thepharmaletter.com/article/novel-narcolepsy-med-to-compete-with-blockbuster-xyrem-in-usa #HarmonyBiosciences @JazzPharma #neurology #pharma #research @US_FDA #USA #Wakix",,@JazzPharma @US_FDA,#narcolepsy #Xyrem #USA #HarmonyBiosciences #neurology #pharma #research #USA #Wakix,1162278663192100864,https://twitter.com/ThePharmaLetter/status/1162278663192100864
2019-08-16 06:00:09,Pharmachina365,,0,0,0,"FDA Approves Wakix (pitolisant), a First-in-Class Medication for the Treatment of Excessive Daytime Sleepiness in Adult Patients with Narcolepsyhttp://ow.ly/SH1L50vyUAI #FDA",,,#FDA,1162242624670982144,https://twitter.com/Pharmachina365/status/1162242624670982144
2019-08-16 05:47:12,davidjonasgold4,,0,0,0,"FDA Approves Wakix (pitolisant), a First-in-Class Medication for the Treatment of Excessive Daytime Sleepiness in Adult Patients with Narcolepsy ",,,,1162239363037589505,https://twitter.com/davidjonasgold4/status/1162239363037589505
2019-08-16 02:28:00,neurology_live,,0,1,1,"#ICYMI: The #FDA has approved Pitolisant (Wakix, Harmony Biosciences) for the treatment f excessive daytime sleepiness in adults with #narcolepsy. It is expected to be available in Q4 2019.",,,#ICYMI #FDA #narcolepsy,1162189233110605825,https://twitter.com/neurology_live/status/1162189233110605825
2019-08-16 00:05:00,Medscape,,2,2,15," FDA green lights Wakix for #narcolepsy. http://ms.spr.ly/6012T3dE0",,,#narcolepsy,1162153248201019392,https://twitter.com/Medscape/status/1162153248201019392
2019-08-15 23:45:01,DrugStoreNews,,0,0,0,"Wakix is the first and only non-scheduled treatment approved for patients with narcolepsy that is not scheduled as a controlled substance by the Drug Enforcement Administration, the company said. https://buff.ly/2Mk1TIn",,,,1162148218370691077,https://twitter.com/DrugStoreNews/status/1162148218370691077
2019-08-15 22:55:01,MedscapeNeuro,,0,0,8," FDA OK’s Wakix for #narcolepsy. http://ms.spr.ly/6017T3dEf",,,#narcolepsy,1162135634351448065,https://twitter.com/MedscapeNeuro/status/1162135634351448065
2019-08-15 22:50:45,fdadaily,,0,0,0,"FDA Approves Wakix (pitolisant), a First-in-Class Medication for the Treatment of Excessive Daytime Sleepiness in Adult Patients with Narcolepsy, ,",,,,1162134559858843648,https://twitter.com/fdadaily/status/1162134559858843648
2019-08-15 22:10:00,biospace,,0,1,2,"The FDA approved Wakix for the treatment of excessive daytime sleepiness in adult patients with narcolepsy. ",,,,1162124304324186112,https://twitter.com/biospace/status/1162124304324186112
2019-08-15 22:00:04,BioCentury,,0,0,0,"Harmony gets FDA approval for narcolepsy drug Wakix two years after it licensed U.S. rights, and after raising almost $300M https://buff.ly/2yZAKBN",,,,1162121807807361029,https://twitter.com/BioCentury/status/1162121807807361029
2019-08-15 21:26:29,DrugscomNew,,0,2,2,"FDA Approves Wakix (pitolisant), a First-in-Class Medication for the Treatment of Excessive Daytime Sleepiness in Adult Patients with Narcolepsy - ",,,,1162113353931730951,https://twitter.com/DrugscomNew/status/1162113353931730951
2019-08-15 21:26:28,Drugscom,,0,2,5,"FDA Approves Wakix (pitolisant), a First-in-Class Medication for the Treatment of Excessive Daytime Sleepiness in Adult Patients with Narcolepsy - ",,,,1162113352627302415,https://twitter.com/Drugscom/status/1162113352627302415
2019-08-15 20:42:57,project_sleep,,1,2,8,".@US_FDA approved WAKIX (pitolisant) for excessive daytime sleepiness in adults w/ #narcolepsy. Exciting news for pple w/ narcolepsy in the US as this histamine H3 receptor inverse agonist works via different mechanism of action than other current options:",,@US_FDA,#narcolepsy,1162102399319736325,https://twitter.com/project_sleep/status/1162102399319736325
2019-08-15 20:34:39,drfranktarazi,,0,0,0,"#FDA approved #WAKIX (pitolisant), a selective #histamine H₃ receptor antagonist/inverse agonist for treatment of excessive daytime #sleepiness (EDS) in adult patients with #narcolepsy! Advantage: WAKIX is the first non-scheduled drug approved for narcolepsy! ",,,#FDA #WAKIX #histamine #sleepiness #narcolepsy,1162100311755874304,https://twitter.com/drfranktarazi/status/1162100311755874304
2019-08-15 20:23:32,Chris_Benassi,,1,0,0,"This is cool... FDA approves histamine antagonist Wakix (pitolisant) for adults with narcolepsy, but this is NOT a controlled substance. This makes it the 1st/only narcolepsy treatment that isn't ""controlled"" ",,,,1162097514247532556,https://twitter.com/Chris_Benassi/status/1162097514247532556
2019-08-15 19:23:23,fwpharma,,0,0,0,"FDA clears Harmony Biosciences' WAKIX as first non-scheduled narcolepsy treatment in US ",,,,1162082377855918080,https://twitter.com/fwpharma/status/1162082377855918080
2019-08-15 17:50:00,FiercePharma,,0,1,0,"Harmony Biosciences scores first approval in narcolepsy med Wakix ",,,,1162058874242813952,https://twitter.com/FiercePharma/status/1162058874242813952
2019-08-15 16:47:16,MDMagazine,,0,0,0,"WAKIX is a selective histamine 3 (H₃) receptor antagonist/inverse agonist that works through a mechanism of action to increase the synthesis and release of histamine, a wake-promoting neurotransmitter in the brain. ",,,,1162043087729942538,https://twitter.com/MDMagazine/status/1162043087729942538
2019-08-15 16:19:58,BrainSightsApp,,0,0,0,"FDA Okays Pitolisant (Wakix) for Narcolepsy - Medscape - Neurology via BrainSights ",,,,1162036216495259653,https://twitter.com/BrainSightsApp/status/1162036216495259653
2019-08-15 16:15:38,md_surachai,,0,1,2,"Harmony Biosciences Announces FDA Approval Of WAKIX® (Pitolisant), A First-In-Class Medication Fo... https://finance.yahoo.com/news/harmony-biosciences-announces-fda-approval-120000845.html?soc_src=community&amp;soc_trk=tw ผ่าน @YahooFinance",,@YahooFinance,,1162035129050492933,https://twitter.com/md_surachai/status/1162035129050492933
2019-08-15 16:01:20,wakenarcolepsy,,0,1,1,"Harmony Biosciences Announces FDA Approval Of WAKIX (pitolisant), A First-In-Class Medication For The Treatment Of Excessive Daytime Sleepiness In Adult Patients With Narcolepsy https://www.harmonybiosciences.com/newsroom/harmony-biosciences-announces-fda-approval-of-wakix-r-pitolisant-a-first-in/",,,,1162031528735432704,https://twitter.com/wakenarcolepsy/status/1162031528735432704
2019-08-15 15:48:59,content_catcher,,0,0,0,"FDA Okays Pitolisant (Wakix) for Narcolepsy: The US Food and Drug Administration (FDA) has… https://goo.gl/fb/m8Yhrg",,,,1162028418810155009,https://twitter.com/content_catcher/status/1162028418810155009
2019-08-15 15:41:38,MaxResearch,neurology_live,0,0,0,"CONGRATULATIONS, #HarmonyBiosciences on the approval of #WAKIX ! #LifeSciencesPA",,,#HarmonyBiosciences #WAKIX #LifeSciencesPA,1162026570086801409,https://twitter.com/MaxResearch/status/1162026570086801409
2019-08-15 15:37:29,AmPharmRev,,0,0,0,"#HarmonyBiosciences Announces @US_FDA Approval of #WAKIX ",,@US_FDA,#HarmonyBiosciences #WAKIX,1162025527361843206,https://twitter.com/AmPharmRev/status/1162025527361843206
2019-08-15 14:57:42,drhatton,,0,0,0,"#FDAapproves #Wakix (@pitolisant) for excessive daytime sleepiness in adults with #narcolepsy. Do you know how to say the generic name? pih-TAWL-uh-sant #pronunciation #ProNounce #ProDataHealth",,,#FDAapproves #Wakix #narcolepsy #pronunciation #ProNounce #ProDataHealth,1162015515558080513,https://twitter.com/drhatton/status/1162015515558080513
2019-08-15 14:18:29,Sleepy_Shannon3,,2,4,16,"It's an AMAZING day for the #narcolepsy community! I'm ecstatic to share that #pitolisant (wakix) has been granted approval by the FDA for treatment of narcolepsy in the US! #advocacy #raredisease #sleep #harmonybiosciences #sleepdisorder #sleepmatters",,,#narcolepsy #pitolisant #advocacy #raredisease #sleep #harmonybiosciences #sleepdisorder #sleepmatters,1162005643848552448,https://twitter.com/Sleepy_Shannon3/status/1162005643848552448
2019-08-15 14:15:06,_timos_,,0,2,0,"Harmony Biosciences scores first approval in narcolepsy med Wakix http://dlvr.it/RBHLYg &gt;&gt;&gt; http://lqventures.com #strategy #competitiveintelligence #marketing #biotech #healthcare #pharmaceutical #pharma #CI",,,#strategy #competitiveintelligence #marketing #biotech #healthcare #pharmaceutical #pharma #CI,1162004793100922881,https://twitter.com/_timos_/status/1162004793100922881
2019-08-15 14:08:12,neurology_live,,0,5,8,"The #FDA has approved Pitolisant (Wakix, Harmony Biosciences) for the treatment f excessive daytime sleepiness in adults with #narcolepsy. It is the first narcoleptic therapy not scheduled as a controlled substance by the DEA.",,,#FDA #narcolepsy,1162003059381329922,https://twitter.com/neurology_live/status/1162003059381329922
2019-08-15 14:07:22,byMattHoffman,,0,1,1,"#FDA news! Pitolisant (Wakix, Harmony Bio) has been given the OK for excessive daytime sleepiness in #narcolepsy. It's also the first narcoleptic therapy not scheduled as controlled by the DEA. https://www.neurologylive.com/clinical-focus/pitolisant-approved-for-excessive-daytime-sleepiness-in-narcolepsy",,,#FDA #narcolepsy,1162002849561227265,https://twitter.com/byMattHoffman/status/1162002849561227265
2019-08-15 13:16:29,PHLBizJournal,,0,0,1,"Harmony Biosciences gets FDA OK for its narcolepsy drug Wakix. ",,,,1161990043008942080,https://twitter.com/PHLBizJournal/status/1161990043008942080
2019-08-15 13:12:59,tw_labofine,,0,0,0,"Harmony Biosciences scores first approval in narcolepsy med Wakix ",,,,1161989161215303680,https://twitter.com/tw_labofine/status/1161989161215303680
2019-08-15 13:07:43,EURegulatory,,0,0,0,"Harmony Biosciences scores first approval in narcolepsy med Wakix: https://ift.tt/2OY3SEr #pharma #regulatory",,,#pharma #regulatory,1161987836301774849,https://twitter.com/EURegulatory/status/1161987836301774849
2019-08-15 13:05:34,KKurbs,,0,0,1,"Harmony Biosciences scores first approval in narcolepsy med Wakix http://twib.in/l/LL4j6keepABR #pharma",,,#pharma,1161987296243175428,https://twitter.com/KKurbs/status/1161987296243175428
2019-08-15 12:53:45,HSMN_com,,0,0,0,"HSMN: Harmony Biosciences Announces FDA Approval Of WAKIX(R) (Pitolisant), A First-In-Class Medication For The Treatment Of Excessive Daytime Sleepiness In Adult Patients With Narcolepsy https://shar.es/aX2tUg",,,,1161984322833960960,https://twitter.com/HSMN_com/status/1161984322833960960
2019-08-15 12:16:03,pharminews,,0,0,0,"Harmony Biosciences Announces FDA Approval Of WAKIX® (Pitolisant), A First-In-Class Medication For The Treatment Of Excessive Daytime Sleepiness In Adult Patients With Narcolepsy - http://zpr.io/gWbDZ #pharma #news",,,#pharma #news,1161974832931725312,https://twitter.com/pharminews/status/1161974832931725312
2019-08-09 17:02:55,sptechnologu,,0,0,0,"WAKIX 18MG FILM-COATED TABLETS 30 https://www.dockpharmacy.com/product/wakix-18mg-film-coated-tablets-30/",,,,1159872700527054848,https://twitter.com/sptechnologu/status/1159872700527054848
2019-08-09 11:21:55,assetchemist,,0,0,0,"WAKIX 18MG FILM-COATED TABLETS 30 ",,,,1159786884505264128,https://twitter.com/assetchemist/status/1159786884505264128
2019-08-06 07:33:50,ChezRiasLoots,N4XTW,1,0,0,"xShonan_no_wakix",,,,1158642322948517889,https://twitter.com/ChezRiasLoots/status/1158642322948517889
2019-06-22 10:18:02,LouisChaz,,0,0,0,"This is a classic case of narcolepsy...the orexin gene needs to be checked in this dog...as seen with narcoleptic Doberman dogs...new narcolepsy drug for humans, Wakix (H3 histamine receptor antagonist) could sort him out... ",,,,1142376189853675521,https://twitter.com/LouisChaz/status/1142376189853675521
2019-06-03 09:57:05,NYT_said_where,NYT_first_said,0,2,2,"""…benefits in three Prader-Willi children of the drug pitolisant (Wakix)."" occurred in: ",,,,1135485547726757888,https://twitter.com/NYT_said_where/status/1135485547726757888
2019-04-27 19:34:57,KapitalLink_360,,0,0,0,"Reposted from official_wakix - - #Uniabuja_malo #NorthNow #regrann @Federal Capital Territory, Nigeria https://www.instagram.com/p/BwxVnmjgbc0/?igshid=1ay1s0ws1ccjk",,,#Uniabuja_malo #NorthNow #regrann,1122222622295543809,https://twitter.com/KapitalLink_360/status/1122222622295543809
2019-04-11 21:48:17,KapitalLink_360,,0,0,0,"Reposted from official_wakix - - #Uniabuja_malo #NorthNow #regrann @Federal Capital Territory, Nigeria https://www.instagram.com/p/BwIYKc8gQc4/?utm_source=ig_twitter_share&amp;igshid=gqkmkwhm2imm",,,#Uniabuja_malo #NorthNow #regrann,1116457968772485120,https://twitter.com/KapitalLink_360/status/1116457968772485120
2019-04-02 10:56:03,AllisonsChemist,PharmRJ,2,0,1,"Me too when I first saw it but knowing the patient and seeing the brand name Wakix were decent clues.",,,,1113032338039025665,https://twitter.com/AllisonsChemist/status/1113032338039025665
2018-12-21 02:16:46,alexhaagaard,alexhaagaard,1,0,1,"So basically, my mast cells dumping histamine erratically into my hypothalamus over the course of years destroyed my circadian rhythm. There's a narcolepsy drug approved for use in the EU / UK called Wakix (generic name is pitolisant).",,,,1075938093834878977,https://twitter.com/alexhaagaard/status/1075938093834878977
2018-06-09 08:30:13,alexhaagaard,alexhaagaard,1,0,2,"Part of the reason I began thinking about all of this is that a new narcolepsy drug called pitolisant (or Wakix) was recently approved in the UK and EU - and it blocks the H3 receptor on those hypothalamic neurons.",,,,1005366441560952834,https://twitter.com/alexhaagaard/status/1005366441560952834
2018-03-25 15:16:17,721News,,0,0,0,"AOP Orphan and Bioprojet Pharma SAS entered a distribution agreement for Wakix ",,,,977927154334879744,https://twitter.com/721News/status/977927154334879744
2018-03-25 15:00:34,sxmpaparazzi,,0,0,0,"AOP Orphan and Bioprojet Pharma SAS entered a distribution agreement for Wakix https://721news.com/world-news/aop-orphan-and-bioprojet-pharma-sas-entered-a-distribution-agreement-for-wakix/ https://721news.com/world-news/aop-orphan-and-bioprojet-pharma-sas-entered-a-distribution-agreement-for-wakix/",,,,977923200247058432,https://twitter.com/sxmpaparazzi/status/977923200247058432
2018-03-24 14:24:00,sxm_news,,0,1,0,"AOP Orphan and Bioprojet Pharma SAS entered a distribution agreement for Wakix http://dlvr.it/QMDpnh (@721 News)",,,,977551609885483008,https://twitter.com/sxm_news/status/977551609885483008
2018-03-22 14:20:15,pragenturcc,,0,0,0,"AOP Orphan and Bioprojet Pharma SAS entered a distribution agreement for Wakix® - ",,,,976825892340199425,https://twitter.com/pragenturcc/status/976825892340199425
2018-03-22 11:53:03,NewsfoxPress,,0,0,0,"AOP Orphan and Bioprojet Pharma SAS entered a distribution agreement for Wakix®. http://bit.ly/2pvtrgR",,,,976788847324475392,https://twitter.com/NewsfoxPress/status/976788847324475392
2018-03-22 11:53:03,pressetext_pts,,0,0,0,"AOP Orphan and Bioprojet Pharma SAS entered a distribution agreement for Wakix®. http://bit.ly/2pvtrgR",,,,976788845135126533,https://twitter.com/pressetext_pts/status/976788845135126533
2018-03-22 11:40:04,AT_SocialMedia,,0,0,0,"AOP Orphan and Bioprojet Pharma SAS entered a distribution agreement for Wakix® ",,,,976785577801498624,https://twitter.com/AT_SocialMedia/status/976785577801498624
2018-03-22 11:30:09,pressetext_pts,,0,0,0,"AOP Orphan and Bioprojet Pharma SAS entered a distribution agreement for Wakix®. http://bit.ly/2G4EHHC",,,,976783083100954630,https://twitter.com/pressetext_pts/status/976783083100954630
2018-02-21 22:10:23,kinkybambou,lesdetetproches,2,0,0,"Wakix ?",,,,966434957206933504,https://twitter.com/kinkybambou/status/966434957206933504
2018-01-22 20:50:48,DrJaneBlackwell,,0,0,4,"""Long-term evaluation of safety and efficacy of pitolisant (wakix®), an histamine H3R antagonist, in narcolepsy"" http://www.sleep-journal.com/article/S1389-9457(17)30648-2/fulltext?rss=yes",,,,955543292988436481,https://twitter.com/DrJaneBlackwell/status/955543292988436481
2017-12-31 21:36:54,pemiranpomea,,0,0,0,"Wakix/pitolisant: my one-month experience http://bit.ly/2C2Wvk2",,,,947582358886240257,https://twitter.com/pemiranpomea/status/947582358886240257
2017-12-31 19:26:18,NootropicReddit,,0,0,0,"Wakix/pitolisant: my one-month experience via /r/Nootropics ",,,,947549492861177858,https://twitter.com/NootropicReddit/status/947549492861177858
2017-12-31 19:02:33,medcobracom,,0,0,0,"Wakix/pitolisant: my one-month experience http://ift.tt/2CqX9LR",,,,947543516590329856,https://twitter.com/medcobracom/status/947543516590329856
2017-12-31 19:01:21,nzt48nootropics,,0,0,0,"Wakix/pitolisant: my one-month experience http://ift.tt/2CqX9LR",,,,947543216156319744,https://twitter.com/nzt48nootropics/status/947543216156319744
2017-11-13 18:42:44,alexhaagaard,,1,2,15,"There's another new drug, called Wakix, which targets the H3 histamine receptor in the brain. As a narcoleptic who also has mast cell activation syndrome, I am MIGHTY intrigued by this drug. Unfortunately, it's only been approved in the EU to date.",,,,930143912173465600,https://twitter.com/alexhaagaard/status/930143912173465600
2017-10-12 10:09:07,mangochutney,,0,0,0,"@thefrogfeed Ever heard of “Wakix” against narcolepsy? Drug from France, purpose-built against narcolepsy and seems to be working well.",,@thefrogfeed,,918418242359656448,https://twitter.com/mangochutney/status/918418242359656448
2017-07-18 10:19:07,kinkybambou,un_ouragan,1,0,0,"Wakix.",,,,887255402433441792,https://twitter.com/kinkybambou/status/887255402433441792
2017-04-19 14:53:44,alexhaagaard,alexhaagaard,2,0,0,"In the UK, there's a drug called Wakix (pitolisant) that I'm actually really curious about bc it's a hypothalamic targeted antihistamine &gt;",,,,854709604458127361,https://twitter.com/alexhaagaard/status/854709604458127361
2017-03-11 02:26:32,tripdatabase,,0,0,0,"New2Trip: Pitolisant (Wakix) - Treatment of narcolepsy w/ or without cataplexy in adults http://bit.ly/2noDt06",,,,840388438914433024,https://twitter.com/tripdatabase/status/840388438914433024
2017-03-02 18:58:04,alexhaagaard,alexhaagaard,1,0,0,"such as modafinil & stimulants, which tend to be less effective & have worse side effects, b4 allowing access to Xyrem & Wakix",,,,837376479172362243,https://twitter.com/alexhaagaard/status/837376479172362243
2017-03-02 18:56:42,alexhaagaard,alexhaagaard,1,0,1,"There is a new drug called pitolisant (Wakix), which seems promising, but it's only available in UK / EU so far.",,,,837376132316073991,https://twitter.com/alexhaagaard/status/837376132316073991
2017-01-31 09:10:36,capitalpublicat,,0,0,0,"A New Study Published by The Lancet Neurology Shows Efficacy of Pitolisant (Wakix®) on Cataplexy in Patients… ",,,,826356999080333312,https://twitter.com/capitalpublicat/status/826356999080333312
2017-01-26 08:05:23,DrJaneBlackwell,,0,0,0,"Study Shows Efficacy of Pitolisant (Wakix) on Cataplexy in Patients with Narcolepsy ",,,,824528647004491776,https://twitter.com/DrJaneBlackwell/status/824528647004491776
2017-01-25 14:22:04,mb_Neurology,,0,0,0,"A New Study Published by The Lancet Neurology Shows Efficacy of Pitolisant (Wakix®) on Cataplexy in… http://dlvr.it/NC3q2D #MedicBoard",,,#MedicBoard,824261055329116160,https://twitter.com/mb_Neurology/status/824261055329116160
2017-01-25 13:24:33,NeurosciView,,0,0,0,"A New Study Published by The Lancet Neurology Shows Efficacy of Pitolisant (Wakix®) on Cataplexy in Patients with… http://dlvr.it/NC2h1F",,,,824246580505026561,https://twitter.com/NeurosciView/status/824246580505026561
2017-01-25 12:06:04,Neuroscience36,,0,1,0,"A New Study Published by The Lancet Neurology Shows Efficacy of Pitolisant (Wakix®) on Cataplexy in Patients with… http://dlvr.it/NC12XG",,,,824226831456800768,https://twitter.com/Neuroscience36/status/824226831456800768
2017-01-25 12:00:17,mb_Neurology,,0,0,0,"A New Study Published by The Lancet Neurology Shows Efficacy of Pitolisant (Wakix®) on Cataplexy in… http://dlvr.it/NC0w8g #MedicBoard",,,#MedicBoard,824225374225645569,https://twitter.com/mb_Neurology/status/824225374225645569
2017-01-25 10:12:46,RazzleTazzleMag,,0,0,0,"A New Study Published by The Lancet Neurology Shows Efficacy of Pitolisant (Wakix®) on Cataplexy in Patients… http://razzletazzle.com/showbiz-rightnow/a-new-study-published-by-the-lancet-neurology-shows-efficacy-of-pitolisant-wakix-on-cataplexy-in-patients-with-narcolepsy/2017/01/25/",,,,824198318129631232,https://twitter.com/RazzleTazzleMag/status/824198318129631232
2017-01-25 10:03:16,FN_News_en,,0,0,0,"A New Study Published by The Lancet Neurology Shows Efficacy of Pitolisant (Wakix®) on Cataplexy in Patients w http://www.finanznachrichten.de/nachrichten-2017-01/39751356-a-new-study-published-by-the-lancet-neurology-shows-efficacy-of-pitolisant-wakix-on-cataplexy-in-patients-with-narcolepsy-008.htm",,,,824195925442777088,https://twitter.com/FN_News_en/status/824195925442777088
2016-11-23 09:58:49,payers_insights,,0,0,1,"Pitolisant #Wakix® for #narcolepsy with &amp; without #cataplexy: GBA finds reduction in excessive daytime #sleepiness in comparison to #placebo",,,#Wakix #narcolepsy #cataplexy #sleepiness #placebo,801364372765478916,https://twitter.com/payers_insights/status/801364372765478916
2016-09-17 09:25:35,WayOfThePanda,,0,0,2,"Pitolisant (Wakix) is the latest drug for narcolepsy. But is now priced at a similar level to sodium oxybate Xyrem #NUK2016",,,#NUK2016,777076020830691328,https://twitter.com/WayOfThePanda/status/777076020830691328
2016-09-11 20:24:06,rusthackreport,,0,0,0,"""Wakix"" was banned http://zpr.io/PnPmB",,,,775067417269723136,https://twitter.com/rusthackreport/status/775067417269723136
2016-09-09 15:31:09,marcolipsey,,0,2,4,"Pitolisant / Wakix® Update - Narcolepsy UK http://www.narcolepsy.org.uk/blog/pitolisant-wakix%C2%AE-update-0",,,,774268917594329090,https://twitter.com/marcolipsey/status/774268917594329090
2016-08-17 08:30:29,payers_insights,,0,0,0,"Do you want a quick overview of payers’ opinions on the potential benefit of Pitolisant - Wakix®? Free Resgistration http://bit.ly/pitolisant",,,,765828132637184000,https://twitter.com/payers_insights/status/765828132637184000
2016-05-25 18:53:42,NarcolepsyUK,,1,2,2,"Here is an update on UK patient acccess to Wakix or Pitilosant to treat #narcolepsy http://www.narcolepsy.org.uk/blog/pitilosant-wakix%C2%AE-update",,,#narcolepsy,735544387174817794,https://twitter.com/NarcolepsyUK/status/735544387174817794
2016-05-18 05:26:45,tripdatabase,,0,3,1,"New2Trip: Wakix - pitolisant. Narcolepsy http://bit.ly/23G7v2y",,,,732804595307667457,https://twitter.com/tripdatabase/status/732804595307667457
2016-04-17 12:56:31,tripdatabase,,0,0,0,"New2Trip: Wakix - pitolisant. Narcolepsy http://bit.ly/23G7v2y",,,,721683762896105472,https://twitter.com/tripdatabase/status/721683762896105472
2016-04-13 15:43:20,EMA_News,,0,2,3,"We've published the EPAR for #Wakix (#pitolisant), a #medicine to treat adults with #narcolepsy, a sleep disorder: http://bit.ly/1qI0U5T",,,#Wakix #pitolisant #medicine #narcolepsy,720276191052226560,https://twitter.com/EMA_News/status/720276191052226560
2015-11-24 11:55:04,AcademiaGoFIR,,0,0,0,"EMA Recommends Approval of Pitolisant (Wakix) for Narcolepsy http://www.medscape.com/viewarticle/854782?nlid=91866_3663&amp;src=wnl_edit_newsal&amp;uac=76604PT&amp;impID=896049&amp;faf=1?src=sttwit",,,,669122054579339266,https://twitter.com/AcademiaGoFIR/status/669122054579339266
2015-11-24 06:40:00,campharm,,0,0,0,"EMA Recommends Approval of Pitolisant (Wakix) for Narcolepsy http://www.medscape.com/viewarticle/854782?src=sttwit",,,,669042767516082176,https://twitter.com/campharm/status/669042767516082176
2015-11-23 16:24:45,Viglya,,0,0,1,"#EMA: #Narcolepsy treatment recommended for approval http://j.mp/1STk7JM #drugapprovals #Wakix",,,#EMA #Narcolepsy #drugapprovals #Wakix,668827534231011328,https://twitter.com/Viglya/status/668827534231011328
2015-11-23 10:13:06,Cortellis,,0,0,2,"EMA recommends grant of marketing authorization for Bioprojet Pharma’s Wakix (pitolisant) for narcolepsy with or without cataplexy",,,,668734007052509185,https://twitter.com/Cortellis/status/668734007052509185
2015-11-23 07:15:10,doctor_shari,,0,0,2,"New hope for #narcolepsy EMA Recommends Approval of Pitolisant (Wakix) for Narcolepsy http://www.medscape.com/viewarticle/854782",,,#narcolepsy,668689228650295296,https://twitter.com/doctor_shari/status/668689228650295296
2015-11-22 16:39:01,baframa,,0,0,0,"EMA Recommends Approval of Pitolisant (Wakix) for Narcolepsy http://ln.is/www.medscape.com/vie/TnpSW",,,,668468737570377728,https://twitter.com/baframa/status/668468737570377728
2015-11-22 11:58:40,ErthNet,,0,0,0,"EMA Recommends Approval of Pitolisant (Wakix) for Narcolepsy http://fb.me/7ybIpiSat",,,,668398188320063489,https://twitter.com/ErthNet/status/668398188320063489
2015-11-21 22:35:09,PMLiVEcom,,0,0,1,"Wakix backed for European approval in narcolepsy http://buff.ly/1SMcsNo #pharma #rarediseases",,,#pharma #rarediseases,668195975467548672,https://twitter.com/PMLiVEcom/status/668195975467548672
2015-11-21 10:54:06,AMPS_asso,,0,0,1,"EMA Recommends Approval of Pitolisant (Wakix) for Narcolepsy http://fb.me/7wMROXJIv",,,,668019549082681344,https://twitter.com/AMPS_asso/status/668019549082681344
2015-11-21 10:03:15,CarlotaBernal,,0,0,1,"EMA Recommends Approval of #Pitolisant (Wakix), first-in-class medicine for the treatment of #Narcolepsy",,,#Pitolisant #Narcolepsy,668006752001114112,https://twitter.com/CarlotaBernal/status/668006752001114112
2015-11-21 06:02:24,accidental_muse,,0,0,1,"EMA Recommends Approval of #Pitolisant (Wakix) for #Narcolepsy http://www.medscape.com/viewarticle/854782?src=sttwit",,,#Pitolisant #Narcolepsy,667946142211026945,https://twitter.com/accidental_muse/status/667946142211026945
2015-11-21 01:50:20,ResetTx,,0,1,0,"EMA Recommends Approval of Pitolisant (Wakix) for Narcolepsy - http://www.medscape.com/viewarticle/854782",,,,667882706328420352,https://twitter.com/ResetTx/status/667882706328420352
2015-11-20 21:37:51,Dra_TeraizaMesa,,0,0,1,"EMA Recommends Approval of #Pitolisant (Wakix) for #Narcolepsy http://www.medscape.com/viewarticle/854782",,,#Pitolisant #Narcolepsy,667819166410276864,https://twitter.com/Dra_TeraizaMesa/status/667819166410276864
2015-11-20 21:00:45,PotardDechaine,Medscape,0,0,0,"@Medscape Wakix? Is it sime kind of practical joke?",,@Medscape,,667809829969235969,https://twitter.com/PotardDechaine/status/667809829969235969
2015-11-20 20:12:38,NikCharles310,,0,0,1,"Wakix backed for European approval in narcolepsy: Bioprojet Pharma’s orphan drug given a positive op... http://bit.ly/1QSZQ8H by PMLive",,,,667797719876943872,https://twitter.com/NikCharles310/status/667797719876943872
2015-11-20 19:27:04,MedscapePsych,,0,1,1,"EMA recommends approval of first-in-class drug pitolisant (Wakix) for #narcolepsy http://wb.md/1S9nA6O",,,#narcolepsy,667786255032152064,https://twitter.com/MedscapePsych/status/667786255032152064
2015-11-20 19:27:04,MedscapePharm,,0,0,3,"EMA recommends approval of first-in-class drug pitolisant (Wakix) for #narcolepsy http://wb.md/1S9nA6O",,,#narcolepsy,667786255002824704,https://twitter.com/MedscapePharm/status/667786255002824704
2015-11-20 19:27:04,MedscapeNeuro,,0,0,1,"EMA recommends approval of first-in-class drug pitolisant (Wakix) for #narcolepsy http://wb.md/1S9nA6O",,,#narcolepsy,667786254222647297,https://twitter.com/MedscapeNeuro/status/667786254222647297
2015-11-20 19:27:04,MedscapeIM,,0,0,1,"EMA recommends approval of first-in-class drug pitolisant (Wakix) for #narcolepsy http://wb.md/1S9nA6O",,,#narcolepsy,667786254151380993,https://twitter.com/MedscapeIM/status/667786254151380993
2015-11-20 19:27:04,MedscapeNurses,,0,1,1,"EMA recommends approval of first-in-class drug pitolisant (Wakix) for #narcolepsy http://wb.md/1S9nA6O",,,#narcolepsy,667786254071652352,https://twitter.com/MedscapeNurses/status/667786254071652352
2015-11-20 19:27:04,MedscapeFM,,0,0,1,"EMA recommends approval of first-in-class drug pitolisant (Wakix) for #narcolepsy http://wb.md/1S9nA6O",,,#narcolepsy,667786253954252800,https://twitter.com/MedscapeFM/status/667786253954252800
2015-11-20 19:27:04,Medscape,,1,0,2,"EMA recommends approval of first-in-class drug pitolisant (Wakix) for #narcolepsy",,,#narcolepsy,667786253895528448,https://twitter.com/Medscape/status/667786253895528448
2015-11-20 18:05:10,Dominic_Tyer,,0,0,1,"Wakix backed for European approval in narcolepsy http://buff.ly/1kL45Y1 #pharma #rarediseases",,,#pharma #rarediseases,667765642779586560,https://twitter.com/Dominic_Tyer/status/667765642779586560
2015-11-20 17:52:40,pharmazita,,0,0,1,"Wakix backed for European approval in narcolepsy - PMLiVE http://fb.me/7HV0CFjzN",,,,667762497202561024,https://twitter.com/pharmazita/status/667762497202561024
2015-11-20 17:22:36,chanivito,,0,0,1,"EMA Recommends Approval of Pitolisant (Wakix) for Narcolepsy http://wb.md/1QT6rjw",,,,667754931001016320,https://twitter.com/chanivito/status/667754931001016320
2015-11-20 17:00:22,danvantri,,0,0,1,"Orphan drug Wakix backed for European approval in narcolepsy - http://bit.ly/1lz0DzH",,,,667749335787044864,https://twitter.com/danvantri/status/667749335787044864
2015-11-20 16:43:22,whowho232,,0,0,1,"Orphan drug Wakix backed for European approval in narcolepsy: Bioprojet Pharma’s drug given positive opinion by CHMP ",,,,667745055902330880,https://twitter.com/whowho232/status/667745055902330880
2015-10-12 09:37:58,whambamboogie,,0,0,0,"Although #Wakix turned out to be no med for me, it might help *you*. Some narcos gave good feedback, so if you're in Europe, check it out.",,,#Wakix,653504873682616321,https://twitter.com/whambamboogie/status/653504873682616321
2015-08-26 08:12:03,whambamboogie,,0,0,0,"Upped my dose of Wakix today, and felt woozy for quite some time. #narcolepsyyousillybitch",,,#narcolepsyyousillybitch,636451024513986560,https://twitter.com/whambamboogie/status/636451024513986560
2015-05-04 19:06:57,whambamboogie,,0,0,0,"Had a very good first day on #Wakix After 8 hours a micronap hit, but that's it. No side effects. √",,,#Wakix,595303618955354112,https://twitter.com/whambamboogie/status/595303618955354112
2015-04-27 17:00:58,whambamboogie,,0,0,0,"No Wakix for me. *crying*",,,,592735199554863105,https://twitter.com/whambamboogie/status/592735199554863105
2015-03-30 13:26:43,whambamboogie,whambamboogie,0,0,1,".@wehaveourhopes The drug will be made available in Germany in April 2015. #narcolepsy #wakix #Narkolepsie",,,#narcolepsy #wakix #Narkolepsie,582534420277682177,https://twitter.com/whambamboogie/status/582534420277682177
2015-03-20 02:18:54,whambamboogie,,0,0,0,"Scientific talks with THE doc are the best. Wakix soon.",,,,578742482348974081,https://twitter.com/whambamboogie/status/578742482348974081
2015-01-04 18:00:57,LifeLoco,,0,0,0,"jus wakix up ix the morxix gota thaxk God,i doxt kxo but today seems kixda odd",,,,551800463113211904,https://twitter.com/LifeLoco/status/551800463113211904
2015-01-03 05:59:02,whambamboogie,,0,0,0,"Together with #pitolisant (#wakix) that'll be introduced soon, this is extremely good news me thinks.",,,#pitolisant #wakix,551256400392093697,https://twitter.com/whambamboogie/status/551256400392093697
2014-12-06 01:38:29,taylorndalton,whambamboogie,1,0,0,"@thesameoldsmile what's wakix? I still have nightmares on Xyrem.",,,,541043970831564801,https://twitter.com/taylorndalton/status/541043970831564801
2014-12-06 01:21:24,whambamboogie,,1,0,0,"It'd be great to have no nightmares, but then I'm not so desperate yet to knock myself out completely. #xyrem Waiting for #wakix in Jan.",,,#xyrem #wakix,541039671497592832,https://twitter.com/whambamboogie/status/541039671497592832
2013-10-19 21:14:43,waqarsaghir1,,1,0,0,"@Bob_x1 @zainabtanvir not that am know as wakix or ox for some reasen",,@bob_x1 @zainabtanvir,,391673792553967616,https://twitter.com/waqarsaghir1/status/391673792553967616
2013-08-23 00:41:40,JenaIM_,,0,0,0,"Wakix.",,,,370707377906917376,https://twitter.com/JenaIM_/status/370707377906917376
2013-05-10 20:29:11,yohann190,Tonioo25,1,0,0,"@eXe_Tonio ms_wakix",,@eXe_Tonio,,332955499760865280,https://twitter.com/yohann190/status/332955499760865280
2012-06-08 01:58:48,Genesislcm_,,0,0,0,"WAKIX!",,,,210913740508512258,https://twitter.com/Genesislcm_/status/210913740508512258
2012-06-04 01:26:14,Alejandrassnm,,0,0,0,"@don_waka Don Wakix &lt;3",,@don_waka,,209455992054874112,https://twitter.com/Alejandrassnm/status/209455992054874112
2012-03-30 11:41:31,Jkid124,,0,0,0,"#UnexpectedArrival uaha HHS wakix",,,#UnexpectedArrival,185693234746494977,https://twitter.com/Jkid124/status/185693234746494977
2011-11-14 23:13:40,Didou_L,,1,0,0,"Ces amours @aliberrada @manau5 @wakiX &lt;3",,@aliberrada @manau5 @Wakix,,136220281344770049,https://twitter.com/Didou_L/status/136220281344770049
2011-08-07 02:44:28,Didou_L,aliberrada,1,0,0,"@aliberrada habibi it was a pleasure too :) hope to see u in better fuckin' mood ! et jibou lia manau et wakix twe7echt8oum",,@aliberrada,,100034543813275648,https://twitter.com/Didou_L/status/100034543813275648
2010-11-24 18:32:32,jayydreams,,0,0,0,"Beex wakix up . With heAdaces ' is that bad ?? :/",,,,7501840891514880,https://twitter.com/jayydreams/status/7501840891514880
